ISO-10303-21;
HEADER;
FILE_DESCRIPTION((''),'2;1');
FILE_NAME('C-1-1735042-0','2014-09-25T',('workeradm'),('Tyco Electronics Ltd.'),
'PRO/ENGINEER BY PARAMETRIC TECHNOLOGY CORPORATION, 2014090',
'PRO/ENGINEER BY PARAMETRIC TECHNOLOGY CORPORATION, 2014090','');
FILE_SCHEMA(('AUTOMOTIVE_DESIGN { 1 0 10303 214 1 1 1 1 }'));
ENDSEC;
DATA;
#134=DIRECTION('',(0.E0,0.E0,-1.E0));
#135=VECTOR('',#134,5.6E0);
#136=CARTESIAN_POINT('',(-6.E0,1.E0,0.E0));
#137=LINE('',#136,#135);
#138=DIRECTION('',(0.E0,-1.E0,0.E0));
#139=VECTOR('',#138,2.1E0);
#140=CARTESIAN_POINT('',(-6.E0,1.E0,0.E0));
#141=LINE('',#140,#139);
#142=DIRECTION('',(0.E0,0.E0,-1.E0));
#143=VECTOR('',#142,1.35E0);
#144=CARTESIAN_POINT('',(-6.E0,-1.1E0,0.E0));
#145=LINE('',#144,#143);
#146=DIRECTION('',(0.E0,-1.E0,0.E0));
#147=VECTOR('',#146,4.E-1);
#148=CARTESIAN_POINT('',(-6.E0,-1.1E0,-1.35E0));
#149=LINE('',#148,#147);
#150=DIRECTION('',(0.E0,0.E0,-1.E0));
#151=VECTOR('',#150,4.25E0);
#152=CARTESIAN_POINT('',(-6.E0,-1.5E0,-1.35E0));
#153=LINE('',#152,#151);
#154=DIRECTION('',(0.E0,1.E0,0.E0));
#155=VECTOR('',#154,2.5E0);
#156=CARTESIAN_POINT('',(-6.E0,-1.5E0,-5.6E0));
#157=LINE('',#156,#155);
#158=DIRECTION('',(0.E0,-1.E0,0.E0));
#159=VECTOR('',#158,3.936491673104E-1);
#160=CARTESIAN_POINT('',(4.285E0,1.5E0,-5.6E0));
#161=LINE('',#160,#159);
#162=DIRECTION('',(0.E0,-1.E0,0.E0));
#163=VECTOR('',#162,3.936491673104E-1);
#164=CARTESIAN_POINT('',(2.715E0,1.5E0,-5.6E0));
#165=LINE('',#164,#163);
#166=DIRECTION('',(1.E0,0.E0,0.E0));
#167=VECTOR('',#166,4.3E-1);
#168=CARTESIAN_POINT('',(2.285E0,1.106350832690E0,-5.6E0));
#169=LINE('',#168,#167);
#170=DIRECTION('',(0.E0,-1.E0,0.E0));
#171=VECTOR('',#170,3.936491673104E-1);
#172=CARTESIAN_POINT('',(2.285E0,1.5E0,-5.6E0));
#173=LINE('',#172,#171);
#174=DIRECTION('',(0.E0,-1.E0,0.E0));
#175=VECTOR('',#174,3.936491673104E-1);
#176=CARTESIAN_POINT('',(7.15E-1,1.5E0,-5.6E0));
#177=LINE('',#176,#175);
#178=DIRECTION('',(1.E0,0.E0,0.E0));
#179=VECTOR('',#178,4.3E-1);
#180=CARTESIAN_POINT('',(2.85E-1,1.106350832690E0,-5.6E0));
#181=LINE('',#180,#179);
#182=DIRECTION('',(0.E0,-1.E0,0.E0));
#183=VECTOR('',#182,3.936491673104E-1);
#184=CARTESIAN_POINT('',(2.85E-1,1.5E0,-5.6E0));
#185=LINE('',#184,#183);
#186=DIRECTION('',(0.E0,-1.E0,0.E0));
#187=VECTOR('',#186,3.936491673104E-1);
#188=CARTESIAN_POINT('',(-1.285E0,1.5E0,-5.6E0));
#189=LINE('',#188,#187);
#190=DIRECTION('',(1.E0,0.E0,0.E0));
#191=VECTOR('',#190,4.3E-1);
#192=CARTESIAN_POINT('',(-1.715E0,1.106350832690E0,-5.6E0));
#193=LINE('',#192,#191);
#194=DIRECTION('',(0.E0,-1.E0,0.E0));
#195=VECTOR('',#194,3.936491673104E-1);
#196=CARTESIAN_POINT('',(-1.715E0,1.5E0,-5.6E0));
#197=LINE('',#196,#195);
#198=DIRECTION('',(0.E0,-1.E0,0.E0));
#199=VECTOR('',#198,3.936491673104E-1);
#200=CARTESIAN_POINT('',(-3.285E0,1.5E0,-5.6E0));
#201=LINE('',#200,#199);
#202=DIRECTION('',(1.E0,0.E0,0.E0));
#203=VECTOR('',#202,4.3E-1);
#204=CARTESIAN_POINT('',(-3.715E0,1.106350832690E0,-5.6E0));
#205=LINE('',#204,#203);
#206=DIRECTION('',(0.E0,-1.E0,0.E0));
#207=VECTOR('',#206,3.936491673104E-1);
#208=CARTESIAN_POINT('',(-3.715E0,1.5E0,-5.6E0));
#209=LINE('',#208,#207);
#210=DIRECTION('',(7.071067811865E-1,7.071067811865E-1,0.E0));
#211=VECTOR('',#210,7.071067811865E-1);
#212=CARTESIAN_POINT('',(-6.E0,1.E0,-5.6E0));
#213=LINE('',#212,#211);
#214=DIRECTION('',(1.E0,0.E0,0.E0));
#215=VECTOR('',#214,1.E0);
#216=CARTESIAN_POINT('',(-6.E0,-1.5E0,-5.6E0));
#217=LINE('',#216,#215);
#218=DIRECTION('',(0.E0,1.E0,0.E0));
#219=VECTOR('',#218,8.E-1);
#220=CARTESIAN_POINT('',(-5.E0,-1.5E0,-5.6E0));
#221=LINE('',#220,#219);
#222=DIRECTION('',(1.E0,0.E0,0.E0));
#223=VECTOR('',#222,1.E1);
#224=CARTESIAN_POINT('',(-5.E0,-7.E-1,-5.6E0));
#225=LINE('',#224,#223);
#226=DIRECTION('',(0.E0,1.E0,0.E0));
#227=VECTOR('',#226,8.E-1);
#228=CARTESIAN_POINT('',(5.E0,-1.5E0,-5.6E0));
#229=LINE('',#228,#227);
#230=DIRECTION('',(1.E0,0.E0,0.E0));
#231=VECTOR('',#230,1.E0);
#232=CARTESIAN_POINT('',(5.E0,-1.5E0,-5.6E0));
#233=LINE('',#232,#231);
#234=DIRECTION('',(0.E0,-1.E0,0.E0));
#235=VECTOR('',#234,3.936491673104E-1);
#236=CARTESIAN_POINT('',(4.715E0,1.5E0,-5.6E0));
#237=LINE('',#236,#235);
#238=DIRECTION('',(1.E0,0.E0,0.E0));
#239=VECTOR('',#238,4.3E-1);
#240=CARTESIAN_POINT('',(4.285E0,1.106350832690E0,-5.6E0));
#241=LINE('',#240,#239);
#242=CARTESIAN_POINT('',(4.285E0,1.3E0,-5.25E0));
#243=DIRECTION('',(1.E0,0.E0,0.E0));
#244=DIRECTION('',(0.E0,-4.841229182759E-1,-8.75E-1));
#245=AXIS2_PLACEMENT_3D('',#242,#243,#244);
#247=DIRECTION('',(0.E0,1.E0,0.E0));
#248=VECTOR('',#247,9.E-1);
#249=CARTESIAN_POINT('',(4.285E0,1.3E0,-5.65E0));
#250=LINE('',#249,#248);
#251=DIRECTION('',(0.E0,0.E0,1.E0));
#252=VECTOR('',#251,2.E-1);
#253=CARTESIAN_POINT('',(4.285E0,2.2E0,-5.65E0));
#254=LINE('',#253,#252);
#255=DIRECTION('',(0.E0,-1.E0,0.E0));
#256=VECTOR('',#255,7.E-1);
#257=CARTESIAN_POINT('',(4.285E0,2.2E0,-5.45E0));
#258=LINE('',#257,#256);
#259=DIRECTION('',(0.E0,-1.908089953765E-1,-9.816271834477E-1));
#260=VECTOR('',#259,4.702534863673E-1);
#261=CARTESIAN_POINT('',(4.285E0,-1.8E-1,-1.103790892359E0));
#262=LINE('',#261,#260);
#263=CARTESIAN_POINT('',(4.285E0,-7.605421870299E-1,-1.47E0));
#264=DIRECTION('',(-1.E0,0.E0,0.E0));
#265=DIRECTION('',(0.E0,9.816271834477E-1,-1.908089953765E-1));
#266=AXIS2_PLACEMENT_3D('',#263,#264,#265);
#268=DIRECTION('',(0.E0,-5.561124497804E-1,-8.311070588073E-1));
#269=VECTOR('',#268,3.230954481702E-1);
#270=CARTESIAN_POINT('',(4.285E0,-3.449886576263E-1,-1.748056224890E0));
#271=LINE('',#270,#269);
#272=CARTESIAN_POINT('',(4.285E0,-4.E-1,-2.1E0));
#273=DIRECTION('',(1.E0,0.E0,0.E0));
#274=DIRECTION('',(0.E0,-8.311070588073E-1,5.561124497804E-1));
#275=AXIS2_PLACEMENT_3D('',#272,#273,#274);
#277=DIRECTION('',(0.E0,5.561124497801E-1,-8.311070588075E-1));
#278=VECTOR('',#277,1.882102421237E-1);
#279=CARTESIAN_POINT('',(4.285E0,-5.246660588211E-1,-2.183416867467E0));
#280=LINE('',#279,#278);
#281=DIRECTION('',(0.E0,8.311070588075E-1,5.561124497801E-1));
#282=VECTOR('',#281,2.E-1);
#283=CARTESIAN_POINT('',(4.285E0,-4.2E-1,-2.339839728236E0));
#284=LINE('',#283,#282);
#285=DIRECTION('',(0.E0,-5.561124497801E-1,8.311070588075E-1));
#286=VECTOR('',#285,1.547541161116E-1);
#287=CARTESIAN_POINT('',(4.285E0,-2.537785882385E-1,-2.228617238280E0));
#288=LINE('',#287,#286);
#289=DIRECTION('',(0.E0,5.561124497804E-1,8.311070588073E-1));
#290=VECTOR('',#289,2.874225867916E-1);
#291=CARTESIAN_POINT('',(4.285E0,-3.398392788629E-1,-2.1E0));
#292=LINE('',#291,#290);
#293=DIRECTION('',(0.E0,-1.E0,0.E0));
#294=VECTOR('',#293,7.E-1);
#295=CARTESIAN_POINT('',(4.715E0,2.2E0,-5.45E0));
#296=LINE('',#295,#294);
#297=DIRECTION('',(0.E0,0.E0,1.E0));
#298=VECTOR('',#297,2.E-1);
#299=CARTESIAN_POINT('',(4.715E0,2.2E0,-5.65E0));
#300=LINE('',#299,#298);
#301=DIRECTION('',(0.E0,1.E0,0.E0));
#302=VECTOR('',#301,9.E-1);
#303=CARTESIAN_POINT('',(4.715E0,1.3E0,-5.65E0));
#304=LINE('',#303,#302);
#305=CARTESIAN_POINT('',(4.715E0,1.3E0,-5.25E0));
#306=DIRECTION('',(1.E0,0.E0,0.E0));
#307=DIRECTION('',(0.E0,-4.841229182759E-1,-8.75E-1));
#308=AXIS2_PLACEMENT_3D('',#305,#306,#307);
#310=DIRECTION('',(0.E0,5.561124497804E-1,8.311070588073E-1));
#311=VECTOR('',#310,2.874225867916E-1);
#312=CARTESIAN_POINT('',(4.715E0,-3.398392788629E-1,-2.1E0));
#313=LINE('',#312,#311);
#314=DIRECTION('',(0.E0,-5.561124497801E-1,8.311070588075E-1));
#315=VECTOR('',#314,1.547541161116E-1);
#316=CARTESIAN_POINT('',(4.715E0,-2.537785882385E-1,-2.228617238280E0));
#317=LINE('',#316,#315);
#318=DIRECTION('',(0.E0,8.311070588075E-1,5.561124497801E-1));
#319=VECTOR('',#318,2.E-1);
#320=CARTESIAN_POINT('',(4.715E0,-4.2E-1,-2.339839728236E0));
#321=LINE('',#320,#319);
#322=DIRECTION('',(0.E0,5.561124497801E-1,-8.311070588075E-1));
#323=VECTOR('',#322,1.882102421237E-1);
#324=CARTESIAN_POINT('',(4.715E0,-5.246660588211E-1,-2.183416867467E0));
#325=LINE('',#324,#323);
#326=CARTESIAN_POINT('',(4.715E0,-4.E-1,-2.1E0));
#327=DIRECTION('',(1.E0,0.E0,0.E0));
#328=DIRECTION('',(0.E0,-8.311070588073E-1,5.561124497804E-1));
#329=AXIS2_PLACEMENT_3D('',#326,#327,#328);
#331=DIRECTION('',(0.E0,-5.561124497804E-1,-8.311070588073E-1));
#332=VECTOR('',#331,3.230954481702E-1);
#333=CARTESIAN_POINT('',(4.715E0,-3.449886576263E-1,-1.748056224890E0));
#334=LINE('',#333,#332);
#335=CARTESIAN_POINT('',(4.715E0,-7.605421870299E-1,-1.47E0));
#336=DIRECTION('',(-1.E0,0.E0,0.E0));
#337=DIRECTION('',(0.E0,9.816271834477E-1,-1.908089953765E-1));
#338=AXIS2_PLACEMENT_3D('',#335,#336,#337);
#340=DIRECTION('',(0.E0,-1.908089953765E-1,-9.816271834477E-1));
#341=VECTOR('',#340,4.702534863673E-1);
#342=CARTESIAN_POINT('',(4.715E0,-1.8E-1,-1.103790892359E0));
#343=LINE('',#342,#341);
#344=DIRECTION('',(0.E0,0.E0,1.E0));
#345=VECTOR('',#344,1.5E-1);
#346=CARTESIAN_POINT('',(4.285E0,1.5E0,-5.6E0));
#347=LINE('',#346,#345);
#348=DIRECTION('',(1.E0,0.E0,0.E0));
#349=VECTOR('',#348,4.3E-1);
#350=CARTESIAN_POINT('',(4.285E0,1.5E0,-5.45E0));
#351=LINE('',#350,#349);
#352=DIRECTION('',(0.E0,0.E0,1.E0));
#353=VECTOR('',#352,1.5E-1);
#354=CARTESIAN_POINT('',(4.715E0,1.5E0,-5.6E0));
#355=LINE('',#354,#353);
#356=DIRECTION('',(1.E0,0.E0,0.E0));
#357=VECTOR('',#356,1.285E0);
#358=CARTESIAN_POINT('',(4.715E0,1.5E0,-5.6E0));
#359=LINE('',#358,#357);
#360=DIRECTION('',(0.E0,0.E0,-1.E0));
#361=VECTOR('',#360,5.6E0);
#362=CARTESIAN_POINT('',(-5.5E0,1.5E0,0.E0));
#363=LINE('',#362,#361);
#364=DIRECTION('',(1.E0,0.E0,0.E0));
#365=VECTOR('',#364,1.785E0);
#366=CARTESIAN_POINT('',(-5.5E0,1.5E0,-5.6E0));
#367=LINE('',#366,#365);
#368=DIRECTION('',(0.E0,0.E0,1.E0));
#369=VECTOR('',#368,1.5E-1);
#370=CARTESIAN_POINT('',(-3.715E0,1.5E0,-5.6E0));
#371=LINE('',#370,#369);
#372=DIRECTION('',(-1.E0,0.E0,0.E0));
#373=VECTOR('',#372,4.3E-1);
#374=CARTESIAN_POINT('',(-3.285E0,1.5E0,-5.45E0));
#375=LINE('',#374,#373);
#376=DIRECTION('',(0.E0,0.E0,1.E0));
#377=VECTOR('',#376,1.5E-1);
#378=CARTESIAN_POINT('',(-3.285E0,1.5E0,-5.6E0));
#379=LINE('',#378,#377);
#380=DIRECTION('',(1.E0,0.E0,0.E0));
#381=VECTOR('',#380,1.57E0);
#382=CARTESIAN_POINT('',(-3.285E0,1.5E0,-5.6E0));
#383=LINE('',#382,#381);
#384=DIRECTION('',(0.E0,0.E0,1.E0));
#385=VECTOR('',#384,1.5E-1);
#386=CARTESIAN_POINT('',(-1.715E0,1.5E0,-5.6E0));
#387=LINE('',#386,#385);
#388=DIRECTION('',(1.E0,0.E0,0.E0));
#389=VECTOR('',#388,4.3E-1);
#390=CARTESIAN_POINT('',(-1.715E0,1.5E0,-5.45E0));
#391=LINE('',#390,#389);
#392=DIRECTION('',(0.E0,0.E0,1.E0));
#393=VECTOR('',#392,1.5E-1);
#394=CARTESIAN_POINT('',(-1.285E0,1.5E0,-5.6E0));
#395=LINE('',#394,#393);
#396=DIRECTION('',(1.E0,0.E0,0.E0));
#397=VECTOR('',#396,1.57E0);
#398=CARTESIAN_POINT('',(-1.285E0,1.5E0,-5.6E0));
#399=LINE('',#398,#397);
#400=DIRECTION('',(0.E0,0.E0,1.E0));
#401=VECTOR('',#400,1.5E-1);
#402=CARTESIAN_POINT('',(2.85E-1,1.5E0,-5.6E0));
#403=LINE('',#402,#401);
#404=DIRECTION('',(1.E0,0.E0,0.E0));
#405=VECTOR('',#404,4.3E-1);
#406=CARTESIAN_POINT('',(2.85E-1,1.5E0,-5.45E0));
#407=LINE('',#406,#405);
#408=DIRECTION('',(0.E0,0.E0,1.E0));
#409=VECTOR('',#408,1.5E-1);
#410=CARTESIAN_POINT('',(7.15E-1,1.5E0,-5.6E0));
#411=LINE('',#410,#409);
#412=DIRECTION('',(1.E0,0.E0,0.E0));
#413=VECTOR('',#412,1.57E0);
#414=CARTESIAN_POINT('',(7.15E-1,1.5E0,-5.6E0));
#415=LINE('',#414,#413);
#416=DIRECTION('',(0.E0,0.E0,1.E0));
#417=VECTOR('',#416,1.5E-1);
#418=CARTESIAN_POINT('',(2.285E0,1.5E0,-5.6E0));
#419=LINE('',#418,#417);
#420=DIRECTION('',(1.E0,0.E0,0.E0));
#421=VECTOR('',#420,4.3E-1);
#422=CARTESIAN_POINT('',(2.285E0,1.5E0,-5.45E0));
#423=LINE('',#422,#421);
#424=DIRECTION('',(0.E0,0.E0,1.E0));
#425=VECTOR('',#424,1.5E-1);
#426=CARTESIAN_POINT('',(2.715E0,1.5E0,-5.6E0));
#427=LINE('',#426,#425);
#428=DIRECTION('',(1.E0,0.E0,0.E0));
#429=VECTOR('',#428,1.57E0);
#430=CARTESIAN_POINT('',(2.715E0,1.5E0,-5.6E0));
#431=LINE('',#430,#429);
#432=DIRECTION('',(1.E0,0.E0,0.E0));
#433=VECTOR('',#432,4.3E-1);
#434=CARTESIAN_POINT('',(4.285E0,2.2E0,-5.45E0));
#435=LINE('',#434,#433);
#436=DIRECTION('',(1.E0,0.E0,0.E0));
#437=VECTOR('',#436,4.3E-1);
#438=CARTESIAN_POINT('',(4.285E0,2.2E0,-5.65E0));
#439=LINE('',#438,#437);
#440=DIRECTION('',(1.E0,0.E0,0.E0));
#441=VECTOR('',#440,4.3E-1);
#442=CARTESIAN_POINT('',(4.285E0,1.3E0,-5.65E0));
#443=LINE('',#442,#441);
#444=DIRECTION('',(0.E0,-1.E0,0.E0));
#445=VECTOR('',#444,2.6E0);
#446=CARTESIAN_POINT('',(6.E0,1.5E0,0.E0));
#447=LINE('',#446,#445);
#448=DIRECTION('',(0.E0,0.E0,1.E0));
#449=VECTOR('',#448,5.6E0);
#450=CARTESIAN_POINT('',(6.E0,1.5E0,-5.6E0));
#451=LINE('',#450,#449);
#452=DIRECTION('',(0.E0,1.E0,0.E0));
#453=VECTOR('',#452,3.E0);
#454=CARTESIAN_POINT('',(6.E0,-1.5E0,-5.6E0));
#455=LINE('',#454,#453);
#456=DIRECTION('',(0.E0,0.E0,-1.E0));
#457=VECTOR('',#456,4.25E0);
#458=CARTESIAN_POINT('',(6.E0,-1.5E0,-1.35E0));
#459=LINE('',#458,#457);
#460=DIRECTION('',(0.E0,-1.E0,0.E0));
#461=VECTOR('',#460,4.E-1);
#462=CARTESIAN_POINT('',(6.E0,-1.1E0,-1.35E0));
#463=LINE('',#462,#461);
#464=DIRECTION('',(0.E0,0.E0,-1.E0));
#465=VECTOR('',#464,1.35E0);
#466=CARTESIAN_POINT('',(6.E0,-1.1E0,0.E0));
#467=LINE('',#466,#465);
#468=DIRECTION('',(0.E0,1.E0,0.E0));
#469=VECTOR('',#468,9.7E-1);
#470=CARTESIAN_POINT('',(-5.7E0,-8.5E-1,0.E0));
#471=LINE('',#470,#469);
#472=DIRECTION('',(0.E0,-1.E0,0.E0));
#473=VECTOR('',#472,9.7E-1);
#474=CARTESIAN_POINT('',(5.7E0,1.2E-1,0.E0));
#475=LINE('',#474,#473);
#476=DIRECTION('',(-7.071067811865E-1,-7.071067811865E-1,0.E0));
#477=VECTOR('',#476,7.071067811865E-1);
#478=CARTESIAN_POINT('',(-5.5E0,1.5E0,0.E0));
#479=LINE('',#478,#477);
#480=DIRECTION('',(1.E0,0.E0,0.E0));
#481=VECTOR('',#480,1.15E1);
#482=CARTESIAN_POINT('',(-5.5E0,1.5E0,0.E0));
#483=LINE('',#482,#481);
#484=DIRECTION('',(-3.617725053169E-1,-2.261078158231E-1,9.044312632923E-1));
#485=VECTOR('',#484,5.528336096874E-1);
#486=CARTESIAN_POINT('',(-5.5E0,-7.25E-1,-5.E-1));
#487=LINE('',#486,#485);
#488=DIRECTION('',(3.244428422615E-1,-4.866642633923E-1,-8.111071056538E-1));
#489=VECTOR('',#488,6.164414002969E-1);
#490=CARTESIAN_POINT('',(-5.7E0,1.2E-1,0.E0));
#491=LINE('',#490,#489);
#492=DIRECTION('',(0.E0,1.E0,0.E0));
#493=VECTOR('',#492,5.45E-1);
#494=CARTESIAN_POINT('',(-5.5E0,-7.25E-1,-5.E-1));
#495=LINE('',#494,#493);
#496=DIRECTION('',(0.E0,0.E0,1.E0));
#497=VECTOR('',#496,3.6E0);
#498=CARTESIAN_POINT('',(-5.5E0,-1.8E-1,-4.1E0));
#499=LINE('',#498,#497);
#500=DIRECTION('',(0.E0,1.E0,0.E0));
#501=VECTOR('',#500,4.2E-1);
#502=CARTESIAN_POINT('',(-5.5E0,-6.E-1,-4.1E0));
#503=LINE('',#502,#501);
#504=DIRECTION('',(0.E0,0.E0,-1.E0));
#505=VECTOR('',#504,3.1E0);
#506=CARTESIAN_POINT('',(-5.5E0,-6.E-1,-1.E0));
#507=LINE('',#506,#505);
#508=DIRECTION('',(0.E0,2.425356250363E-1,-9.701425001453E-1));
#509=VECTOR('',#508,5.153882032022E-1);
#510=CARTESIAN_POINT('',(-5.5E0,-7.25E-1,-5.E-1));
#511=LINE('',#510,#509);
#512=DIRECTION('',(-1.E0,0.E0,0.E0));
#513=VECTOR('',#512,1.1E1);
#514=CARTESIAN_POINT('',(5.5E0,-1.8E-1,-4.1E0));
#515=LINE('',#514,#513);
#516=DIRECTION('',(0.E0,0.E0,1.E0));
#517=VECTOR('',#516,7.5733E-1);
#518=CARTESIAN_POINT('',(-4.715E0,-1.8E-1,-1.861117701987E0));
#519=LINE('',#518,#517);
#520=DIRECTION('',(1.E0,0.E0,0.E0));
#521=VECTOR('',#520,4.3E-1);
#522=CARTESIAN_POINT('',(-4.715E0,-1.8E-1,-1.861117701987E0));
#523=LINE('',#522,#521);
#524=DIRECTION('',(0.E0,0.E0,1.E0));
#525=VECTOR('',#524,7.5733E-1);
#526=CARTESIAN_POINT('',(-4.285E0,-1.8E-1,-1.861117701987E0));
#527=LINE('',#526,#525);
#528=DIRECTION('',(1.E0,0.E0,0.E0));
#529=VECTOR('',#528,4.3E-1);
#530=CARTESIAN_POINT('',(-4.715E0,-1.8E-1,-1.103787701987E0));
#531=LINE('',#530,#529);
#532=DIRECTION('',(0.E0,0.E0,1.E0));
#533=VECTOR('',#532,7.5733E-1);
#534=CARTESIAN_POINT('',(-2.715E0,-1.8E-1,-1.861117701987E0));
#535=LINE('',#534,#533);
#536=DIRECTION('',(1.E0,0.E0,0.E0));
#537=VECTOR('',#536,4.3E-1);
#538=CARTESIAN_POINT('',(-2.715E0,-1.8E-1,-1.861117701987E0));
#539=LINE('',#538,#537);
#540=DIRECTION('',(0.E0,0.E0,1.E0));
#541=VECTOR('',#540,7.5733E-1);
#542=CARTESIAN_POINT('',(-2.285E0,-1.8E-1,-1.861117701987E0));
#543=LINE('',#542,#541);
#544=DIRECTION('',(1.E0,0.E0,0.E0));
#545=VECTOR('',#544,4.3E-1);
#546=CARTESIAN_POINT('',(-2.715E0,-1.8E-1,-1.103787701987E0));
#547=LINE('',#546,#545);
#548=DIRECTION('',(0.E0,0.E0,1.E0));
#549=VECTOR('',#548,7.5733E-1);
#550=CARTESIAN_POINT('',(-7.15E-1,-1.8E-1,-1.861117701987E0));
#551=LINE('',#550,#549);
#552=DIRECTION('',(1.E0,0.E0,0.E0));
#553=VECTOR('',#552,4.3E-1);
#554=CARTESIAN_POINT('',(-7.15E-1,-1.8E-1,-1.861117701987E0));
#555=LINE('',#554,#553);
#556=DIRECTION('',(0.E0,0.E0,1.E0));
#557=VECTOR('',#556,7.5733E-1);
#558=CARTESIAN_POINT('',(-2.85E-1,-1.8E-1,-1.861117701987E0));
#559=LINE('',#558,#557);
#560=DIRECTION('',(1.E0,0.E0,0.E0));
#561=VECTOR('',#560,4.3E-1);
#562=CARTESIAN_POINT('',(-7.15E-1,-1.8E-1,-1.103787701987E0));
#563=LINE('',#562,#561);
#564=DIRECTION('',(0.E0,0.E0,1.E0));
#565=VECTOR('',#564,7.5733E-1);
#566=CARTESIAN_POINT('',(1.285E0,-1.8E-1,-1.861117701987E0));
#567=LINE('',#566,#565);
#568=DIRECTION('',(1.E0,0.E0,0.E0));
#569=VECTOR('',#568,4.3E-1);
#570=CARTESIAN_POINT('',(1.285E0,-1.8E-1,-1.861117701987E0));
#571=LINE('',#570,#569);
#572=DIRECTION('',(0.E0,0.E0,1.E0));
#573=VECTOR('',#572,7.5733E-1);
#574=CARTESIAN_POINT('',(1.715E0,-1.8E-1,-1.861117701987E0));
#575=LINE('',#574,#573);
#576=DIRECTION('',(1.E0,0.E0,0.E0));
#577=VECTOR('',#576,4.3E-1);
#578=CARTESIAN_POINT('',(1.285E0,-1.8E-1,-1.103787701987E0));
#579=LINE('',#578,#577);
#580=DIRECTION('',(0.E0,0.E0,1.E0));
#581=VECTOR('',#580,7.5733E-1);
#582=CARTESIAN_POINT('',(3.285E0,-1.8E-1,-1.861117701987E0));
#583=LINE('',#582,#581);
#584=DIRECTION('',(1.E0,0.E0,0.E0));
#585=VECTOR('',#584,4.3E-1);
#586=CARTESIAN_POINT('',(3.285E0,-1.8E-1,-1.861117701987E0));
#587=LINE('',#586,#585);
#588=DIRECTION('',(0.E0,0.E0,1.E0));
#589=VECTOR('',#588,7.5733E-1);
#590=CARTESIAN_POINT('',(3.715E0,-1.8E-1,-1.861117701987E0));
#591=LINE('',#590,#589);
#592=DIRECTION('',(1.E0,0.E0,0.E0));
#593=VECTOR('',#592,4.3E-1);
#594=CARTESIAN_POINT('',(3.285E0,-1.8E-1,-1.103787701987E0));
#595=LINE('',#594,#593);
#596=DIRECTION('',(0.E0,0.E0,1.E0));
#597=VECTOR('',#596,7.573301668978E-1);
#598=CARTESIAN_POINT('',(-3.715E0,-1.8E-1,-1.861121059257E0));
#599=LINE('',#598,#597);
#600=DIRECTION('',(1.E0,0.E0,0.E0));
#601=VECTOR('',#600,4.3E-1);
#602=CARTESIAN_POINT('',(-3.715E0,-1.8E-1,-1.861121059257E0));
#603=LINE('',#602,#601);
#604=DIRECTION('',(0.E0,0.E0,1.E0));
#605=VECTOR('',#604,7.573301668978E-1);
#606=CARTESIAN_POINT('',(-3.285E0,-1.8E-1,-1.861121059257E0));
#607=LINE('',#606,#605);
#608=DIRECTION('',(1.E0,0.E0,0.E0));
#609=VECTOR('',#608,4.3E-1);
#610=CARTESIAN_POINT('',(-3.715E0,-1.8E-1,-1.103790892359E0));
#611=LINE('',#610,#609);
#612=DIRECTION('',(0.E0,0.E0,1.E0));
#613=VECTOR('',#612,7.573301668978E-1);
#614=CARTESIAN_POINT('',(-1.715E0,-1.8E-1,-1.861121059257E0));
#615=LINE('',#614,#613);
#616=DIRECTION('',(1.E0,0.E0,0.E0));
#617=VECTOR('',#616,4.3E-1);
#618=CARTESIAN_POINT('',(-1.715E0,-1.8E-1,-1.861121059257E0));
#619=LINE('',#618,#617);
#620=DIRECTION('',(0.E0,0.E0,1.E0));
#621=VECTOR('',#620,7.573301668978E-1);
#622=CARTESIAN_POINT('',(-1.285E0,-1.8E-1,-1.861121059257E0));
#623=LINE('',#622,#621);
#624=DIRECTION('',(1.E0,0.E0,0.E0));
#625=VECTOR('',#624,4.3E-1);
#626=CARTESIAN_POINT('',(-1.715E0,-1.8E-1,-1.103790892359E0));
#627=LINE('',#626,#625);
#628=DIRECTION('',(0.E0,0.E0,1.E0));
#629=VECTOR('',#628,7.573301668978E-1);
#630=CARTESIAN_POINT('',(2.85E-1,-1.8E-1,-1.861121059257E0));
#631=LINE('',#630,#629);
#632=DIRECTION('',(1.E0,0.E0,0.E0));
#633=VECTOR('',#632,4.3E-1);
#634=CARTESIAN_POINT('',(2.85E-1,-1.8E-1,-1.861121059257E0));
#635=LINE('',#634,#633);
#636=DIRECTION('',(0.E0,0.E0,1.E0));
#637=VECTOR('',#636,7.573301668978E-1);
#638=CARTESIAN_POINT('',(7.15E-1,-1.8E-1,-1.861121059257E0));
#639=LINE('',#638,#637);
#640=DIRECTION('',(1.E0,0.E0,0.E0));
#641=VECTOR('',#640,4.3E-1);
#642=CARTESIAN_POINT('',(2.85E-1,-1.8E-1,-1.103790892359E0));
#643=LINE('',#642,#641);
#644=DIRECTION('',(0.E0,0.E0,1.E0));
#645=VECTOR('',#644,7.573301668978E-1);
#646=CARTESIAN_POINT('',(2.285E0,-1.8E-1,-1.861121059257E0));
#647=LINE('',#646,#645);
#648=DIRECTION('',(1.E0,0.E0,0.E0));
#649=VECTOR('',#648,4.3E-1);
#650=CARTESIAN_POINT('',(2.285E0,-1.8E-1,-1.861121059257E0));
#651=LINE('',#650,#649);
#652=DIRECTION('',(0.E0,0.E0,1.E0));
#653=VECTOR('',#652,7.573301668978E-1);
#654=CARTESIAN_POINT('',(2.715E0,-1.8E-1,-1.861121059257E0));
#655=LINE('',#654,#653);
#656=DIRECTION('',(1.E0,0.E0,0.E0));
#657=VECTOR('',#656,4.3E-1);
#658=CARTESIAN_POINT('',(2.285E0,-1.8E-1,-1.103790892359E0));
#659=LINE('',#658,#657);
#660=DIRECTION('',(0.E0,0.E0,1.E0));
#661=VECTOR('',#660,7.573301668978E-1);
#662=CARTESIAN_POINT('',(4.285E0,-1.8E-1,-1.861121059257E0));
#663=LINE('',#662,#661);
#664=DIRECTION('',(1.E0,0.E0,0.E0));
#665=VECTOR('',#664,4.3E-1);
#666=CARTESIAN_POINT('',(4.285E0,-1.8E-1,-1.861121059257E0));
#667=LINE('',#666,#665);
#668=DIRECTION('',(0.E0,0.E0,1.E0));
#669=VECTOR('',#668,7.573301668978E-1);
#670=CARTESIAN_POINT('',(4.715E0,-1.8E-1,-1.861121059257E0));
#671=LINE('',#670,#669);
#672=DIRECTION('',(1.E0,0.E0,0.E0));
#673=VECTOR('',#672,4.3E-1);
#674=CARTESIAN_POINT('',(4.285E0,-1.8E-1,-1.103790892359E0));
#675=LINE('',#674,#673);
#676=DIRECTION('',(1.E0,0.E0,0.E0));
#677=VECTOR('',#676,1.14E1);
#678=CARTESIAN_POINT('',(-5.7E0,1.2E-1,0.E0));
#679=LINE('',#678,#677);
#680=DIRECTION('',(-1.E0,0.E0,0.E0));
#681=VECTOR('',#680,1.1E1);
#682=CARTESIAN_POINT('',(5.5E0,-1.8E-1,-5.E-1));
#683=LINE('',#682,#681);
#684=DIRECTION('',(3.244428422615E-1,4.866642633923E-1,8.111071056538E-1));
#685=VECTOR('',#684,6.164414002969E-1);
#686=CARTESIAN_POINT('',(5.5E0,-1.8E-1,-5.E-1));
#687=LINE('',#686,#685);
#688=DIRECTION('',(-3.617725053169E-1,2.261078158231E-1,-9.044312632923E-1));
#689=VECTOR('',#688,5.528336096874E-1);
#690=CARTESIAN_POINT('',(5.7E0,-8.5E-1,0.E0));
#691=LINE('',#690,#689);
#692=DIRECTION('',(0.E0,-1.E0,0.E0));
#693=VECTOR('',#692,5.45E-1);
#694=CARTESIAN_POINT('',(5.5E0,-1.8E-1,-5.E-1));
#695=LINE('',#694,#693);
#696=DIRECTION('',(0.E0,2.425356250363E-1,-9.701425001453E-1));
#697=VECTOR('',#696,5.153882032022E-1);
#698=CARTESIAN_POINT('',(5.5E0,-7.25E-1,-5.E-1));
#699=LINE('',#698,#697);
#700=DIRECTION('',(0.E0,0.E0,1.E0));
#701=VECTOR('',#700,3.1E0);
#702=CARTESIAN_POINT('',(5.5E0,-6.E-1,-4.1E0));
#703=LINE('',#702,#701);
#704=DIRECTION('',(0.E0,-1.E0,0.E0));
#705=VECTOR('',#704,4.2E-1);
#706=CARTESIAN_POINT('',(5.5E0,-1.8E-1,-4.1E0));
#707=LINE('',#706,#705);
#708=DIRECTION('',(0.E0,0.E0,-1.E0));
#709=VECTOR('',#708,3.6E0);
#710=CARTESIAN_POINT('',(5.5E0,-1.8E-1,-5.E-1));
#711=LINE('',#710,#709);
#712=DIRECTION('',(-1.E0,0.E0,0.E0));
#713=VECTOR('',#712,1.14E1);
#714=CARTESIAN_POINT('',(5.7E0,-8.5E-1,0.E0));
#715=LINE('',#714,#713);
#716=DIRECTION('',(-1.E0,0.E0,0.E0));
#717=VECTOR('',#716,1.1E1);
#718=CARTESIAN_POINT('',(5.5E0,-6.E-1,-1.E0));
#719=LINE('',#718,#717);
#720=DIRECTION('',(-1.E0,0.E0,0.E0));
#721=VECTOR('',#720,1.1E1);
#722=CARTESIAN_POINT('',(5.5E0,-6.E-1,-4.1E0));
#723=LINE('',#722,#721);
#724=CARTESIAN_POINT('',(-4.715E0,-6.8E-1,-5.55E0));
#725=DIRECTION('',(1.E0,0.E0,0.E0));
#726=DIRECTION('',(0.E0,-4.358898943541E-1,9.E-1));
#727=AXIS2_PLACEMENT_3D('',#724,#725,#726);
#729=DIRECTION('',(0.E0,-5.561070567875E-1,-8.311106673549E-1));
#730=VECTOR('',#729,5.400682146561E-2);
#731=CARTESIAN_POINT('',(-4.715E0,-1.095555333677E0,-5.271946471606E0));
#732=LINE('',#731,#730);
#733=CARTESIAN_POINT('',(-4.715E0,-1.374922108416E0,-5.15E0));
#734=DIRECTION('',(-1.E0,0.E0,0.E0));
#735=DIRECTION('',(0.E0,8.311106673549E-1,-5.561070567875E-1));
#736=AXIS2_PLACEMENT_3D('',#733,#734,#735);
#738=DIRECTION('',(0.E0,-1.E0,0.E0));
#739=VECTOR('',#738,8.250778915844E-1);
#740=CARTESIAN_POINT('',(-4.715E0,-1.374922108416E0,-5.45E0));
#741=LINE('',#740,#739);
#742=DIRECTION('',(0.E0,0.E0,-1.E0));
#743=VECTOR('',#742,2.E-1);
#744=CARTESIAN_POINT('',(-4.715E0,-2.2E0,-5.45E0));
#745=LINE('',#744,#743);
#746=DIRECTION('',(0.E0,1.E0,0.E0));
#747=VECTOR('',#746,8.250778915844E-1);
#748=CARTESIAN_POINT('',(-4.715E0,-2.2E0,-5.65E0));
#749=LINE('',#748,#747);
#750=CARTESIAN_POINT('',(-4.715E0,-1.374922108416E0,-5.15E0));
#751=DIRECTION('',(1.E0,0.E0,0.E0));
#752=DIRECTION('',(0.E0,0.E0,-1.E0));
#753=AXIS2_PLACEMENT_3D('',#750,#751,#752);
#755=DIRECTION('',(0.E0,5.561070567875E-1,8.311106673549E-1));
#756=VECTOR('',#755,5.400682146560E-2);
#757=CARTESIAN_POINT('',(-4.715E0,-9.593667747382E-1,-5.428053528394E0));
#758=LINE('',#757,#756);
#759=CARTESIAN_POINT('',(-4.715E0,-6.8E-1,-5.55E0));
#760=DIRECTION('',(-1.E0,0.E0,0.E0));
#761=DIRECTION('',(0.E0,-8.311106673549E-1,5.561070567875E-1));
#762=AXIS2_PLACEMENT_3D('',#759,#760,#761);
#764=DIRECTION('',(0.E0,-1.908089953765E-1,-9.816271834477E-1));
#765=VECTOR('',#764,4.702532465529E-1);
#766=CARTESIAN_POINT('',(-4.715E0,-1.8E-1,-1.103787701987E0));
#767=LINE('',#766,#765);
#768=CARTESIAN_POINT('',(-4.715E0,-7.605421412711E-1,-1.469996574220E0));
#769=DIRECTION('',(-1.E0,0.E0,0.E0));
#770=DIRECTION('',(0.E0,9.816271834477E-1,-1.908089953765E-1));
#771=AXIS2_PLACEMENT_3D('',#768,#769,#770);
#773=DIRECTION('',(0.E0,-5.561124238544E-1,-8.311070761549E-1));
#774=VECTOR('',#773,3.230955657926E-1);
#775=CARTESIAN_POINT('',(-4.715E0,-3.449886031937E-1,-1.748052786147E0));
#776=LINE('',#775,#774);
#777=CARTESIAN_POINT('',(-4.715E0,-4.E-1,-2.099996660730E0));
#778=DIRECTION('',(1.E0,0.E0,0.E0));
#779=DIRECTION('',(0.E0,-8.311070761549E-1,5.561124238544E-1));
#780=AXIS2_PLACEMENT_3D('',#777,#778,#779);
#782=DIRECTION('',(0.E0,5.561124238544E-1,-8.311070761549E-1));
#783=VECTOR('',#782,1.882077107122E-1);
#784=CARTESIAN_POINT('',(-4.715E0,-5.246660614232E-1,-2.183413524308E0));
#785=LINE('',#784,#783);
#786=DIRECTION('',(0.E0,8.311070761549E-1,5.561124238544E-1));
#787=VECTOR('',#786,2.E-1);
#788=CARTESIAN_POINT('',(-4.715E0,-4.200014152310E-1,-2.339834284468E0));
#789=LINE('',#788,#787);
#790=DIRECTION('',(0.E0,-5.561124238544E-1,8.311070761549E-1));
#791=VECTOR('',#790,1.547515869581E-1);
#792=CARTESIAN_POINT('',(-4.715E0,-2.5378E-1,-2.228611799697E0));
#793=LINE('',#792,#791);
#794=DIRECTION('',(0.E0,5.561124238544E-1,8.311070761549E-1));
#795=VECTOR('',#794,2.874226024493E-1);
#796=CARTESIAN_POINT('',(-4.715E0,-3.398392801186E-1,-2.099996660730E0));
#797=LINE('',#796,#795);
#798=DIRECTION('',(0.E0,0.E0,1.E0));
#799=VECTOR('',#798,1.506674090581E-1);
#800=CARTESIAN_POINT('',(3.285E0,-7.E-1,-5.250667409058E0));
#801=LINE('',#800,#799);
#802=DIRECTION('',(1.E0,0.E0,0.E0));
#803=VECTOR('',#802,4.3E-1);
#804=CARTESIAN_POINT('',(3.285E0,-7.E-1,-5.250667409058E0));
#805=LINE('',#804,#803);
#806=DIRECTION('',(0.E0,0.E0,1.E0));
#807=VECTOR('',#806,1.506674090581E-1);
#808=CARTESIAN_POINT('',(3.715E0,-7.E-1,-5.250667409058E0));
#809=LINE('',#808,#807);
#810=DIRECTION('',(-1.E0,0.E0,0.E0));
#811=VECTOR('',#810,1.285E0);
#812=CARTESIAN_POINT('',(5.E0,-7.E-1,-5.1E0));
#813=LINE('',#812,#811);
#814=DIRECTION('',(0.E0,0.E0,1.E0));
#815=VECTOR('',#814,5.E-1);
#816=CARTESIAN_POINT('',(5.E0,-7.E-1,-5.6E0));
#817=LINE('',#816,#815);
#818=DIRECTION('',(0.E0,0.E0,-1.E0));
#819=VECTOR('',#818,5.E-1);
#820=CARTESIAN_POINT('',(-5.E0,-7.E-1,-5.1E0));
#821=LINE('',#820,#819);
#822=DIRECTION('',(-1.E0,0.E0,0.E0));
#823=VECTOR('',#822,2.85E-1);
#824=CARTESIAN_POINT('',(-4.715E0,-7.E-1,-5.1E0));
#825=LINE('',#824,#823);
#826=DIRECTION('',(0.E0,0.E0,1.E0));
#827=VECTOR('',#826,1.506674090581E-1);
#828=CARTESIAN_POINT('',(-4.715E0,-7.E-1,-5.250667409058E0));
#829=LINE('',#828,#827);
#830=DIRECTION('',(1.E0,0.E0,0.E0));
#831=VECTOR('',#830,4.3E-1);
#832=CARTESIAN_POINT('',(-4.715E0,-7.E-1,-5.250667409058E0));
#833=LINE('',#832,#831);
#834=DIRECTION('',(0.E0,0.E0,1.E0));
#835=VECTOR('',#834,1.506674090581E-1);
#836=CARTESIAN_POINT('',(-4.285E0,-7.E-1,-5.250667409058E0));
#837=LINE('',#836,#835);
#838=DIRECTION('',(-1.E0,0.E0,0.E0));
#839=VECTOR('',#838,1.57E0);
#840=CARTESIAN_POINT('',(-2.715E0,-7.E-1,-5.1E0));
#841=LINE('',#840,#839);
#842=DIRECTION('',(0.E0,0.E0,1.E0));
#843=VECTOR('',#842,1.506674090581E-1);
#844=CARTESIAN_POINT('',(-2.715E0,-7.E-1,-5.250667409058E0));
#845=LINE('',#844,#843);
#846=DIRECTION('',(1.E0,0.E0,0.E0));
#847=VECTOR('',#846,4.3E-1);
#848=CARTESIAN_POINT('',(-2.715E0,-7.E-1,-5.250667409058E0));
#849=LINE('',#848,#847);
#850=DIRECTION('',(0.E0,0.E0,1.E0));
#851=VECTOR('',#850,1.506674090581E-1);
#852=CARTESIAN_POINT('',(-2.285E0,-7.E-1,-5.250667409058E0));
#853=LINE('',#852,#851);
#854=DIRECTION('',(-1.E0,0.E0,0.E0));
#855=VECTOR('',#854,1.57E0);
#856=CARTESIAN_POINT('',(-7.15E-1,-7.E-1,-5.1E0));
#857=LINE('',#856,#855);
#858=DIRECTION('',(0.E0,0.E0,1.E0));
#859=VECTOR('',#858,1.506674090581E-1);
#860=CARTESIAN_POINT('',(-7.15E-1,-7.E-1,-5.250667409058E0));
#861=LINE('',#860,#859);
#862=DIRECTION('',(1.E0,0.E0,0.E0));
#863=VECTOR('',#862,4.3E-1);
#864=CARTESIAN_POINT('',(-7.15E-1,-7.E-1,-5.250667409058E0));
#865=LINE('',#864,#863);
#866=DIRECTION('',(0.E0,0.E0,1.E0));
#867=VECTOR('',#866,1.506674090581E-1);
#868=CARTESIAN_POINT('',(-2.85E-1,-7.E-1,-5.250667409058E0));
#869=LINE('',#868,#867);
#870=DIRECTION('',(-1.E0,0.E0,0.E0));
#871=VECTOR('',#870,1.57E0);
#872=CARTESIAN_POINT('',(1.285E0,-7.E-1,-5.1E0));
#873=LINE('',#872,#871);
#874=DIRECTION('',(0.E0,0.E0,1.E0));
#875=VECTOR('',#874,1.506674090581E-1);
#876=CARTESIAN_POINT('',(1.285E0,-7.E-1,-5.250667409058E0));
#877=LINE('',#876,#875);
#878=DIRECTION('',(1.E0,0.E0,0.E0));
#879=VECTOR('',#878,4.3E-1);
#880=CARTESIAN_POINT('',(1.285E0,-7.E-1,-5.250667409058E0));
#881=LINE('',#880,#879);
#882=DIRECTION('',(0.E0,0.E0,1.E0));
#883=VECTOR('',#882,1.506674090581E-1);
#884=CARTESIAN_POINT('',(1.715E0,-7.E-1,-5.250667409058E0));
#885=LINE('',#884,#883);
#886=DIRECTION('',(-1.E0,0.E0,0.E0));
#887=VECTOR('',#886,1.57E0);
#888=CARTESIAN_POINT('',(3.285E0,-7.E-1,-5.1E0));
#889=LINE('',#888,#887);
#890=DIRECTION('',(0.E0,-1.908089953765E-1,-9.816271834477E-1));
#891=VECTOR('',#890,4.702532465529E-1);
#892=CARTESIAN_POINT('',(3.285E0,-1.8E-1,-1.103787701987E0));
#893=LINE('',#892,#891);
#894=CARTESIAN_POINT('',(3.285E0,-7.605421412711E-1,-1.469996574220E0));
#895=DIRECTION('',(-1.E0,0.E0,0.E0));
#896=DIRECTION('',(0.E0,9.816271834477E-1,-1.908089953765E-1));
#897=AXIS2_PLACEMENT_3D('',#894,#895,#896);
#899=DIRECTION('',(0.E0,-5.561124238544E-1,-8.311070761549E-1));
#900=VECTOR('',#899,3.230955657926E-1);
#901=CARTESIAN_POINT('',(3.285E0,-3.449886031937E-1,-1.748052786147E0));
#902=LINE('',#901,#900);
#903=CARTESIAN_POINT('',(3.285E0,-4.E-1,-2.099996660730E0));
#904=DIRECTION('',(1.E0,0.E0,0.E0));
#905=DIRECTION('',(0.E0,-8.311070761549E-1,5.561124238544E-1));
#906=AXIS2_PLACEMENT_3D('',#903,#904,#905);
#908=DIRECTION('',(0.E0,5.561124238544E-1,-8.311070761549E-1));
#909=VECTOR('',#908,1.882077107122E-1);
#910=CARTESIAN_POINT('',(3.285E0,-5.246660614232E-1,-2.183413524308E0));
#911=LINE('',#910,#909);
#912=DIRECTION('',(0.E0,8.311070761549E-1,5.561124238544E-1));
#913=VECTOR('',#912,2.E-1);
#914=CARTESIAN_POINT('',(3.285E0,-4.200014152310E-1,-2.339834284468E0));
#915=LINE('',#914,#913);
#916=DIRECTION('',(0.E0,-5.561124238544E-1,8.311070761549E-1));
#917=VECTOR('',#916,1.547515869581E-1);
#918=CARTESIAN_POINT('',(3.285E0,-2.5378E-1,-2.228611799697E0));
#919=LINE('',#918,#917);
#920=DIRECTION('',(0.E0,5.561124238544E-1,8.311070761549E-1));
#921=VECTOR('',#920,2.874226024493E-1);
#922=CARTESIAN_POINT('',(3.285E0,-3.398392801186E-1,-2.099996660730E0));
#923=LINE('',#922,#921);
#924=CARTESIAN_POINT('',(3.285E0,-6.8E-1,-5.55E0));
#925=DIRECTION('',(1.E0,0.E0,0.E0));
#926=DIRECTION('',(0.E0,-4.358898943541E-1,9.E-1));
#927=AXIS2_PLACEMENT_3D('',#924,#925,#926);
#929=DIRECTION('',(0.E0,-5.561070567875E-1,-8.311106673549E-1));
#930=VECTOR('',#929,5.400682146561E-2);
#931=CARTESIAN_POINT('',(3.285E0,-1.095555333677E0,-5.271946471606E0));
#932=LINE('',#931,#930);
#933=CARTESIAN_POINT('',(3.285E0,-1.374922108416E0,-5.15E0));
#934=DIRECTION('',(-1.E0,0.E0,0.E0));
#935=DIRECTION('',(0.E0,8.311106673549E-1,-5.561070567875E-1));
#936=AXIS2_PLACEMENT_3D('',#933,#934,#935);
#938=DIRECTION('',(0.E0,-1.E0,0.E0));
#939=VECTOR('',#938,8.250778915844E-1);
#940=CARTESIAN_POINT('',(3.285E0,-1.374922108416E0,-5.45E0));
#941=LINE('',#940,#939);
#942=DIRECTION('',(0.E0,0.E0,-1.E0));
#943=VECTOR('',#942,2.E-1);
#944=CARTESIAN_POINT('',(3.285E0,-2.2E0,-5.45E0));
#945=LINE('',#944,#943);
#946=DIRECTION('',(0.E0,1.E0,0.E0));
#947=VECTOR('',#946,8.250778915844E-1);
#948=CARTESIAN_POINT('',(3.285E0,-2.2E0,-5.65E0));
#949=LINE('',#948,#947);
#950=CARTESIAN_POINT('',(3.285E0,-1.374922108416E0,-5.15E0));
#951=DIRECTION('',(1.E0,0.E0,0.E0));
#952=DIRECTION('',(0.E0,0.E0,-1.E0));
#953=AXIS2_PLACEMENT_3D('',#950,#951,#952);
#955=DIRECTION('',(0.E0,5.561070567875E-1,8.311106673549E-1));
#956=VECTOR('',#955,5.400682146560E-2);
#957=CARTESIAN_POINT('',(3.285E0,-9.593667747382E-1,-5.428053528394E0));
#958=LINE('',#957,#956);
#959=CARTESIAN_POINT('',(3.285E0,-6.8E-1,-5.55E0));
#960=DIRECTION('',(-1.E0,0.E0,0.E0));
#961=DIRECTION('',(0.E0,-8.311106673549E-1,5.561070567875E-1));
#962=AXIS2_PLACEMENT_3D('',#959,#960,#961);
#964=DIRECTION('',(0.E0,5.561124238544E-1,8.311070761549E-1));
#965=VECTOR('',#964,2.874226024493E-1);
#966=CARTESIAN_POINT('',(3.715E0,-3.398392801186E-1,-2.099996660730E0));
#967=LINE('',#966,#965);
#968=DIRECTION('',(0.E0,-5.561124238544E-1,8.311070761549E-1));
#969=VECTOR('',#968,1.547515869581E-1);
#970=CARTESIAN_POINT('',(3.715E0,-2.5378E-1,-2.228611799697E0));
#971=LINE('',#970,#969);
#972=DIRECTION('',(0.E0,8.311070761549E-1,5.561124238544E-1));
#973=VECTOR('',#972,2.E-1);
#974=CARTESIAN_POINT('',(3.715E0,-4.200014152310E-1,-2.339834284468E0));
#975=LINE('',#974,#973);
#976=DIRECTION('',(0.E0,5.561124238544E-1,-8.311070761549E-1));
#977=VECTOR('',#976,1.882077107122E-1);
#978=CARTESIAN_POINT('',(3.715E0,-5.246660614232E-1,-2.183413524308E0));
#979=LINE('',#978,#977);
#980=CARTESIAN_POINT('',(3.715E0,-4.E-1,-2.099996660730E0));
#981=DIRECTION('',(1.E0,0.E0,0.E0));
#982=DIRECTION('',(0.E0,-8.311070761549E-1,5.561124238544E-1));
#983=AXIS2_PLACEMENT_3D('',#980,#981,#982);
#985=DIRECTION('',(0.E0,-5.561124238544E-1,-8.311070761549E-1));
#986=VECTOR('',#985,3.230955657926E-1);
#987=CARTESIAN_POINT('',(3.715E0,-3.449886031937E-1,-1.748052786147E0));
#988=LINE('',#987,#986);
#989=CARTESIAN_POINT('',(3.715E0,-7.605421412711E-1,-1.469996574220E0));
#990=DIRECTION('',(-1.E0,0.E0,0.E0));
#991=DIRECTION('',(0.E0,9.816271834477E-1,-1.908089953765E-1));
#992=AXIS2_PLACEMENT_3D('',#989,#990,#991);
#994=DIRECTION('',(0.E0,-1.908089953765E-1,-9.816271834477E-1));
#995=VECTOR('',#994,4.702532465529E-1);
#996=CARTESIAN_POINT('',(3.715E0,-1.8E-1,-1.103787701987E0));
#997=LINE('',#996,#995);
#998=CARTESIAN_POINT('',(3.715E0,-6.8E-1,-5.55E0));
#999=DIRECTION('',(-1.E0,0.E0,0.E0));
#1000=DIRECTION('',(0.E0,-8.311106673549E-1,5.561070567875E-1));
#1001=AXIS2_PLACEMENT_3D('',#998,#999,#1000);
#1003=DIRECTION('',(0.E0,5.561070567875E-1,8.311106673549E-1));
#1004=VECTOR('',#1003,5.400682146560E-2);
#1005=CARTESIAN_POINT('',(3.715E0,-9.593667747382E-1,-5.428053528394E0));
#1006=LINE('',#1005,#1004);
#1007=CARTESIAN_POINT('',(3.715E0,-1.374922108416E0,-5.15E0));
#1008=DIRECTION('',(1.E0,0.E0,0.E0));
#1009=DIRECTION('',(0.E0,0.E0,-1.E0));
#1010=AXIS2_PLACEMENT_3D('',#1007,#1008,#1009);
#1012=DIRECTION('',(0.E0,1.E0,0.E0));
#1013=VECTOR('',#1012,8.250778915844E-1);
#1014=CARTESIAN_POINT('',(3.715E0,-2.2E0,-5.65E0));
#1015=LINE('',#1014,#1013);
#1016=DIRECTION('',(0.E0,0.E0,-1.E0));
#1017=VECTOR('',#1016,2.E-1);
#1018=CARTESIAN_POINT('',(3.715E0,-2.2E0,-5.45E0));
#1019=LINE('',#1018,#1017);
#1020=DIRECTION('',(0.E0,-1.E0,0.E0));
#1021=VECTOR('',#1020,8.250778915844E-1);
#1022=CARTESIAN_POINT('',(3.715E0,-1.374922108416E0,-5.45E0));
#1023=LINE('',#1022,#1021);
#1024=CARTESIAN_POINT('',(3.715E0,-1.374922108416E0,-5.15E0));
#1025=DIRECTION('',(-1.E0,0.E0,0.E0));
#1026=DIRECTION('',(0.E0,8.311106673549E-1,-5.561070567875E-1));
#1027=AXIS2_PLACEMENT_3D('',#1024,#1025,#1026);
#1029=DIRECTION('',(0.E0,-5.561070567875E-1,-8.311106673549E-1));
#1030=VECTOR('',#1029,5.400682146561E-2);
#1031=CARTESIAN_POINT('',(3.715E0,-1.095555333677E0,-5.271946471606E0));
#1032=LINE('',#1031,#1030);
#1033=CARTESIAN_POINT('',(3.715E0,-6.8E-1,-5.55E0));
#1034=DIRECTION('',(1.E0,0.E0,0.E0));
#1035=DIRECTION('',(0.E0,-4.358898943541E-1,9.E-1));
#1036=AXIS2_PLACEMENT_3D('',#1033,#1034,#1035);
#1038=DIRECTION('',(1.E0,0.E0,0.E0));
#1039=VECTOR('',#1038,4.3E-1);
#1040=CARTESIAN_POINT('',(3.285E0,-3.398392801186E-1,-2.099996660730E0));
#1041=LINE('',#1040,#1039);
#1042=DIRECTION('',(1.E0,0.E0,0.E0));
#1043=VECTOR('',#1042,4.3E-1);
#1044=CARTESIAN_POINT('',(3.285E0,-2.5378E-1,-2.228611799697E0));
#1045=LINE('',#1044,#1043);
#1046=DIRECTION('',(1.E0,0.E0,0.E0));
#1047=VECTOR('',#1046,4.3E-1);
#1048=CARTESIAN_POINT('',(3.285E0,-4.200014152310E-1,-2.339834284468E0));
#1049=LINE('',#1048,#1047);
#1050=DIRECTION('',(1.E0,0.E0,0.E0));
#1051=VECTOR('',#1050,4.3E-1);
#1052=CARTESIAN_POINT('',(3.285E0,-5.246660614232E-1,-2.183413524308E0));
#1053=LINE('',#1052,#1051);
#1054=DIRECTION('',(1.E0,0.E0,0.E0));
#1055=VECTOR('',#1054,4.3E-1);
#1056=CARTESIAN_POINT('',(3.285E0,-5.246660614232E-1,-2.016579797152E0));
#1057=LINE('',#1056,#1055);
#1058=DIRECTION('',(1.E0,0.E0,0.E0));
#1059=VECTOR('',#1058,4.3E-1);
#1060=CARTESIAN_POINT('',(3.285E0,-3.449886031937E-1,-1.748052786147E0));
#1061=LINE('',#1060,#1059);
#1062=DIRECTION('',(1.E0,0.E0,0.E0));
#1063=VECTOR('',#1062,4.3E-1);
#1064=CARTESIAN_POINT('',(3.285E0,-2.697285495473E-1,-1.565401071908E0));
#1065=LINE('',#1064,#1063);
#1066=DIRECTION('',(1.E0,0.E0,0.E0));
#1067=VECTOR('',#1066,4.3E-1);
#1068=CARTESIAN_POINT('',(3.285E0,-9.293332002065E-1,-5.383167882964E0));
#1069=LINE('',#1068,#1067);
#1070=DIRECTION('',(1.E0,0.E0,0.E0));
#1071=VECTOR('',#1070,4.3E-1);
#1072=CARTESIAN_POINT('',(3.285E0,-9.593667747382E-1,-5.428053528394E0));
#1073=LINE('',#1072,#1071);
#1074=DIRECTION('',(1.E0,0.E0,0.E0));
#1075=VECTOR('',#1074,4.3E-1);
#1076=CARTESIAN_POINT('',(3.285E0,-1.374922108416E0,-5.65E0));
#1077=LINE('',#1076,#1075);
#1078=DIRECTION('',(1.E0,0.E0,0.E0));
#1079=VECTOR('',#1078,4.3E-1);
#1080=CARTESIAN_POINT('',(3.285E0,-2.2E0,-5.65E0));
#1081=LINE('',#1080,#1079);
#1082=DIRECTION('',(1.E0,0.E0,0.E0));
#1083=VECTOR('',#1082,4.3E-1);
#1084=CARTESIAN_POINT('',(3.285E0,-2.2E0,-5.45E0));
#1085=LINE('',#1084,#1083);
#1086=DIRECTION('',(1.E0,0.E0,0.E0));
#1087=VECTOR('',#1086,4.3E-1);
#1088=CARTESIAN_POINT('',(3.285E0,-1.374922108416E0,-5.45E0));
#1089=LINE('',#1088,#1087);
#1090=DIRECTION('',(1.E0,0.E0,0.E0));
#1091=VECTOR('',#1090,4.3E-1);
#1092=CARTESIAN_POINT('',(3.285E0,-1.125588908209E0,-5.316832117036E0));
#1093=LINE('',#1092,#1091);
#1094=DIRECTION('',(1.E0,0.E0,0.E0));
#1095=VECTOR('',#1094,4.3E-1);
#1096=CARTESIAN_POINT('',(3.285E0,-1.095555333677E0,-5.271946471606E0));
#1097=LINE('',#1096,#1095);
#1098=DIRECTION('',(0.E0,-1.E0,0.E0));
#1099=VECTOR('',#1098,1.979449471770E-1);
#1100=CARTESIAN_POINT('',(3.285E0,-7.E-1,-5.1E0));
#1101=LINE('',#1100,#1099);
#1102=DIRECTION('',(0.E0,-1.E0,0.E0));
#1103=VECTOR('',#1102,1.979449471770E-1);
#1104=CARTESIAN_POINT('',(1.715E0,-7.E-1,-5.1E0));
#1105=LINE('',#1104,#1103);
#1106=DIRECTION('',(1.E0,0.E0,0.E0));
#1107=VECTOR('',#1106,4.3E-1);
#1108=CARTESIAN_POINT('',(1.285E0,-8.979449471770E-1,-5.1E0));
#1109=LINE('',#1108,#1107);
#1110=DIRECTION('',(0.E0,-1.E0,0.E0));
#1111=VECTOR('',#1110,1.979449471770E-1);
#1112=CARTESIAN_POINT('',(1.285E0,-7.E-1,-5.1E0));
#1113=LINE('',#1112,#1111);
#1114=DIRECTION('',(0.E0,-1.E0,0.E0));
#1115=VECTOR('',#1114,1.979449471770E-1);
#1116=CARTESIAN_POINT('',(-2.85E-1,-7.E-1,-5.1E0));
#1117=LINE('',#1116,#1115);
#1118=DIRECTION('',(1.E0,0.E0,0.E0));
#1119=VECTOR('',#1118,4.3E-1);
#1120=CARTESIAN_POINT('',(-7.15E-1,-8.979449471770E-1,-5.1E0));
#1121=LINE('',#1120,#1119);
#1122=DIRECTION('',(0.E0,-1.E0,0.E0));
#1123=VECTOR('',#1122,1.979449471770E-1);
#1124=CARTESIAN_POINT('',(-7.15E-1,-7.E-1,-5.1E0));
#1125=LINE('',#1124,#1123);
#1126=DIRECTION('',(0.E0,-1.E0,0.E0));
#1127=VECTOR('',#1126,1.979449471770E-1);
#1128=CARTESIAN_POINT('',(-2.285E0,-7.E-1,-5.1E0));
#1129=LINE('',#1128,#1127);
#1130=DIRECTION('',(1.E0,0.E0,0.E0));
#1131=VECTOR('',#1130,4.3E-1);
#1132=CARTESIAN_POINT('',(-2.715E0,-8.979449471770E-1,-5.1E0));
#1133=LINE('',#1132,#1131);
#1134=DIRECTION('',(0.E0,-1.E0,0.E0));
#1135=VECTOR('',#1134,1.979449471770E-1);
#1136=CARTESIAN_POINT('',(-2.715E0,-7.E-1,-5.1E0));
#1137=LINE('',#1136,#1135);
#1138=DIRECTION('',(0.E0,-1.E0,0.E0));
#1139=VECTOR('',#1138,1.979449471770E-1);
#1140=CARTESIAN_POINT('',(-4.285E0,-7.E-1,-5.1E0));
#1141=LINE('',#1140,#1139);
#1142=DIRECTION('',(1.E0,0.E0,0.E0));
#1143=VECTOR('',#1142,4.3E-1);
#1144=CARTESIAN_POINT('',(-4.715E0,-8.979449471770E-1,-5.1E0));
#1145=LINE('',#1144,#1143);
#1146=DIRECTION('',(0.E0,-1.E0,0.E0));
#1147=VECTOR('',#1146,1.979449471770E-1);
#1148=CARTESIAN_POINT('',(-4.715E0,-7.E-1,-5.1E0));
#1149=LINE('',#1148,#1147);
#1150=DIRECTION('',(0.E0,1.E0,0.E0));
#1151=VECTOR('',#1150,8.E-1);
#1152=CARTESIAN_POINT('',(5.E0,-1.5E0,-5.1E0));
#1153=LINE('',#1152,#1151);
#1154=DIRECTION('',(0.E0,-1.E0,0.E0));
#1155=VECTOR('',#1154,1.979449471770E-1);
#1156=CARTESIAN_POINT('',(3.715E0,-7.E-1,-5.1E0));
#1157=LINE('',#1156,#1155);
#1158=DIRECTION('',(1.E0,0.E0,0.E0));
#1159=VECTOR('',#1158,4.3E-1);
#1160=CARTESIAN_POINT('',(3.285E0,-8.979449471770E-1,-5.1E0));
#1161=LINE('',#1160,#1159);
#1162=DIRECTION('',(0.E0,5.561124238544E-1,8.311070761549E-1));
#1163=VECTOR('',#1162,2.874226024493E-1);
#1164=CARTESIAN_POINT('',(1.715E0,-3.398392801186E-1,-2.099996660730E0));
#1165=LINE('',#1164,#1163);
#1166=DIRECTION('',(0.E0,-5.561124238544E-1,8.311070761549E-1));
#1167=VECTOR('',#1166,1.547515869581E-1);
#1168=CARTESIAN_POINT('',(1.715E0,-2.5378E-1,-2.228611799697E0));
#1169=LINE('',#1168,#1167);
#1170=DIRECTION('',(0.E0,8.311070761549E-1,5.561124238544E-1));
#1171=VECTOR('',#1170,2.E-1);
#1172=CARTESIAN_POINT('',(1.715E0,-4.200014152310E-1,-2.339834284468E0));
#1173=LINE('',#1172,#1171);
#1174=DIRECTION('',(0.E0,5.561124238544E-1,-8.311070761549E-1));
#1175=VECTOR('',#1174,1.882077107122E-1);
#1176=CARTESIAN_POINT('',(1.715E0,-5.246660614232E-1,-2.183413524308E0));
#1177=LINE('',#1176,#1175);
#1178=CARTESIAN_POINT('',(1.715E0,-4.E-1,-2.099996660730E0));
#1179=DIRECTION('',(1.E0,0.E0,0.E0));
#1180=DIRECTION('',(0.E0,-8.311070761549E-1,5.561124238544E-1));
#1181=AXIS2_PLACEMENT_3D('',#1178,#1179,#1180);
#1183=DIRECTION('',(0.E0,-5.561124238544E-1,-8.311070761549E-1));
#1184=VECTOR('',#1183,3.230955657926E-1);
#1185=CARTESIAN_POINT('',(1.715E0,-3.449886031937E-1,-1.748052786147E0));
#1186=LINE('',#1185,#1184);
#1187=CARTESIAN_POINT('',(1.715E0,-7.605421412711E-1,-1.469996574220E0));
#1188=DIRECTION('',(-1.E0,0.E0,0.E0));
#1189=DIRECTION('',(0.E0,9.816271834477E-1,-1.908089953765E-1));
#1190=AXIS2_PLACEMENT_3D('',#1187,#1188,#1189);
#1192=DIRECTION('',(0.E0,-1.908089953765E-1,-9.816271834477E-1));
#1193=VECTOR('',#1192,4.702532465529E-1);
#1194=CARTESIAN_POINT('',(1.715E0,-1.8E-1,-1.103787701987E0));
#1195=LINE('',#1194,#1193);
#1196=CARTESIAN_POINT('',(1.715E0,-6.8E-1,-5.55E0));
#1197=DIRECTION('',(-1.E0,0.E0,0.E0));
#1198=DIRECTION('',(0.E0,-8.311106673549E-1,5.561070567875E-1));
#1199=AXIS2_PLACEMENT_3D('',#1196,#1197,#1198);
#1201=DIRECTION('',(0.E0,5.561070567875E-1,8.311106673549E-1));
#1202=VECTOR('',#1201,5.400682146560E-2);
#1203=CARTESIAN_POINT('',(1.715E0,-9.593667747382E-1,-5.428053528394E0));
#1204=LINE('',#1203,#1202);
#1205=CARTESIAN_POINT('',(1.715E0,-1.374922108416E0,-5.15E0));
#1206=DIRECTION('',(1.E0,0.E0,0.E0));
#1207=DIRECTION('',(0.E0,0.E0,-1.E0));
#1208=AXIS2_PLACEMENT_3D('',#1205,#1206,#1207);
#1210=DIRECTION('',(0.E0,1.E0,0.E0));
#1211=VECTOR('',#1210,8.250778915844E-1);
#1212=CARTESIAN_POINT('',(1.715E0,-2.2E0,-5.65E0));
#1213=LINE('',#1212,#1211);
#1214=DIRECTION('',(0.E0,0.E0,-1.E0));
#1215=VECTOR('',#1214,2.E-1);
#1216=CARTESIAN_POINT('',(1.715E0,-2.2E0,-5.45E0));
#1217=LINE('',#1216,#1215);
#1218=DIRECTION('',(0.E0,-1.E0,0.E0));
#1219=VECTOR('',#1218,8.250778915844E-1);
#1220=CARTESIAN_POINT('',(1.715E0,-1.374922108416E0,-5.45E0));
#1221=LINE('',#1220,#1219);
#1222=CARTESIAN_POINT('',(1.715E0,-1.374922108416E0,-5.15E0));
#1223=DIRECTION('',(-1.E0,0.E0,0.E0));
#1224=DIRECTION('',(0.E0,8.311106673549E-1,-5.561070567875E-1));
#1225=AXIS2_PLACEMENT_3D('',#1222,#1223,#1224);
#1227=DIRECTION('',(0.E0,-5.561070567875E-1,-8.311106673549E-1));
#1228=VECTOR('',#1227,5.400682146561E-2);
#1229=CARTESIAN_POINT('',(1.715E0,-1.095555333677E0,-5.271946471606E0));
#1230=LINE('',#1229,#1228);
#1231=CARTESIAN_POINT('',(1.715E0,-6.8E-1,-5.55E0));
#1232=DIRECTION('',(1.E0,0.E0,0.E0));
#1233=DIRECTION('',(0.E0,-4.358898943541E-1,9.E-1));
#1234=AXIS2_PLACEMENT_3D('',#1231,#1232,#1233);
#1236=DIRECTION('',(1.E0,0.E0,0.E0));
#1237=VECTOR('',#1236,4.3E-1);
#1238=CARTESIAN_POINT('',(1.285E0,-3.398392801186E-1,-2.099996660730E0));
#1239=LINE('',#1238,#1237);
#1240=DIRECTION('',(0.E0,-1.908089953765E-1,-9.816271834477E-1));
#1241=VECTOR('',#1240,4.702532465529E-1);
#1242=CARTESIAN_POINT('',(1.285E0,-1.8E-1,-1.103787701987E0));
#1243=LINE('',#1242,#1241);
#1244=CARTESIAN_POINT('',(1.285E0,-7.605421412711E-1,-1.469996574220E0));
#1245=DIRECTION('',(-1.E0,0.E0,0.E0));
#1246=DIRECTION('',(0.E0,9.816271834477E-1,-1.908089953765E-1));
#1247=AXIS2_PLACEMENT_3D('',#1244,#1245,#1246);
#1249=DIRECTION('',(0.E0,-5.561124238544E-1,-8.311070761549E-1));
#1250=VECTOR('',#1249,3.230955657926E-1);
#1251=CARTESIAN_POINT('',(1.285E0,-3.449886031937E-1,-1.748052786147E0));
#1252=LINE('',#1251,#1250);
#1253=CARTESIAN_POINT('',(1.285E0,-4.E-1,-2.099996660730E0));
#1254=DIRECTION('',(1.E0,0.E0,0.E0));
#1255=DIRECTION('',(0.E0,-8.311070761549E-1,5.561124238544E-1));
#1256=AXIS2_PLACEMENT_3D('',#1253,#1254,#1255);
#1258=DIRECTION('',(0.E0,5.561124238544E-1,-8.311070761549E-1));
#1259=VECTOR('',#1258,1.882077107122E-1);
#1260=CARTESIAN_POINT('',(1.285E0,-5.246660614232E-1,-2.183413524308E0));
#1261=LINE('',#1260,#1259);
#1262=DIRECTION('',(0.E0,8.311070761549E-1,5.561124238544E-1));
#1263=VECTOR('',#1262,2.E-1);
#1264=CARTESIAN_POINT('',(1.285E0,-4.200014152310E-1,-2.339834284468E0));
#1265=LINE('',#1264,#1263);
#1266=DIRECTION('',(0.E0,-5.561124238544E-1,8.311070761549E-1));
#1267=VECTOR('',#1266,1.547515869581E-1);
#1268=CARTESIAN_POINT('',(1.285E0,-2.5378E-1,-2.228611799697E0));
#1269=LINE('',#1268,#1267);
#1270=DIRECTION('',(0.E0,5.561124238544E-1,8.311070761549E-1));
#1271=VECTOR('',#1270,2.874226024493E-1);
#1272=CARTESIAN_POINT('',(1.285E0,-3.398392801186E-1,-2.099996660730E0));
#1273=LINE('',#1272,#1271);
#1274=CARTESIAN_POINT('',(1.285E0,-6.8E-1,-5.55E0));
#1275=DIRECTION('',(1.E0,0.E0,0.E0));
#1276=DIRECTION('',(0.E0,-4.358898943541E-1,9.E-1));
#1277=AXIS2_PLACEMENT_3D('',#1274,#1275,#1276);
#1279=DIRECTION('',(0.E0,-5.561070567875E-1,-8.311106673549E-1));
#1280=VECTOR('',#1279,5.400682146561E-2);
#1281=CARTESIAN_POINT('',(1.285E0,-1.095555333677E0,-5.271946471606E0));
#1282=LINE('',#1281,#1280);
#1283=CARTESIAN_POINT('',(1.285E0,-1.374922108416E0,-5.15E0));
#1284=DIRECTION('',(-1.E0,0.E0,0.E0));
#1285=DIRECTION('',(0.E0,8.311106673549E-1,-5.561070567875E-1));
#1286=AXIS2_PLACEMENT_3D('',#1283,#1284,#1285);
#1288=DIRECTION('',(0.E0,-1.E0,0.E0));
#1289=VECTOR('',#1288,8.250778915844E-1);
#1290=CARTESIAN_POINT('',(1.285E0,-1.374922108416E0,-5.45E0));
#1291=LINE('',#1290,#1289);
#1292=DIRECTION('',(0.E0,0.E0,-1.E0));
#1293=VECTOR('',#1292,2.E-1);
#1294=CARTESIAN_POINT('',(1.285E0,-2.2E0,-5.45E0));
#1295=LINE('',#1294,#1293);
#1296=DIRECTION('',(0.E0,1.E0,0.E0));
#1297=VECTOR('',#1296,8.250778915844E-1);
#1298=CARTESIAN_POINT('',(1.285E0,-2.2E0,-5.65E0));
#1299=LINE('',#1298,#1297);
#1300=CARTESIAN_POINT('',(1.285E0,-1.374922108416E0,-5.15E0));
#1301=DIRECTION('',(1.E0,0.E0,0.E0));
#1302=DIRECTION('',(0.E0,0.E0,-1.E0));
#1303=AXIS2_PLACEMENT_3D('',#1300,#1301,#1302);
#1305=DIRECTION('',(0.E0,5.561070567875E-1,8.311106673549E-1));
#1306=VECTOR('',#1305,5.400682146560E-2);
#1307=CARTESIAN_POINT('',(1.285E0,-9.593667747382E-1,-5.428053528394E0));
#1308=LINE('',#1307,#1306);
#1309=CARTESIAN_POINT('',(1.285E0,-6.8E-1,-5.55E0));
#1310=DIRECTION('',(-1.E0,0.E0,0.E0));
#1311=DIRECTION('',(0.E0,-8.311106673549E-1,5.561070567875E-1));
#1312=AXIS2_PLACEMENT_3D('',#1309,#1310,#1311);
#1314=DIRECTION('',(1.E0,0.E0,0.E0));
#1315=VECTOR('',#1314,4.3E-1);
#1316=CARTESIAN_POINT('',(1.285E0,-2.697285495473E-1,-1.565401071908E0));
#1317=LINE('',#1316,#1315);
#1318=DIRECTION('',(1.E0,0.E0,0.E0));
#1319=VECTOR('',#1318,4.3E-1);
#1320=CARTESIAN_POINT('',(1.285E0,-3.449886031937E-1,-1.748052786147E0));
#1321=LINE('',#1320,#1319);
#1322=DIRECTION('',(1.E0,0.E0,0.E0));
#1323=VECTOR('',#1322,4.3E-1);
#1324=CARTESIAN_POINT('',(1.285E0,-5.246660614232E-1,-2.016579797152E0));
#1325=LINE('',#1324,#1323);
#1326=DIRECTION('',(1.E0,0.E0,0.E0));
#1327=VECTOR('',#1326,4.3E-1);
#1328=CARTESIAN_POINT('',(1.285E0,-5.246660614232E-1,-2.183413524308E0));
#1329=LINE('',#1328,#1327);
#1330=DIRECTION('',(1.E0,0.E0,0.E0));
#1331=VECTOR('',#1330,4.3E-1);
#1332=CARTESIAN_POINT('',(1.285E0,-4.200014152310E-1,-2.339834284468E0));
#1333=LINE('',#1332,#1331);
#1334=DIRECTION('',(1.E0,0.E0,0.E0));
#1335=VECTOR('',#1334,4.3E-1);
#1336=CARTESIAN_POINT('',(1.285E0,-2.5378E-1,-2.228611799697E0));
#1337=LINE('',#1336,#1335);
#1338=DIRECTION('',(1.E0,0.E0,0.E0));
#1339=VECTOR('',#1338,4.3E-1);
#1340=CARTESIAN_POINT('',(1.285E0,-1.095555333677E0,-5.271946471606E0));
#1341=LINE('',#1340,#1339);
#1342=DIRECTION('',(1.E0,0.E0,0.E0));
#1343=VECTOR('',#1342,4.3E-1);
#1344=CARTESIAN_POINT('',(1.285E0,-1.125588908209E0,-5.316832117036E0));
#1345=LINE('',#1344,#1343);
#1346=DIRECTION('',(1.E0,0.E0,0.E0));
#1347=VECTOR('',#1346,4.3E-1);
#1348=CARTESIAN_POINT('',(1.285E0,-1.374922108416E0,-5.45E0));
#1349=LINE('',#1348,#1347);
#1350=DIRECTION('',(1.E0,0.E0,0.E0));
#1351=VECTOR('',#1350,4.3E-1);
#1352=CARTESIAN_POINT('',(1.285E0,-2.2E0,-5.45E0));
#1353=LINE('',#1352,#1351);
#1354=DIRECTION('',(1.E0,0.E0,0.E0));
#1355=VECTOR('',#1354,4.3E-1);
#1356=CARTESIAN_POINT('',(1.285E0,-2.2E0,-5.65E0));
#1357=LINE('',#1356,#1355);
#1358=DIRECTION('',(1.E0,0.E0,0.E0));
#1359=VECTOR('',#1358,4.3E-1);
#1360=CARTESIAN_POINT('',(1.285E0,-1.374922108416E0,-5.65E0));
#1361=LINE('',#1360,#1359);
#1362=DIRECTION('',(1.E0,0.E0,0.E0));
#1363=VECTOR('',#1362,4.3E-1);
#1364=CARTESIAN_POINT('',(1.285E0,-9.593667747382E-1,-5.428053528394E0));
#1365=LINE('',#1364,#1363);
#1366=DIRECTION('',(1.E0,0.E0,0.E0));
#1367=VECTOR('',#1366,4.3E-1);
#1368=CARTESIAN_POINT('',(1.285E0,-9.293332002065E-1,-5.383167882964E0));
#1369=LINE('',#1368,#1367);
#1370=DIRECTION('',(0.E0,5.561124238544E-1,8.311070761549E-1));
#1371=VECTOR('',#1370,2.874226024493E-1);
#1372=CARTESIAN_POINT('',(-2.85E-1,-3.398392801186E-1,-2.099996660730E0));
#1373=LINE('',#1372,#1371);
#1374=DIRECTION('',(0.E0,-5.561124238544E-1,8.311070761549E-1));
#1375=VECTOR('',#1374,1.547515869581E-1);
#1376=CARTESIAN_POINT('',(-2.85E-1,-2.5378E-1,-2.228611799697E0));
#1377=LINE('',#1376,#1375);
#1378=DIRECTION('',(0.E0,8.311070761549E-1,5.561124238544E-1));
#1379=VECTOR('',#1378,2.E-1);
#1380=CARTESIAN_POINT('',(-2.85E-1,-4.200014152310E-1,-2.339834284468E0));
#1381=LINE('',#1380,#1379);
#1382=DIRECTION('',(0.E0,5.561124238544E-1,-8.311070761549E-1));
#1383=VECTOR('',#1382,1.882077107122E-1);
#1384=CARTESIAN_POINT('',(-2.85E-1,-5.246660614232E-1,-2.183413524308E0));
#1385=LINE('',#1384,#1383);
#1386=CARTESIAN_POINT('',(-2.85E-1,-4.E-1,-2.099996660730E0));
#1387=DIRECTION('',(1.E0,0.E0,0.E0));
#1388=DIRECTION('',(0.E0,-8.311070761549E-1,5.561124238544E-1));
#1389=AXIS2_PLACEMENT_3D('',#1386,#1387,#1388);
#1391=DIRECTION('',(0.E0,-5.561124238544E-1,-8.311070761549E-1));
#1392=VECTOR('',#1391,3.230955657926E-1);
#1393=CARTESIAN_POINT('',(-2.85E-1,-3.449886031937E-1,-1.748052786147E0));
#1394=LINE('',#1393,#1392);
#1395=CARTESIAN_POINT('',(-2.85E-1,-7.605421412711E-1,-1.469996574220E0));
#1396=DIRECTION('',(-1.E0,0.E0,0.E0));
#1397=DIRECTION('',(0.E0,9.816271834477E-1,-1.908089953765E-1));
#1398=AXIS2_PLACEMENT_3D('',#1395,#1396,#1397);
#1400=DIRECTION('',(0.E0,-1.908089953765E-1,-9.816271834477E-1));
#1401=VECTOR('',#1400,4.702532465529E-1);
#1402=CARTESIAN_POINT('',(-2.85E-1,-1.8E-1,-1.103787701987E0));
#1403=LINE('',#1402,#1401);
#1404=CARTESIAN_POINT('',(-2.85E-1,-6.8E-1,-5.55E0));
#1405=DIRECTION('',(-1.E0,0.E0,0.E0));
#1406=DIRECTION('',(0.E0,-8.311106673549E-1,5.561070567875E-1));
#1407=AXIS2_PLACEMENT_3D('',#1404,#1405,#1406);
#1409=DIRECTION('',(0.E0,5.561070567875E-1,8.311106673549E-1));
#1410=VECTOR('',#1409,5.400682146560E-2);
#1411=CARTESIAN_POINT('',(-2.85E-1,-9.593667747382E-1,-5.428053528394E0));
#1412=LINE('',#1411,#1410);
#1413=CARTESIAN_POINT('',(-2.85E-1,-1.374922108416E0,-5.15E0));
#1414=DIRECTION('',(1.E0,0.E0,0.E0));
#1415=DIRECTION('',(0.E0,0.E0,-1.E0));
#1416=AXIS2_PLACEMENT_3D('',#1413,#1414,#1415);
#1418=DIRECTION('',(0.E0,1.E0,0.E0));
#1419=VECTOR('',#1418,8.250778915844E-1);
#1420=CARTESIAN_POINT('',(-2.85E-1,-2.2E0,-5.65E0));
#1421=LINE('',#1420,#1419);
#1422=DIRECTION('',(0.E0,0.E0,-1.E0));
#1423=VECTOR('',#1422,2.E-1);
#1424=CARTESIAN_POINT('',(-2.85E-1,-2.2E0,-5.45E0));
#1425=LINE('',#1424,#1423);
#1426=DIRECTION('',(0.E0,-1.E0,0.E0));
#1427=VECTOR('',#1426,8.250778915844E-1);
#1428=CARTESIAN_POINT('',(-2.85E-1,-1.374922108416E0,-5.45E0));
#1429=LINE('',#1428,#1427);
#1430=CARTESIAN_POINT('',(-2.85E-1,-1.374922108416E0,-5.15E0));
#1431=DIRECTION('',(-1.E0,0.E0,0.E0));
#1432=DIRECTION('',(0.E0,8.311106673549E-1,-5.561070567875E-1));
#1433=AXIS2_PLACEMENT_3D('',#1430,#1431,#1432);
#1435=DIRECTION('',(0.E0,-5.561070567875E-1,-8.311106673549E-1));
#1436=VECTOR('',#1435,5.400682146561E-2);
#1437=CARTESIAN_POINT('',(-2.85E-1,-1.095555333677E0,-5.271946471606E0));
#1438=LINE('',#1437,#1436);
#1439=CARTESIAN_POINT('',(-2.85E-1,-6.8E-1,-5.55E0));
#1440=DIRECTION('',(1.E0,0.E0,0.E0));
#1441=DIRECTION('',(0.E0,-4.358898943541E-1,9.E-1));
#1442=AXIS2_PLACEMENT_3D('',#1439,#1440,#1441);
#1444=DIRECTION('',(1.E0,0.E0,0.E0));
#1445=VECTOR('',#1444,4.3E-1);
#1446=CARTESIAN_POINT('',(-7.15E-1,-3.398392801186E-1,-2.099996660730E0));
#1447=LINE('',#1446,#1445);
#1448=DIRECTION('',(0.E0,-1.908089953765E-1,-9.816271834477E-1));
#1449=VECTOR('',#1448,4.702532465529E-1);
#1450=CARTESIAN_POINT('',(-7.15E-1,-1.8E-1,-1.103787701987E0));
#1451=LINE('',#1450,#1449);
#1452=CARTESIAN_POINT('',(-7.15E-1,-7.605421412711E-1,-1.469996574220E0));
#1453=DIRECTION('',(-1.E0,0.E0,0.E0));
#1454=DIRECTION('',(0.E0,9.816271834477E-1,-1.908089953765E-1));
#1455=AXIS2_PLACEMENT_3D('',#1452,#1453,#1454);
#1457=DIRECTION('',(0.E0,-5.561124238544E-1,-8.311070761549E-1));
#1458=VECTOR('',#1457,3.230955657926E-1);
#1459=CARTESIAN_POINT('',(-7.15E-1,-3.449886031937E-1,-1.748052786147E0));
#1460=LINE('',#1459,#1458);
#1461=CARTESIAN_POINT('',(-7.15E-1,-4.E-1,-2.099996660730E0));
#1462=DIRECTION('',(1.E0,0.E0,0.E0));
#1463=DIRECTION('',(0.E0,-8.311070761549E-1,5.561124238544E-1));
#1464=AXIS2_PLACEMENT_3D('',#1461,#1462,#1463);
#1466=DIRECTION('',(0.E0,5.561124238544E-1,-8.311070761549E-1));
#1467=VECTOR('',#1466,1.882077107122E-1);
#1468=CARTESIAN_POINT('',(-7.15E-1,-5.246660614232E-1,-2.183413524308E0));
#1469=LINE('',#1468,#1467);
#1470=DIRECTION('',(0.E0,8.311070761549E-1,5.561124238544E-1));
#1471=VECTOR('',#1470,2.E-1);
#1472=CARTESIAN_POINT('',(-7.15E-1,-4.200014152310E-1,-2.339834284468E0));
#1473=LINE('',#1472,#1471);
#1474=DIRECTION('',(0.E0,-5.561124238544E-1,8.311070761549E-1));
#1475=VECTOR('',#1474,1.547515869581E-1);
#1476=CARTESIAN_POINT('',(-7.15E-1,-2.5378E-1,-2.228611799697E0));
#1477=LINE('',#1476,#1475);
#1478=DIRECTION('',(0.E0,5.561124238544E-1,8.311070761549E-1));
#1479=VECTOR('',#1478,2.874226024493E-1);
#1480=CARTESIAN_POINT('',(-7.15E-1,-3.398392801186E-1,-2.099996660730E0));
#1481=LINE('',#1480,#1479);
#1482=CARTESIAN_POINT('',(-7.15E-1,-6.8E-1,-5.55E0));
#1483=DIRECTION('',(1.E0,0.E0,0.E0));
#1484=DIRECTION('',(0.E0,-4.358898943541E-1,9.E-1));
#1485=AXIS2_PLACEMENT_3D('',#1482,#1483,#1484);
#1487=DIRECTION('',(0.E0,-5.561070567875E-1,-8.311106673549E-1));
#1488=VECTOR('',#1487,5.400682146561E-2);
#1489=CARTESIAN_POINT('',(-7.15E-1,-1.095555333677E0,-5.271946471606E0));
#1490=LINE('',#1489,#1488);
#1491=CARTESIAN_POINT('',(-7.15E-1,-1.374922108416E0,-5.15E0));
#1492=DIRECTION('',(-1.E0,0.E0,0.E0));
#1493=DIRECTION('',(0.E0,8.311106673549E-1,-5.561070567875E-1));
#1494=AXIS2_PLACEMENT_3D('',#1491,#1492,#1493);
#1496=DIRECTION('',(0.E0,-1.E0,0.E0));
#1497=VECTOR('',#1496,8.250778915844E-1);
#1498=CARTESIAN_POINT('',(-7.15E-1,-1.374922108416E0,-5.45E0));
#1499=LINE('',#1498,#1497);
#1500=DIRECTION('',(0.E0,0.E0,-1.E0));
#1501=VECTOR('',#1500,2.E-1);
#1502=CARTESIAN_POINT('',(-7.15E-1,-2.2E0,-5.45E0));
#1503=LINE('',#1502,#1501);
#1504=DIRECTION('',(0.E0,1.E0,0.E0));
#1505=VECTOR('',#1504,8.250778915844E-1);
#1506=CARTESIAN_POINT('',(-7.15E-1,-2.2E0,-5.65E0));
#1507=LINE('',#1506,#1505);
#1508=CARTESIAN_POINT('',(-7.15E-1,-1.374922108416E0,-5.15E0));
#1509=DIRECTION('',(1.E0,0.E0,0.E0));
#1510=DIRECTION('',(0.E0,0.E0,-1.E0));
#1511=AXIS2_PLACEMENT_3D('',#1508,#1509,#1510);
#1513=DIRECTION('',(0.E0,5.561070567875E-1,8.311106673549E-1));
#1514=VECTOR('',#1513,5.400682146560E-2);
#1515=CARTESIAN_POINT('',(-7.15E-1,-9.593667747382E-1,-5.428053528394E0));
#1516=LINE('',#1515,#1514);
#1517=CARTESIAN_POINT('',(-7.15E-1,-6.8E-1,-5.55E0));
#1518=DIRECTION('',(-1.E0,0.E0,0.E0));
#1519=DIRECTION('',(0.E0,-8.311106673549E-1,5.561070567875E-1));
#1520=AXIS2_PLACEMENT_3D('',#1517,#1518,#1519);
#1522=DIRECTION('',(1.E0,0.E0,0.E0));
#1523=VECTOR('',#1522,4.3E-1);
#1524=CARTESIAN_POINT('',(-7.15E-1,-2.697285495473E-1,-1.565401071908E0));
#1525=LINE('',#1524,#1523);
#1526=DIRECTION('',(1.E0,0.E0,0.E0));
#1527=VECTOR('',#1526,4.3E-1);
#1528=CARTESIAN_POINT('',(-7.15E-1,-3.449886031937E-1,-1.748052786147E0));
#1529=LINE('',#1528,#1527);
#1530=DIRECTION('',(1.E0,0.E0,0.E0));
#1531=VECTOR('',#1530,4.3E-1);
#1532=CARTESIAN_POINT('',(-7.15E-1,-5.246660614232E-1,-2.016579797152E0));
#1533=LINE('',#1532,#1531);
#1534=DIRECTION('',(1.E0,0.E0,0.E0));
#1535=VECTOR('',#1534,4.3E-1);
#1536=CARTESIAN_POINT('',(-7.15E-1,-5.246660614232E-1,-2.183413524308E0));
#1537=LINE('',#1536,#1535);
#1538=DIRECTION('',(1.E0,0.E0,0.E0));
#1539=VECTOR('',#1538,4.3E-1);
#1540=CARTESIAN_POINT('',(-7.15E-1,-4.200014152310E-1,-2.339834284468E0));
#1541=LINE('',#1540,#1539);
#1542=DIRECTION('',(1.E0,0.E0,0.E0));
#1543=VECTOR('',#1542,4.3E-1);
#1544=CARTESIAN_POINT('',(-7.15E-1,-2.5378E-1,-2.228611799697E0));
#1545=LINE('',#1544,#1543);
#1546=DIRECTION('',(1.E0,0.E0,0.E0));
#1547=VECTOR('',#1546,4.3E-1);
#1548=CARTESIAN_POINT('',(-7.15E-1,-1.095555333677E0,-5.271946471606E0));
#1549=LINE('',#1548,#1547);
#1550=DIRECTION('',(1.E0,0.E0,0.E0));
#1551=VECTOR('',#1550,4.3E-1);
#1552=CARTESIAN_POINT('',(-7.15E-1,-1.125588908209E0,-5.316832117036E0));
#1553=LINE('',#1552,#1551);
#1554=DIRECTION('',(1.E0,0.E0,0.E0));
#1555=VECTOR('',#1554,4.3E-1);
#1556=CARTESIAN_POINT('',(-7.15E-1,-1.374922108416E0,-5.45E0));
#1557=LINE('',#1556,#1555);
#1558=DIRECTION('',(1.E0,0.E0,0.E0));
#1559=VECTOR('',#1558,4.3E-1);
#1560=CARTESIAN_POINT('',(-7.15E-1,-2.2E0,-5.45E0));
#1561=LINE('',#1560,#1559);
#1562=DIRECTION('',(1.E0,0.E0,0.E0));
#1563=VECTOR('',#1562,4.3E-1);
#1564=CARTESIAN_POINT('',(-7.15E-1,-2.2E0,-5.65E0));
#1565=LINE('',#1564,#1563);
#1566=DIRECTION('',(1.E0,0.E0,0.E0));
#1567=VECTOR('',#1566,4.3E-1);
#1568=CARTESIAN_POINT('',(-7.15E-1,-1.374922108416E0,-5.65E0));
#1569=LINE('',#1568,#1567);
#1570=DIRECTION('',(1.E0,0.E0,0.E0));
#1571=VECTOR('',#1570,4.3E-1);
#1572=CARTESIAN_POINT('',(-7.15E-1,-9.593667747382E-1,-5.428053528394E0));
#1573=LINE('',#1572,#1571);
#1574=DIRECTION('',(1.E0,0.E0,0.E0));
#1575=VECTOR('',#1574,4.3E-1);
#1576=CARTESIAN_POINT('',(-7.15E-1,-9.293332002065E-1,-5.383167882964E0));
#1577=LINE('',#1576,#1575);
#1578=DIRECTION('',(0.E0,5.561124238544E-1,8.311070761549E-1));
#1579=VECTOR('',#1578,2.874226024493E-1);
#1580=CARTESIAN_POINT('',(-2.285E0,-3.398392801186E-1,-2.099996660730E0));
#1581=LINE('',#1580,#1579);
#1582=DIRECTION('',(0.E0,-5.561124238544E-1,8.311070761549E-1));
#1583=VECTOR('',#1582,1.547515869581E-1);
#1584=CARTESIAN_POINT('',(-2.285E0,-2.5378E-1,-2.228611799697E0));
#1585=LINE('',#1584,#1583);
#1586=DIRECTION('',(0.E0,8.311070761549E-1,5.561124238544E-1));
#1587=VECTOR('',#1586,2.E-1);
#1588=CARTESIAN_POINT('',(-2.285E0,-4.200014152310E-1,-2.339834284468E0));
#1589=LINE('',#1588,#1587);
#1590=DIRECTION('',(0.E0,5.561124238544E-1,-8.311070761549E-1));
#1591=VECTOR('',#1590,1.882077107122E-1);
#1592=CARTESIAN_POINT('',(-2.285E0,-5.246660614232E-1,-2.183413524308E0));
#1593=LINE('',#1592,#1591);
#1594=CARTESIAN_POINT('',(-2.285E0,-4.E-1,-2.099996660730E0));
#1595=DIRECTION('',(1.E0,0.E0,0.E0));
#1596=DIRECTION('',(0.E0,-8.311070761549E-1,5.561124238544E-1));
#1597=AXIS2_PLACEMENT_3D('',#1594,#1595,#1596);
#1599=DIRECTION('',(0.E0,-5.561124238544E-1,-8.311070761549E-1));
#1600=VECTOR('',#1599,3.230955657926E-1);
#1601=CARTESIAN_POINT('',(-2.285E0,-3.449886031937E-1,-1.748052786147E0));
#1602=LINE('',#1601,#1600);
#1603=CARTESIAN_POINT('',(-2.285E0,-7.605421412711E-1,-1.469996574220E0));
#1604=DIRECTION('',(-1.E0,0.E0,0.E0));
#1605=DIRECTION('',(0.E0,9.816271834477E-1,-1.908089953765E-1));
#1606=AXIS2_PLACEMENT_3D('',#1603,#1604,#1605);
#1608=DIRECTION('',(0.E0,-1.908089953765E-1,-9.816271834477E-1));
#1609=VECTOR('',#1608,4.702532465529E-1);
#1610=CARTESIAN_POINT('',(-2.285E0,-1.8E-1,-1.103787701987E0));
#1611=LINE('',#1610,#1609);
#1612=CARTESIAN_POINT('',(-2.285E0,-6.8E-1,-5.55E0));
#1613=DIRECTION('',(-1.E0,0.E0,0.E0));
#1614=DIRECTION('',(0.E0,-8.311106673549E-1,5.561070567875E-1));
#1615=AXIS2_PLACEMENT_3D('',#1612,#1613,#1614);
#1617=DIRECTION('',(0.E0,5.561070567875E-1,8.311106673549E-1));
#1618=VECTOR('',#1617,5.400682146560E-2);
#1619=CARTESIAN_POINT('',(-2.285E0,-9.593667747382E-1,-5.428053528394E0));
#1620=LINE('',#1619,#1618);
#1621=CARTESIAN_POINT('',(-2.285E0,-1.374922108416E0,-5.15E0));
#1622=DIRECTION('',(1.E0,0.E0,0.E0));
#1623=DIRECTION('',(0.E0,0.E0,-1.E0));
#1624=AXIS2_PLACEMENT_3D('',#1621,#1622,#1623);
#1626=DIRECTION('',(0.E0,1.E0,0.E0));
#1627=VECTOR('',#1626,8.250778915844E-1);
#1628=CARTESIAN_POINT('',(-2.285E0,-2.2E0,-5.65E0));
#1629=LINE('',#1628,#1627);
#1630=DIRECTION('',(0.E0,0.E0,-1.E0));
#1631=VECTOR('',#1630,2.E-1);
#1632=CARTESIAN_POINT('',(-2.285E0,-2.2E0,-5.45E0));
#1633=LINE('',#1632,#1631);
#1634=DIRECTION('',(0.E0,-1.E0,0.E0));
#1635=VECTOR('',#1634,8.250778915844E-1);
#1636=CARTESIAN_POINT('',(-2.285E0,-1.374922108416E0,-5.45E0));
#1637=LINE('',#1636,#1635);
#1638=CARTESIAN_POINT('',(-2.285E0,-1.374922108416E0,-5.15E0));
#1639=DIRECTION('',(-1.E0,0.E0,0.E0));
#1640=DIRECTION('',(0.E0,8.311106673549E-1,-5.561070567875E-1));
#1641=AXIS2_PLACEMENT_3D('',#1638,#1639,#1640);
#1643=DIRECTION('',(0.E0,-5.561070567875E-1,-8.311106673549E-1));
#1644=VECTOR('',#1643,5.400682146561E-2);
#1645=CARTESIAN_POINT('',(-2.285E0,-1.095555333677E0,-5.271946471606E0));
#1646=LINE('',#1645,#1644);
#1647=CARTESIAN_POINT('',(-2.285E0,-6.8E-1,-5.55E0));
#1648=DIRECTION('',(1.E0,0.E0,0.E0));
#1649=DIRECTION('',(0.E0,-4.358898943541E-1,9.E-1));
#1650=AXIS2_PLACEMENT_3D('',#1647,#1648,#1649);
#1652=DIRECTION('',(1.E0,0.E0,0.E0));
#1653=VECTOR('',#1652,4.3E-1);
#1654=CARTESIAN_POINT('',(-2.715E0,-3.398392801186E-1,-2.099996660730E0));
#1655=LINE('',#1654,#1653);
#1656=DIRECTION('',(0.E0,-1.908089953765E-1,-9.816271834477E-1));
#1657=VECTOR('',#1656,4.702532465529E-1);
#1658=CARTESIAN_POINT('',(-2.715E0,-1.8E-1,-1.103787701987E0));
#1659=LINE('',#1658,#1657);
#1660=CARTESIAN_POINT('',(-2.715E0,-7.605421412711E-1,-1.469996574220E0));
#1661=DIRECTION('',(-1.E0,0.E0,0.E0));
#1662=DIRECTION('',(0.E0,9.816271834477E-1,-1.908089953765E-1));
#1663=AXIS2_PLACEMENT_3D('',#1660,#1661,#1662);
#1665=DIRECTION('',(0.E0,-5.561124238544E-1,-8.311070761549E-1));
#1666=VECTOR('',#1665,3.230955657926E-1);
#1667=CARTESIAN_POINT('',(-2.715E0,-3.449886031937E-1,-1.748052786147E0));
#1668=LINE('',#1667,#1666);
#1669=CARTESIAN_POINT('',(-2.715E0,-4.E-1,-2.099996660730E0));
#1670=DIRECTION('',(1.E0,0.E0,0.E0));
#1671=DIRECTION('',(0.E0,-8.311070761549E-1,5.561124238544E-1));
#1672=AXIS2_PLACEMENT_3D('',#1669,#1670,#1671);
#1674=DIRECTION('',(0.E0,5.561124238544E-1,-8.311070761549E-1));
#1675=VECTOR('',#1674,1.882077107122E-1);
#1676=CARTESIAN_POINT('',(-2.715E0,-5.246660614232E-1,-2.183413524308E0));
#1677=LINE('',#1676,#1675);
#1678=DIRECTION('',(0.E0,8.311070761549E-1,5.561124238544E-1));
#1679=VECTOR('',#1678,2.E-1);
#1680=CARTESIAN_POINT('',(-2.715E0,-4.200014152310E-1,-2.339834284468E0));
#1681=LINE('',#1680,#1679);
#1682=DIRECTION('',(0.E0,-5.561124238544E-1,8.311070761549E-1));
#1683=VECTOR('',#1682,1.547515869581E-1);
#1684=CARTESIAN_POINT('',(-2.715E0,-2.5378E-1,-2.228611799697E0));
#1685=LINE('',#1684,#1683);
#1686=DIRECTION('',(0.E0,5.561124238544E-1,8.311070761549E-1));
#1687=VECTOR('',#1686,2.874226024493E-1);
#1688=CARTESIAN_POINT('',(-2.715E0,-3.398392801186E-1,-2.099996660730E0));
#1689=LINE('',#1688,#1687);
#1690=CARTESIAN_POINT('',(-2.715E0,-6.8E-1,-5.55E0));
#1691=DIRECTION('',(1.E0,0.E0,0.E0));
#1692=DIRECTION('',(0.E0,-4.358898943541E-1,9.E-1));
#1693=AXIS2_PLACEMENT_3D('',#1690,#1691,#1692);
#1695=DIRECTION('',(0.E0,-5.561070567875E-1,-8.311106673549E-1));
#1696=VECTOR('',#1695,5.400682146561E-2);
#1697=CARTESIAN_POINT('',(-2.715E0,-1.095555333677E0,-5.271946471606E0));
#1698=LINE('',#1697,#1696);
#1699=CARTESIAN_POINT('',(-2.715E0,-1.374922108416E0,-5.15E0));
#1700=DIRECTION('',(-1.E0,0.E0,0.E0));
#1701=DIRECTION('',(0.E0,8.311106673549E-1,-5.561070567875E-1));
#1702=AXIS2_PLACEMENT_3D('',#1699,#1700,#1701);
#1704=DIRECTION('',(0.E0,-1.E0,0.E0));
#1705=VECTOR('',#1704,8.250778915844E-1);
#1706=CARTESIAN_POINT('',(-2.715E0,-1.374922108416E0,-5.45E0));
#1707=LINE('',#1706,#1705);
#1708=DIRECTION('',(0.E0,0.E0,-1.E0));
#1709=VECTOR('',#1708,2.E-1);
#1710=CARTESIAN_POINT('',(-2.715E0,-2.2E0,-5.45E0));
#1711=LINE('',#1710,#1709);
#1712=DIRECTION('',(0.E0,1.E0,0.E0));
#1713=VECTOR('',#1712,8.250778915844E-1);
#1714=CARTESIAN_POINT('',(-2.715E0,-2.2E0,-5.65E0));
#1715=LINE('',#1714,#1713);
#1716=CARTESIAN_POINT('',(-2.715E0,-1.374922108416E0,-5.15E0));
#1717=DIRECTION('',(1.E0,0.E0,0.E0));
#1718=DIRECTION('',(0.E0,0.E0,-1.E0));
#1719=AXIS2_PLACEMENT_3D('',#1716,#1717,#1718);
#1721=DIRECTION('',(0.E0,5.561070567875E-1,8.311106673549E-1));
#1722=VECTOR('',#1721,5.400682146560E-2);
#1723=CARTESIAN_POINT('',(-2.715E0,-9.593667747382E-1,-5.428053528394E0));
#1724=LINE('',#1723,#1722);
#1725=CARTESIAN_POINT('',(-2.715E0,-6.8E-1,-5.55E0));
#1726=DIRECTION('',(-1.E0,0.E0,0.E0));
#1727=DIRECTION('',(0.E0,-8.311106673549E-1,5.561070567875E-1));
#1728=AXIS2_PLACEMENT_3D('',#1725,#1726,#1727);
#1730=DIRECTION('',(1.E0,0.E0,0.E0));
#1731=VECTOR('',#1730,4.3E-1);
#1732=CARTESIAN_POINT('',(-2.715E0,-2.697285495473E-1,-1.565401071908E0));
#1733=LINE('',#1732,#1731);
#1734=DIRECTION('',(1.E0,0.E0,0.E0));
#1735=VECTOR('',#1734,4.3E-1);
#1736=CARTESIAN_POINT('',(-2.715E0,-3.449886031937E-1,-1.748052786147E0));
#1737=LINE('',#1736,#1735);
#1738=DIRECTION('',(1.E0,0.E0,0.E0));
#1739=VECTOR('',#1738,4.3E-1);
#1740=CARTESIAN_POINT('',(-2.715E0,-5.246660614232E-1,-2.016579797152E0));
#1741=LINE('',#1740,#1739);
#1742=DIRECTION('',(1.E0,0.E0,0.E0));
#1743=VECTOR('',#1742,4.3E-1);
#1744=CARTESIAN_POINT('',(-2.715E0,-5.246660614232E-1,-2.183413524308E0));
#1745=LINE('',#1744,#1743);
#1746=DIRECTION('',(1.E0,0.E0,0.E0));
#1747=VECTOR('',#1746,4.3E-1);
#1748=CARTESIAN_POINT('',(-2.715E0,-4.200014152310E-1,-2.339834284468E0));
#1749=LINE('',#1748,#1747);
#1750=DIRECTION('',(1.E0,0.E0,0.E0));
#1751=VECTOR('',#1750,4.3E-1);
#1752=CARTESIAN_POINT('',(-2.715E0,-2.5378E-1,-2.228611799697E0));
#1753=LINE('',#1752,#1751);
#1754=DIRECTION('',(1.E0,0.E0,0.E0));
#1755=VECTOR('',#1754,4.3E-1);
#1756=CARTESIAN_POINT('',(-2.715E0,-1.095555333677E0,-5.271946471606E0));
#1757=LINE('',#1756,#1755);
#1758=DIRECTION('',(1.E0,0.E0,0.E0));
#1759=VECTOR('',#1758,4.3E-1);
#1760=CARTESIAN_POINT('',(-2.715E0,-1.125588908209E0,-5.316832117036E0));
#1761=LINE('',#1760,#1759);
#1762=DIRECTION('',(1.E0,0.E0,0.E0));
#1763=VECTOR('',#1762,4.3E-1);
#1764=CARTESIAN_POINT('',(-2.715E0,-1.374922108416E0,-5.45E0));
#1765=LINE('',#1764,#1763);
#1766=DIRECTION('',(1.E0,0.E0,0.E0));
#1767=VECTOR('',#1766,4.3E-1);
#1768=CARTESIAN_POINT('',(-2.715E0,-2.2E0,-5.45E0));
#1769=LINE('',#1768,#1767);
#1770=DIRECTION('',(1.E0,0.E0,0.E0));
#1771=VECTOR('',#1770,4.3E-1);
#1772=CARTESIAN_POINT('',(-2.715E0,-2.2E0,-5.65E0));
#1773=LINE('',#1772,#1771);
#1774=DIRECTION('',(1.E0,0.E0,0.E0));
#1775=VECTOR('',#1774,4.3E-1);
#1776=CARTESIAN_POINT('',(-2.715E0,-1.374922108416E0,-5.65E0));
#1777=LINE('',#1776,#1775);
#1778=DIRECTION('',(1.E0,0.E0,0.E0));
#1779=VECTOR('',#1778,4.3E-1);
#1780=CARTESIAN_POINT('',(-2.715E0,-9.593667747382E-1,-5.428053528394E0));
#1781=LINE('',#1780,#1779);
#1782=DIRECTION('',(1.E0,0.E0,0.E0));
#1783=VECTOR('',#1782,4.3E-1);
#1784=CARTESIAN_POINT('',(-2.715E0,-9.293332002065E-1,-5.383167882964E0));
#1785=LINE('',#1784,#1783);
#1786=CARTESIAN_POINT('',(-4.285E0,-6.8E-1,-5.55E0));
#1787=DIRECTION('',(-1.E0,0.E0,0.E0));
#1788=DIRECTION('',(0.E0,-8.311106673549E-1,5.561070567875E-1));
#1789=AXIS2_PLACEMENT_3D('',#1786,#1787,#1788);
#1791=DIRECTION('',(0.E0,5.561070567875E-1,8.311106673549E-1));
#1792=VECTOR('',#1791,5.400682146560E-2);
#1793=CARTESIAN_POINT('',(-4.285E0,-9.593667747382E-1,-5.428053528394E0));
#1794=LINE('',#1793,#1792);
#1795=CARTESIAN_POINT('',(-4.285E0,-1.374922108416E0,-5.15E0));
#1796=DIRECTION('',(1.E0,0.E0,0.E0));
#1797=DIRECTION('',(0.E0,0.E0,-1.E0));
#1798=AXIS2_PLACEMENT_3D('',#1795,#1796,#1797);
#1800=DIRECTION('',(0.E0,1.E0,0.E0));
#1801=VECTOR('',#1800,8.250778915844E-1);
#1802=CARTESIAN_POINT('',(-4.285E0,-2.2E0,-5.65E0));
#1803=LINE('',#1802,#1801);
#1804=DIRECTION('',(0.E0,0.E0,-1.E0));
#1805=VECTOR('',#1804,2.E-1);
#1806=CARTESIAN_POINT('',(-4.285E0,-2.2E0,-5.45E0));
#1807=LINE('',#1806,#1805);
#1808=DIRECTION('',(0.E0,-1.E0,0.E0));
#1809=VECTOR('',#1808,8.250778915844E-1);
#1810=CARTESIAN_POINT('',(-4.285E0,-1.374922108416E0,-5.45E0));
#1811=LINE('',#1810,#1809);
#1812=CARTESIAN_POINT('',(-4.285E0,-1.374922108416E0,-5.15E0));
#1813=DIRECTION('',(-1.E0,0.E0,0.E0));
#1814=DIRECTION('',(0.E0,8.311106673549E-1,-5.561070567875E-1));
#1815=AXIS2_PLACEMENT_3D('',#1812,#1813,#1814);
#1817=DIRECTION('',(0.E0,-5.561070567875E-1,-8.311106673549E-1));
#1818=VECTOR('',#1817,5.400682146561E-2);
#1819=CARTESIAN_POINT('',(-4.285E0,-1.095555333677E0,-5.271946471606E0));
#1820=LINE('',#1819,#1818);
#1821=CARTESIAN_POINT('',(-4.285E0,-6.8E-1,-5.55E0));
#1822=DIRECTION('',(1.E0,0.E0,0.E0));
#1823=DIRECTION('',(0.E0,-4.358898943541E-1,9.E-1));
#1824=AXIS2_PLACEMENT_3D('',#1821,#1822,#1823);
#1826=DIRECTION('',(0.E0,5.561124238544E-1,8.311070761549E-1));
#1827=VECTOR('',#1826,2.874226024493E-1);
#1828=CARTESIAN_POINT('',(-4.285E0,-3.398392801186E-1,-2.099996660730E0));
#1829=LINE('',#1828,#1827);
#1830=DIRECTION('',(0.E0,-5.561124238544E-1,8.311070761549E-1));
#1831=VECTOR('',#1830,1.547515869581E-1);
#1832=CARTESIAN_POINT('',(-4.285E0,-2.5378E-1,-2.228611799697E0));
#1833=LINE('',#1832,#1831);
#1834=DIRECTION('',(0.E0,8.311070761549E-1,5.561124238544E-1));
#1835=VECTOR('',#1834,2.E-1);
#1836=CARTESIAN_POINT('',(-4.285E0,-4.200014152310E-1,-2.339834284468E0));
#1837=LINE('',#1836,#1835);
#1838=DIRECTION('',(0.E0,5.561124238544E-1,-8.311070761549E-1));
#1839=VECTOR('',#1838,1.882077107122E-1);
#1840=CARTESIAN_POINT('',(-4.285E0,-5.246660614232E-1,-2.183413524308E0));
#1841=LINE('',#1840,#1839);
#1842=CARTESIAN_POINT('',(-4.285E0,-4.E-1,-2.099996660730E0));
#1843=DIRECTION('',(1.E0,0.E0,0.E0));
#1844=DIRECTION('',(0.E0,-8.311070761549E-1,5.561124238544E-1));
#1845=AXIS2_PLACEMENT_3D('',#1842,#1843,#1844);
#1847=DIRECTION('',(0.E0,-5.561124238544E-1,-8.311070761549E-1));
#1848=VECTOR('',#1847,3.230955657926E-1);
#1849=CARTESIAN_POINT('',(-4.285E0,-3.449886031937E-1,-1.748052786147E0));
#1850=LINE('',#1849,#1848);
#1851=CARTESIAN_POINT('',(-4.285E0,-7.605421412711E-1,-1.469996574220E0));
#1852=DIRECTION('',(-1.E0,0.E0,0.E0));
#1853=DIRECTION('',(0.E0,9.816271834477E-1,-1.908089953765E-1));
#1854=AXIS2_PLACEMENT_3D('',#1851,#1852,#1853);
#1856=DIRECTION('',(0.E0,-1.908089953765E-1,-9.816271834477E-1));
#1857=VECTOR('',#1856,4.702532465529E-1);
#1858=CARTESIAN_POINT('',(-4.285E0,-1.8E-1,-1.103787701987E0));
#1859=LINE('',#1858,#1857);
#1860=DIRECTION('',(1.E0,0.E0,0.E0));
#1861=VECTOR('',#1860,4.3E-1);
#1862=CARTESIAN_POINT('',(-4.715E0,-9.293332002065E-1,-5.383167882964E0));
#1863=LINE('',#1862,#1861);
#1864=DIRECTION('',(1.E0,0.E0,0.E0));
#1865=VECTOR('',#1864,4.3E-1);
#1866=CARTESIAN_POINT('',(-4.715E0,-9.593667747382E-1,-5.428053528394E0));
#1867=LINE('',#1866,#1865);
#1868=DIRECTION('',(1.E0,0.E0,0.E0));
#1869=VECTOR('',#1868,4.3E-1);
#1870=CARTESIAN_POINT('',(-4.715E0,-1.374922108416E0,-5.65E0));
#1871=LINE('',#1870,#1869);
#1872=DIRECTION('',(1.E0,0.E0,0.E0));
#1873=VECTOR('',#1872,4.3E-1);
#1874=CARTESIAN_POINT('',(-4.715E0,-2.2E0,-5.65E0));
#1875=LINE('',#1874,#1873);
#1876=DIRECTION('',(1.E0,0.E0,0.E0));
#1877=VECTOR('',#1876,4.3E-1);
#1878=CARTESIAN_POINT('',(-4.715E0,-2.2E0,-5.45E0));
#1879=LINE('',#1878,#1877);
#1880=DIRECTION('',(1.E0,0.E0,0.E0));
#1881=VECTOR('',#1880,4.3E-1);
#1882=CARTESIAN_POINT('',(-4.715E0,-1.374922108416E0,-5.45E0));
#1883=LINE('',#1882,#1881);
#1884=DIRECTION('',(1.E0,0.E0,0.E0));
#1885=VECTOR('',#1884,4.3E-1);
#1886=CARTESIAN_POINT('',(-4.715E0,-1.125588908209E0,-5.316832117036E0));
#1887=LINE('',#1886,#1885);
#1888=DIRECTION('',(1.E0,0.E0,0.E0));
#1889=VECTOR('',#1888,4.3E-1);
#1890=CARTESIAN_POINT('',(-4.715E0,-1.095555333677E0,-5.271946471606E0));
#1891=LINE('',#1890,#1889);
#1892=DIRECTION('',(1.E0,0.E0,0.E0));
#1893=VECTOR('',#1892,4.3E-1);
#1894=CARTESIAN_POINT('',(-4.715E0,-3.398392801186E-1,-2.099996660730E0));
#1895=LINE('',#1894,#1893);
#1896=DIRECTION('',(1.E0,0.E0,0.E0));
#1897=VECTOR('',#1896,4.3E-1);
#1898=CARTESIAN_POINT('',(-4.715E0,-2.5378E-1,-2.228611799697E0));
#1899=LINE('',#1898,#1897);
#1900=DIRECTION('',(1.E0,0.E0,0.E0));
#1901=VECTOR('',#1900,4.3E-1);
#1902=CARTESIAN_POINT('',(-4.715E0,-4.200014152310E-1,-2.339834284468E0));
#1903=LINE('',#1902,#1901);
#1904=DIRECTION('',(1.E0,0.E0,0.E0));
#1905=VECTOR('',#1904,4.3E-1);
#1906=CARTESIAN_POINT('',(-4.715E0,-5.246660614232E-1,-2.183413524308E0));
#1907=LINE('',#1906,#1905);
#1908=DIRECTION('',(1.E0,0.E0,0.E0));
#1909=VECTOR('',#1908,4.3E-1);
#1910=CARTESIAN_POINT('',(-4.715E0,-5.246660614232E-1,-2.016579797152E0));
#1911=LINE('',#1910,#1909);
#1912=DIRECTION('',(1.E0,0.E0,0.E0));
#1913=VECTOR('',#1912,4.3E-1);
#1914=CARTESIAN_POINT('',(-4.715E0,-3.449886031937E-1,-1.748052786147E0));
#1915=LINE('',#1914,#1913);
#1916=DIRECTION('',(1.E0,0.E0,0.E0));
#1917=VECTOR('',#1916,4.3E-1);
#1918=CARTESIAN_POINT('',(-4.715E0,-2.697285495473E-1,-1.565401071908E0));
#1919=LINE('',#1918,#1917);
#1920=DIRECTION('',(0.E0,1.E0,0.E0));
#1921=VECTOR('',#1920,8.E-1);
#1922=CARTESIAN_POINT('',(-5.E0,-1.5E0,-5.1E0));
#1923=LINE('',#1922,#1921);
#1924=DIRECTION('',(0.E0,0.E0,1.E0));
#1925=VECTOR('',#1924,5.E-1);
#1926=CARTESIAN_POINT('',(5.E0,-1.5E0,-5.6E0));
#1927=LINE('',#1926,#1925);
#1928=DIRECTION('',(-1.E0,0.E0,0.E0));
#1929=VECTOR('',#1928,1.E1);
#1930=CARTESIAN_POINT('',(5.E0,-1.5E0,-5.1E0));
#1931=LINE('',#1930,#1929);
#1932=DIRECTION('',(0.E0,0.E0,1.E0));
#1933=VECTOR('',#1932,5.E-1);
#1934=CARTESIAN_POINT('',(-5.E0,-1.5E0,-5.6E0));
#1935=LINE('',#1934,#1933);
#1936=DIRECTION('',(1.E0,0.E0,0.E0));
#1937=VECTOR('',#1936,1.2E1);
#1938=CARTESIAN_POINT('',(-6.E0,-1.5E0,-1.35E0));
#1939=LINE('',#1938,#1937);
#1940=DIRECTION('',(1.E0,0.E0,0.E0));
#1941=VECTOR('',#1940,1.2E1);
#1942=CARTESIAN_POINT('',(-6.E0,-1.1E0,-1.35E0));
#1943=LINE('',#1942,#1941);
#1944=DIRECTION('',(1.E0,0.E0,0.E0));
#1945=VECTOR('',#1944,1.2E1);
#1946=CARTESIAN_POINT('',(-6.E0,-1.1E0,0.E0));
#1947=LINE('',#1946,#1945);
#1948=CARTESIAN_POINT('',(-3.715E0,1.3E0,-5.25E0));
#1949=DIRECTION('',(1.E0,0.E0,0.E0));
#1950=DIRECTION('',(0.E0,-4.841229182759E-1,-8.75E-1));
#1951=AXIS2_PLACEMENT_3D('',#1948,#1949,#1950);
#1953=DIRECTION('',(0.E0,1.E0,0.E0));
#1954=VECTOR('',#1953,9.E-1);
#1955=CARTESIAN_POINT('',(-3.715E0,1.3E0,-5.65E0));
#1956=LINE('',#1955,#1954);
#1957=DIRECTION('',(0.E0,0.E0,1.E0));
#1958=VECTOR('',#1957,2.E-1);
#1959=CARTESIAN_POINT('',(-3.715E0,2.2E0,-5.65E0));
#1960=LINE('',#1959,#1958);
#1961=DIRECTION('',(0.E0,-1.E0,0.E0));
#1962=VECTOR('',#1961,7.E-1);
#1963=CARTESIAN_POINT('',(-3.715E0,2.2E0,-5.45E0));
#1964=LINE('',#1963,#1962);
#1965=DIRECTION('',(0.E0,-1.908089953765E-1,-9.816271834477E-1));
#1966=VECTOR('',#1965,4.702534863673E-1);
#1967=CARTESIAN_POINT('',(-3.715E0,-1.8E-1,-1.103790892359E0));
#1968=LINE('',#1967,#1966);
#1969=CARTESIAN_POINT('',(-3.715E0,-7.605421870299E-1,-1.47E0));
#1970=DIRECTION('',(-1.E0,0.E0,0.E0));
#1971=DIRECTION('',(0.E0,9.816271834477E-1,-1.908089953765E-1));
#1972=AXIS2_PLACEMENT_3D('',#1969,#1970,#1971);
#1974=DIRECTION('',(0.E0,-5.561124497804E-1,-8.311070588073E-1));
#1975=VECTOR('',#1974,3.230954481702E-1);
#1976=CARTESIAN_POINT('',(-3.715E0,-3.449886576263E-1,-1.748056224890E0));
#1977=LINE('',#1976,#1975);
#1978=CARTESIAN_POINT('',(-3.715E0,-4.E-1,-2.1E0));
#1979=DIRECTION('',(1.E0,0.E0,0.E0));
#1980=DIRECTION('',(0.E0,-8.311070588073E-1,5.561124497804E-1));
#1981=AXIS2_PLACEMENT_3D('',#1978,#1979,#1980);
#1983=DIRECTION('',(0.E0,5.561124497801E-1,-8.311070588075E-1));
#1984=VECTOR('',#1983,1.882102421237E-1);
#1985=CARTESIAN_POINT('',(-3.715E0,-5.246660588211E-1,-2.183416867467E0));
#1986=LINE('',#1985,#1984);
#1987=DIRECTION('',(0.E0,8.311070588075E-1,5.561124497801E-1));
#1988=VECTOR('',#1987,2.E-1);
#1989=CARTESIAN_POINT('',(-3.715E0,-4.2E-1,-2.339839728236E0));
#1990=LINE('',#1989,#1988);
#1991=DIRECTION('',(0.E0,-5.561124497801E-1,8.311070588075E-1));
#1992=VECTOR('',#1991,1.547541161116E-1);
#1993=CARTESIAN_POINT('',(-3.715E0,-2.537785882385E-1,-2.228617238280E0));
#1994=LINE('',#1993,#1992);
#1995=DIRECTION('',(0.E0,5.561124497804E-1,8.311070588073E-1));
#1996=VECTOR('',#1995,2.874225867916E-1);
#1997=CARTESIAN_POINT('',(-3.715E0,-3.398392788629E-1,-2.1E0));
#1998=LINE('',#1997,#1996);
#1999=DIRECTION('',(0.E0,-1.E0,0.E0));
#2000=VECTOR('',#1999,7.E-1);
#2001=CARTESIAN_POINT('',(-3.285E0,2.2E0,-5.45E0));
#2002=LINE('',#2001,#2000);
#2003=DIRECTION('',(0.E0,0.E0,1.E0));
#2004=VECTOR('',#2003,2.E-1);
#2005=CARTESIAN_POINT('',(-3.285E0,2.2E0,-5.65E0));
#2006=LINE('',#2005,#2004);
#2007=DIRECTION('',(0.E0,1.E0,0.E0));
#2008=VECTOR('',#2007,9.E-1);
#2009=CARTESIAN_POINT('',(-3.285E0,1.3E0,-5.65E0));
#2010=LINE('',#2009,#2008);
#2011=CARTESIAN_POINT('',(-3.285E0,1.3E0,-5.25E0));
#2012=DIRECTION('',(1.E0,0.E0,0.E0));
#2013=DIRECTION('',(0.E0,-4.841229182759E-1,-8.75E-1));
#2014=AXIS2_PLACEMENT_3D('',#2011,#2012,#2013);
#2016=DIRECTION('',(0.E0,5.561124497804E-1,8.311070588073E-1));
#2017=VECTOR('',#2016,2.874225867916E-1);
#2018=CARTESIAN_POINT('',(-3.285E0,-3.398392788629E-1,-2.1E0));
#2019=LINE('',#2018,#2017);
#2020=DIRECTION('',(0.E0,-5.561124497801E-1,8.311070588075E-1));
#2021=VECTOR('',#2020,1.547541161116E-1);
#2022=CARTESIAN_POINT('',(-3.285E0,-2.537785882385E-1,-2.228617238280E0));
#2023=LINE('',#2022,#2021);
#2024=DIRECTION('',(0.E0,8.311070588075E-1,5.561124497801E-1));
#2025=VECTOR('',#2024,2.E-1);
#2026=CARTESIAN_POINT('',(-3.285E0,-4.2E-1,-2.339839728236E0));
#2027=LINE('',#2026,#2025);
#2028=DIRECTION('',(0.E0,5.561124497801E-1,-8.311070588075E-1));
#2029=VECTOR('',#2028,1.882102421237E-1);
#2030=CARTESIAN_POINT('',(-3.285E0,-5.246660588211E-1,-2.183416867467E0));
#2031=LINE('',#2030,#2029);
#2032=CARTESIAN_POINT('',(-3.285E0,-4.E-1,-2.1E0));
#2033=DIRECTION('',(1.E0,0.E0,0.E0));
#2034=DIRECTION('',(0.E0,-8.311070588073E-1,5.561124497804E-1));
#2035=AXIS2_PLACEMENT_3D('',#2032,#2033,#2034);
#2037=DIRECTION('',(0.E0,-5.561124497804E-1,-8.311070588073E-1));
#2038=VECTOR('',#2037,3.230954481702E-1);
#2039=CARTESIAN_POINT('',(-3.285E0,-3.449886576263E-1,-1.748056224890E0));
#2040=LINE('',#2039,#2038);
#2041=CARTESIAN_POINT('',(-3.285E0,-7.605421870299E-1,-1.47E0));
#2042=DIRECTION('',(-1.E0,0.E0,0.E0));
#2043=DIRECTION('',(0.E0,9.816271834477E-1,-1.908089953765E-1));
#2044=AXIS2_PLACEMENT_3D('',#2041,#2042,#2043);
#2046=DIRECTION('',(0.E0,-1.908089953765E-1,-9.816271834477E-1));
#2047=VECTOR('',#2046,4.702534863673E-1);
#2048=CARTESIAN_POINT('',(-3.285E0,-1.8E-1,-1.103790892359E0));
#2049=LINE('',#2048,#2047);
#2050=DIRECTION('',(1.E0,0.E0,0.E0));
#2051=VECTOR('',#2050,4.3E-1);
#2052=CARTESIAN_POINT('',(-3.715E0,2.2E0,-5.45E0));
#2053=LINE('',#2052,#2051);
#2054=DIRECTION('',(1.E0,0.E0,0.E0));
#2055=VECTOR('',#2054,4.3E-1);
#2056=CARTESIAN_POINT('',(-3.715E0,2.2E0,-5.65E0));
#2057=LINE('',#2056,#2055);
#2058=DIRECTION('',(1.E0,0.E0,0.E0));
#2059=VECTOR('',#2058,4.3E-1);
#2060=CARTESIAN_POINT('',(-3.715E0,1.3E0,-5.65E0));
#2061=LINE('',#2060,#2059);
#2062=DIRECTION('',(1.E0,0.E0,0.E0));
#2063=VECTOR('',#2062,4.3E-1);
#2064=CARTESIAN_POINT('',(-3.715E0,-3.398392788629E-1,-2.1E0));
#2065=LINE('',#2064,#2063);
#2066=DIRECTION('',(1.E0,0.E0,0.E0));
#2067=VECTOR('',#2066,4.3E-1);
#2068=CARTESIAN_POINT('',(-3.715E0,-2.537785882385E-1,-2.228617238280E0));
#2069=LINE('',#2068,#2067);
#2070=DIRECTION('',(1.E0,0.E0,0.E0));
#2071=VECTOR('',#2070,4.3E-1);
#2072=CARTESIAN_POINT('',(-3.715E0,-4.2E-1,-2.339839728236E0));
#2073=LINE('',#2072,#2071);
#2074=DIRECTION('',(1.E0,0.E0,0.E0));
#2075=VECTOR('',#2074,4.3E-1);
#2076=CARTESIAN_POINT('',(-3.715E0,-5.246660588211E-1,-2.183416867467E0));
#2077=LINE('',#2076,#2075);
#2078=DIRECTION('',(1.E0,0.E0,0.E0));
#2079=VECTOR('',#2078,4.3E-1);
#2080=CARTESIAN_POINT('',(-3.715E0,-5.246660588211E-1,-2.016583132533E0));
#2081=LINE('',#2080,#2079);
#2082=DIRECTION('',(1.E0,0.E0,0.E0));
#2083=VECTOR('',#2082,4.3E-1);
#2084=CARTESIAN_POINT('',(-3.715E0,-3.449886576263E-1,-1.748056224890E0));
#2085=LINE('',#2084,#2083);
#2086=DIRECTION('',(1.E0,0.E0,0.E0));
#2087=VECTOR('',#2086,4.3E-1);
#2088=CARTESIAN_POINT('',(-3.715E0,-2.697285953061E-1,-1.565404497688E0));
#2089=LINE('',#2088,#2087);
#2090=CARTESIAN_POINT('',(-1.715E0,1.3E0,-5.25E0));
#2091=DIRECTION('',(1.E0,0.E0,0.E0));
#2092=DIRECTION('',(0.E0,-4.841229182759E-1,-8.75E-1));
#2093=AXIS2_PLACEMENT_3D('',#2090,#2091,#2092);
#2095=DIRECTION('',(0.E0,1.E0,0.E0));
#2096=VECTOR('',#2095,9.E-1);
#2097=CARTESIAN_POINT('',(-1.715E0,1.3E0,-5.65E0));
#2098=LINE('',#2097,#2096);
#2099=DIRECTION('',(0.E0,0.E0,1.E0));
#2100=VECTOR('',#2099,2.E-1);
#2101=CARTESIAN_POINT('',(-1.715E0,2.2E0,-5.65E0));
#2102=LINE('',#2101,#2100);
#2103=DIRECTION('',(0.E0,-1.E0,0.E0));
#2104=VECTOR('',#2103,7.E-1);
#2105=CARTESIAN_POINT('',(-1.715E0,2.2E0,-5.45E0));
#2106=LINE('',#2105,#2104);
#2107=DIRECTION('',(0.E0,-1.908089953765E-1,-9.816271834477E-1));
#2108=VECTOR('',#2107,4.702534863673E-1);
#2109=CARTESIAN_POINT('',(-1.715E0,-1.8E-1,-1.103790892359E0));
#2110=LINE('',#2109,#2108);
#2111=CARTESIAN_POINT('',(-1.715E0,-7.605421870299E-1,-1.47E0));
#2112=DIRECTION('',(-1.E0,0.E0,0.E0));
#2113=DIRECTION('',(0.E0,9.816271834477E-1,-1.908089953765E-1));
#2114=AXIS2_PLACEMENT_3D('',#2111,#2112,#2113);
#2116=DIRECTION('',(0.E0,-5.561124497804E-1,-8.311070588073E-1));
#2117=VECTOR('',#2116,3.230954481702E-1);
#2118=CARTESIAN_POINT('',(-1.715E0,-3.449886576263E-1,-1.748056224890E0));
#2119=LINE('',#2118,#2117);
#2120=CARTESIAN_POINT('',(-1.715E0,-4.E-1,-2.1E0));
#2121=DIRECTION('',(1.E0,0.E0,0.E0));
#2122=DIRECTION('',(0.E0,-8.311070588073E-1,5.561124497804E-1));
#2123=AXIS2_PLACEMENT_3D('',#2120,#2121,#2122);
#2125=DIRECTION('',(0.E0,5.561124497801E-1,-8.311070588075E-1));
#2126=VECTOR('',#2125,1.882102421237E-1);
#2127=CARTESIAN_POINT('',(-1.715E0,-5.246660588211E-1,-2.183416867467E0));
#2128=LINE('',#2127,#2126);
#2129=DIRECTION('',(0.E0,8.311070588075E-1,5.561124497801E-1));
#2130=VECTOR('',#2129,2.E-1);
#2131=CARTESIAN_POINT('',(-1.715E0,-4.2E-1,-2.339839728236E0));
#2132=LINE('',#2131,#2130);
#2133=DIRECTION('',(0.E0,-5.561124497801E-1,8.311070588075E-1));
#2134=VECTOR('',#2133,1.547541161116E-1);
#2135=CARTESIAN_POINT('',(-1.715E0,-2.537785882385E-1,-2.228617238280E0));
#2136=LINE('',#2135,#2134);
#2137=DIRECTION('',(0.E0,5.561124497804E-1,8.311070588073E-1));
#2138=VECTOR('',#2137,2.874225867916E-1);
#2139=CARTESIAN_POINT('',(-1.715E0,-3.398392788629E-1,-2.1E0));
#2140=LINE('',#2139,#2138);
#2141=DIRECTION('',(0.E0,-1.E0,0.E0));
#2142=VECTOR('',#2141,7.E-1);
#2143=CARTESIAN_POINT('',(-1.285E0,2.2E0,-5.45E0));
#2144=LINE('',#2143,#2142);
#2145=DIRECTION('',(0.E0,0.E0,1.E0));
#2146=VECTOR('',#2145,2.E-1);
#2147=CARTESIAN_POINT('',(-1.285E0,2.2E0,-5.65E0));
#2148=LINE('',#2147,#2146);
#2149=DIRECTION('',(0.E0,1.E0,0.E0));
#2150=VECTOR('',#2149,9.E-1);
#2151=CARTESIAN_POINT('',(-1.285E0,1.3E0,-5.65E0));
#2152=LINE('',#2151,#2150);
#2153=CARTESIAN_POINT('',(-1.285E0,1.3E0,-5.25E0));
#2154=DIRECTION('',(1.E0,0.E0,0.E0));
#2155=DIRECTION('',(0.E0,-4.841229182759E-1,-8.75E-1));
#2156=AXIS2_PLACEMENT_3D('',#2153,#2154,#2155);
#2158=DIRECTION('',(0.E0,5.561124497804E-1,8.311070588073E-1));
#2159=VECTOR('',#2158,2.874225867916E-1);
#2160=CARTESIAN_POINT('',(-1.285E0,-3.398392788629E-1,-2.1E0));
#2161=LINE('',#2160,#2159);
#2162=DIRECTION('',(0.E0,-5.561124497801E-1,8.311070588075E-1));
#2163=VECTOR('',#2162,1.547541161116E-1);
#2164=CARTESIAN_POINT('',(-1.285E0,-2.537785882385E-1,-2.228617238280E0));
#2165=LINE('',#2164,#2163);
#2166=DIRECTION('',(0.E0,8.311070588075E-1,5.561124497801E-1));
#2167=VECTOR('',#2166,2.E-1);
#2168=CARTESIAN_POINT('',(-1.285E0,-4.2E-1,-2.339839728236E0));
#2169=LINE('',#2168,#2167);
#2170=DIRECTION('',(0.E0,5.561124497801E-1,-8.311070588075E-1));
#2171=VECTOR('',#2170,1.882102421237E-1);
#2172=CARTESIAN_POINT('',(-1.285E0,-5.246660588211E-1,-2.183416867467E0));
#2173=LINE('',#2172,#2171);
#2174=CARTESIAN_POINT('',(-1.285E0,-4.E-1,-2.1E0));
#2175=DIRECTION('',(1.E0,0.E0,0.E0));
#2176=DIRECTION('',(0.E0,-8.311070588073E-1,5.561124497804E-1));
#2177=AXIS2_PLACEMENT_3D('',#2174,#2175,#2176);
#2179=DIRECTION('',(0.E0,-5.561124497804E-1,-8.311070588073E-1));
#2180=VECTOR('',#2179,3.230954481702E-1);
#2181=CARTESIAN_POINT('',(-1.285E0,-3.449886576263E-1,-1.748056224890E0));
#2182=LINE('',#2181,#2180);
#2183=CARTESIAN_POINT('',(-1.285E0,-7.605421870299E-1,-1.47E0));
#2184=DIRECTION('',(-1.E0,0.E0,0.E0));
#2185=DIRECTION('',(0.E0,9.816271834477E-1,-1.908089953765E-1));
#2186=AXIS2_PLACEMENT_3D('',#2183,#2184,#2185);
#2188=DIRECTION('',(0.E0,-1.908089953765E-1,-9.816271834477E-1));
#2189=VECTOR('',#2188,4.702534863673E-1);
#2190=CARTESIAN_POINT('',(-1.285E0,-1.8E-1,-1.103790892359E0));
#2191=LINE('',#2190,#2189);
#2192=DIRECTION('',(1.E0,0.E0,0.E0));
#2193=VECTOR('',#2192,4.3E-1);
#2194=CARTESIAN_POINT('',(-1.715E0,2.2E0,-5.45E0));
#2195=LINE('',#2194,#2193);
#2196=DIRECTION('',(1.E0,0.E0,0.E0));
#2197=VECTOR('',#2196,4.3E-1);
#2198=CARTESIAN_POINT('',(-1.715E0,2.2E0,-5.65E0));
#2199=LINE('',#2198,#2197);
#2200=DIRECTION('',(1.E0,0.E0,0.E0));
#2201=VECTOR('',#2200,4.3E-1);
#2202=CARTESIAN_POINT('',(-1.715E0,1.3E0,-5.65E0));
#2203=LINE('',#2202,#2201);
#2204=DIRECTION('',(1.E0,0.E0,0.E0));
#2205=VECTOR('',#2204,4.3E-1);
#2206=CARTESIAN_POINT('',(-1.715E0,-3.398392788629E-1,-2.1E0));
#2207=LINE('',#2206,#2205);
#2208=DIRECTION('',(1.E0,0.E0,0.E0));
#2209=VECTOR('',#2208,4.3E-1);
#2210=CARTESIAN_POINT('',(-1.715E0,-2.537785882385E-1,-2.228617238280E0));
#2211=LINE('',#2210,#2209);
#2212=DIRECTION('',(1.E0,0.E0,0.E0));
#2213=VECTOR('',#2212,4.3E-1);
#2214=CARTESIAN_POINT('',(-1.715E0,-4.2E-1,-2.339839728236E0));
#2215=LINE('',#2214,#2213);
#2216=DIRECTION('',(1.E0,0.E0,0.E0));
#2217=VECTOR('',#2216,4.3E-1);
#2218=CARTESIAN_POINT('',(-1.715E0,-5.246660588211E-1,-2.183416867467E0));
#2219=LINE('',#2218,#2217);
#2220=DIRECTION('',(1.E0,0.E0,0.E0));
#2221=VECTOR('',#2220,4.3E-1);
#2222=CARTESIAN_POINT('',(-1.715E0,-5.246660588211E-1,-2.016583132533E0));
#2223=LINE('',#2222,#2221);
#2224=DIRECTION('',(1.E0,0.E0,0.E0));
#2225=VECTOR('',#2224,4.3E-1);
#2226=CARTESIAN_POINT('',(-1.715E0,-3.449886576263E-1,-1.748056224890E0));
#2227=LINE('',#2226,#2225);
#2228=DIRECTION('',(1.E0,0.E0,0.E0));
#2229=VECTOR('',#2228,4.3E-1);
#2230=CARTESIAN_POINT('',(-1.715E0,-2.697285953061E-1,-1.565404497688E0));
#2231=LINE('',#2230,#2229);
#2232=CARTESIAN_POINT('',(2.85E-1,1.3E0,-5.25E0));
#2233=DIRECTION('',(1.E0,0.E0,0.E0));
#2234=DIRECTION('',(0.E0,-4.841229182759E-1,-8.75E-1));
#2235=AXIS2_PLACEMENT_3D('',#2232,#2233,#2234);
#2237=DIRECTION('',(0.E0,1.E0,0.E0));
#2238=VECTOR('',#2237,9.E-1);
#2239=CARTESIAN_POINT('',(2.85E-1,1.3E0,-5.65E0));
#2240=LINE('',#2239,#2238);
#2241=DIRECTION('',(0.E0,0.E0,1.E0));
#2242=VECTOR('',#2241,2.E-1);
#2243=CARTESIAN_POINT('',(2.85E-1,2.2E0,-5.65E0));
#2244=LINE('',#2243,#2242);
#2245=DIRECTION('',(0.E0,-1.E0,0.E0));
#2246=VECTOR('',#2245,7.E-1);
#2247=CARTESIAN_POINT('',(2.85E-1,2.2E0,-5.45E0));
#2248=LINE('',#2247,#2246);
#2249=DIRECTION('',(0.E0,-1.908089953765E-1,-9.816271834477E-1));
#2250=VECTOR('',#2249,4.702534863673E-1);
#2251=CARTESIAN_POINT('',(2.85E-1,-1.8E-1,-1.103790892359E0));
#2252=LINE('',#2251,#2250);
#2253=CARTESIAN_POINT('',(2.85E-1,-7.605421870299E-1,-1.47E0));
#2254=DIRECTION('',(-1.E0,0.E0,0.E0));
#2255=DIRECTION('',(0.E0,9.816271834477E-1,-1.908089953765E-1));
#2256=AXIS2_PLACEMENT_3D('',#2253,#2254,#2255);
#2258=DIRECTION('',(0.E0,-5.561124497804E-1,-8.311070588073E-1));
#2259=VECTOR('',#2258,3.230954481702E-1);
#2260=CARTESIAN_POINT('',(2.85E-1,-3.449886576263E-1,-1.748056224890E0));
#2261=LINE('',#2260,#2259);
#2262=CARTESIAN_POINT('',(2.85E-1,-4.E-1,-2.1E0));
#2263=DIRECTION('',(1.E0,0.E0,0.E0));
#2264=DIRECTION('',(0.E0,-8.311070588073E-1,5.561124497804E-1));
#2265=AXIS2_PLACEMENT_3D('',#2262,#2263,#2264);
#2267=DIRECTION('',(0.E0,5.561124497801E-1,-8.311070588075E-1));
#2268=VECTOR('',#2267,1.882102421237E-1);
#2269=CARTESIAN_POINT('',(2.85E-1,-5.246660588211E-1,-2.183416867467E0));
#2270=LINE('',#2269,#2268);
#2271=DIRECTION('',(0.E0,8.311070588075E-1,5.561124497801E-1));
#2272=VECTOR('',#2271,2.E-1);
#2273=CARTESIAN_POINT('',(2.85E-1,-4.2E-1,-2.339839728236E0));
#2274=LINE('',#2273,#2272);
#2275=DIRECTION('',(0.E0,-5.561124497801E-1,8.311070588075E-1));
#2276=VECTOR('',#2275,1.547541161116E-1);
#2277=CARTESIAN_POINT('',(2.85E-1,-2.537785882385E-1,-2.228617238280E0));
#2278=LINE('',#2277,#2276);
#2279=DIRECTION('',(0.E0,5.561124497804E-1,8.311070588073E-1));
#2280=VECTOR('',#2279,2.874225867916E-1);
#2281=CARTESIAN_POINT('',(2.85E-1,-3.398392788629E-1,-2.1E0));
#2282=LINE('',#2281,#2280);
#2283=DIRECTION('',(0.E0,-1.E0,0.E0));
#2284=VECTOR('',#2283,7.E-1);
#2285=CARTESIAN_POINT('',(7.15E-1,2.2E0,-5.45E0));
#2286=LINE('',#2285,#2284);
#2287=DIRECTION('',(0.E0,0.E0,1.E0));
#2288=VECTOR('',#2287,2.E-1);
#2289=CARTESIAN_POINT('',(7.15E-1,2.2E0,-5.65E0));
#2290=LINE('',#2289,#2288);
#2291=DIRECTION('',(0.E0,1.E0,0.E0));
#2292=VECTOR('',#2291,9.E-1);
#2293=CARTESIAN_POINT('',(7.15E-1,1.3E0,-5.65E0));
#2294=LINE('',#2293,#2292);
#2295=CARTESIAN_POINT('',(7.15E-1,1.3E0,-5.25E0));
#2296=DIRECTION('',(1.E0,0.E0,0.E0));
#2297=DIRECTION('',(0.E0,-4.841229182759E-1,-8.75E-1));
#2298=AXIS2_PLACEMENT_3D('',#2295,#2296,#2297);
#2300=DIRECTION('',(0.E0,5.561124497804E-1,8.311070588073E-1));
#2301=VECTOR('',#2300,2.874225867916E-1);
#2302=CARTESIAN_POINT('',(7.15E-1,-3.398392788629E-1,-2.1E0));
#2303=LINE('',#2302,#2301);
#2304=DIRECTION('',(0.E0,-5.561124497801E-1,8.311070588075E-1));
#2305=VECTOR('',#2304,1.547541161116E-1);
#2306=CARTESIAN_POINT('',(7.15E-1,-2.537785882385E-1,-2.228617238280E0));
#2307=LINE('',#2306,#2305);
#2308=DIRECTION('',(0.E0,8.311070588075E-1,5.561124497801E-1));
#2309=VECTOR('',#2308,2.E-1);
#2310=CARTESIAN_POINT('',(7.15E-1,-4.2E-1,-2.339839728236E0));
#2311=LINE('',#2310,#2309);
#2312=DIRECTION('',(0.E0,5.561124497801E-1,-8.311070588075E-1));
#2313=VECTOR('',#2312,1.882102421237E-1);
#2314=CARTESIAN_POINT('',(7.15E-1,-5.246660588211E-1,-2.183416867467E0));
#2315=LINE('',#2314,#2313);
#2316=CARTESIAN_POINT('',(7.15E-1,-4.E-1,-2.1E0));
#2317=DIRECTION('',(1.E0,0.E0,0.E0));
#2318=DIRECTION('',(0.E0,-8.311070588073E-1,5.561124497804E-1));
#2319=AXIS2_PLACEMENT_3D('',#2316,#2317,#2318);
#2321=DIRECTION('',(0.E0,-5.561124497804E-1,-8.311070588073E-1));
#2322=VECTOR('',#2321,3.230954481702E-1);
#2323=CARTESIAN_POINT('',(7.15E-1,-3.449886576263E-1,-1.748056224890E0));
#2324=LINE('',#2323,#2322);
#2325=CARTESIAN_POINT('',(7.15E-1,-7.605421870299E-1,-1.47E0));
#2326=DIRECTION('',(-1.E0,0.E0,0.E0));
#2327=DIRECTION('',(0.E0,9.816271834477E-1,-1.908089953765E-1));
#2328=AXIS2_PLACEMENT_3D('',#2325,#2326,#2327);
#2330=DIRECTION('',(0.E0,-1.908089953765E-1,-9.816271834477E-1));
#2331=VECTOR('',#2330,4.702534863673E-1);
#2332=CARTESIAN_POINT('',(7.15E-1,-1.8E-1,-1.103790892359E0));
#2333=LINE('',#2332,#2331);
#2334=DIRECTION('',(1.E0,0.E0,0.E0));
#2335=VECTOR('',#2334,4.3E-1);
#2336=CARTESIAN_POINT('',(2.85E-1,2.2E0,-5.45E0));
#2337=LINE('',#2336,#2335);
#2338=DIRECTION('',(1.E0,0.E0,0.E0));
#2339=VECTOR('',#2338,4.3E-1);
#2340=CARTESIAN_POINT('',(2.85E-1,2.2E0,-5.65E0));
#2341=LINE('',#2340,#2339);
#2342=DIRECTION('',(1.E0,0.E0,0.E0));
#2343=VECTOR('',#2342,4.3E-1);
#2344=CARTESIAN_POINT('',(2.85E-1,1.3E0,-5.65E0));
#2345=LINE('',#2344,#2343);
#2346=DIRECTION('',(1.E0,0.E0,0.E0));
#2347=VECTOR('',#2346,4.3E-1);
#2348=CARTESIAN_POINT('',(2.85E-1,-3.398392788629E-1,-2.1E0));
#2349=LINE('',#2348,#2347);
#2350=DIRECTION('',(1.E0,0.E0,0.E0));
#2351=VECTOR('',#2350,4.3E-1);
#2352=CARTESIAN_POINT('',(2.85E-1,-2.537785882385E-1,-2.228617238280E0));
#2353=LINE('',#2352,#2351);
#2354=DIRECTION('',(1.E0,0.E0,0.E0));
#2355=VECTOR('',#2354,4.3E-1);
#2356=CARTESIAN_POINT('',(2.85E-1,-4.2E-1,-2.339839728236E0));
#2357=LINE('',#2356,#2355);
#2358=DIRECTION('',(1.E0,0.E0,0.E0));
#2359=VECTOR('',#2358,4.3E-1);
#2360=CARTESIAN_POINT('',(2.85E-1,-5.246660588211E-1,-2.183416867467E0));
#2361=LINE('',#2360,#2359);
#2362=DIRECTION('',(1.E0,0.E0,0.E0));
#2363=VECTOR('',#2362,4.3E-1);
#2364=CARTESIAN_POINT('',(2.85E-1,-5.246660588211E-1,-2.016583132533E0));
#2365=LINE('',#2364,#2363);
#2366=DIRECTION('',(1.E0,0.E0,0.E0));
#2367=VECTOR('',#2366,4.3E-1);
#2368=CARTESIAN_POINT('',(2.85E-1,-3.449886576263E-1,-1.748056224890E0));
#2369=LINE('',#2368,#2367);
#2370=DIRECTION('',(1.E0,0.E0,0.E0));
#2371=VECTOR('',#2370,4.3E-1);
#2372=CARTESIAN_POINT('',(2.85E-1,-2.697285953061E-1,-1.565404497688E0));
#2373=LINE('',#2372,#2371);
#2374=CARTESIAN_POINT('',(2.285E0,1.3E0,-5.25E0));
#2375=DIRECTION('',(1.E0,0.E0,0.E0));
#2376=DIRECTION('',(0.E0,-4.841229182759E-1,-8.75E-1));
#2377=AXIS2_PLACEMENT_3D('',#2374,#2375,#2376);
#2379=DIRECTION('',(0.E0,1.E0,0.E0));
#2380=VECTOR('',#2379,9.E-1);
#2381=CARTESIAN_POINT('',(2.285E0,1.3E0,-5.65E0));
#2382=LINE('',#2381,#2380);
#2383=DIRECTION('',(0.E0,0.E0,1.E0));
#2384=VECTOR('',#2383,2.E-1);
#2385=CARTESIAN_POINT('',(2.285E0,2.2E0,-5.65E0));
#2386=LINE('',#2385,#2384);
#2387=DIRECTION('',(0.E0,-1.E0,0.E0));
#2388=VECTOR('',#2387,7.E-1);
#2389=CARTESIAN_POINT('',(2.285E0,2.2E0,-5.45E0));
#2390=LINE('',#2389,#2388);
#2391=DIRECTION('',(0.E0,-1.908089953765E-1,-9.816271834477E-1));
#2392=VECTOR('',#2391,4.702534863673E-1);
#2393=CARTESIAN_POINT('',(2.285E0,-1.8E-1,-1.103790892359E0));
#2394=LINE('',#2393,#2392);
#2395=CARTESIAN_POINT('',(2.285E0,-7.605421870299E-1,-1.47E0));
#2396=DIRECTION('',(-1.E0,0.E0,0.E0));
#2397=DIRECTION('',(0.E0,9.816271834477E-1,-1.908089953765E-1));
#2398=AXIS2_PLACEMENT_3D('',#2395,#2396,#2397);
#2400=DIRECTION('',(0.E0,-5.561124497804E-1,-8.311070588073E-1));
#2401=VECTOR('',#2400,3.230954481702E-1);
#2402=CARTESIAN_POINT('',(2.285E0,-3.449886576263E-1,-1.748056224890E0));
#2403=LINE('',#2402,#2401);
#2404=CARTESIAN_POINT('',(2.285E0,-4.E-1,-2.1E0));
#2405=DIRECTION('',(1.E0,0.E0,0.E0));
#2406=DIRECTION('',(0.E0,-8.311070588073E-1,5.561124497804E-1));
#2407=AXIS2_PLACEMENT_3D('',#2404,#2405,#2406);
#2409=DIRECTION('',(0.E0,5.561124497801E-1,-8.311070588075E-1));
#2410=VECTOR('',#2409,1.882102421237E-1);
#2411=CARTESIAN_POINT('',(2.285E0,-5.246660588211E-1,-2.183416867467E0));
#2412=LINE('',#2411,#2410);
#2413=DIRECTION('',(0.E0,8.311070588075E-1,5.561124497801E-1));
#2414=VECTOR('',#2413,2.E-1);
#2415=CARTESIAN_POINT('',(2.285E0,-4.2E-1,-2.339839728236E0));
#2416=LINE('',#2415,#2414);
#2417=DIRECTION('',(0.E0,-5.561124497801E-1,8.311070588075E-1));
#2418=VECTOR('',#2417,1.547541161116E-1);
#2419=CARTESIAN_POINT('',(2.285E0,-2.537785882385E-1,-2.228617238280E0));
#2420=LINE('',#2419,#2418);
#2421=DIRECTION('',(0.E0,5.561124497804E-1,8.311070588073E-1));
#2422=VECTOR('',#2421,2.874225867916E-1);
#2423=CARTESIAN_POINT('',(2.285E0,-3.398392788629E-1,-2.1E0));
#2424=LINE('',#2423,#2422);
#2425=DIRECTION('',(0.E0,-1.E0,0.E0));
#2426=VECTOR('',#2425,7.E-1);
#2427=CARTESIAN_POINT('',(2.715E0,2.2E0,-5.45E0));
#2428=LINE('',#2427,#2426);
#2429=DIRECTION('',(0.E0,0.E0,1.E0));
#2430=VECTOR('',#2429,2.E-1);
#2431=CARTESIAN_POINT('',(2.715E0,2.2E0,-5.65E0));
#2432=LINE('',#2431,#2430);
#2433=DIRECTION('',(0.E0,1.E0,0.E0));
#2434=VECTOR('',#2433,9.E-1);
#2435=CARTESIAN_POINT('',(2.715E0,1.3E0,-5.65E0));
#2436=LINE('',#2435,#2434);
#2437=CARTESIAN_POINT('',(2.715E0,1.3E0,-5.25E0));
#2438=DIRECTION('',(1.E0,0.E0,0.E0));
#2439=DIRECTION('',(0.E0,-4.841229182759E-1,-8.75E-1));
#2440=AXIS2_PLACEMENT_3D('',#2437,#2438,#2439);
#2442=DIRECTION('',(0.E0,5.561124497804E-1,8.311070588073E-1));
#2443=VECTOR('',#2442,2.874225867916E-1);
#2444=CARTESIAN_POINT('',(2.715E0,-3.398392788629E-1,-2.1E0));
#2445=LINE('',#2444,#2443);
#2446=DIRECTION('',(0.E0,-5.561124497801E-1,8.311070588075E-1));
#2447=VECTOR('',#2446,1.547541161116E-1);
#2448=CARTESIAN_POINT('',(2.715E0,-2.537785882385E-1,-2.228617238280E0));
#2449=LINE('',#2448,#2447);
#2450=DIRECTION('',(0.E0,8.311070588075E-1,5.561124497801E-1));
#2451=VECTOR('',#2450,2.E-1);
#2452=CARTESIAN_POINT('',(2.715E0,-4.2E-1,-2.339839728236E0));
#2453=LINE('',#2452,#2451);
#2454=DIRECTION('',(0.E0,5.561124497801E-1,-8.311070588075E-1));
#2455=VECTOR('',#2454,1.882102421237E-1);
#2456=CARTESIAN_POINT('',(2.715E0,-5.246660588211E-1,-2.183416867467E0));
#2457=LINE('',#2456,#2455);
#2458=CARTESIAN_POINT('',(2.715E0,-4.E-1,-2.1E0));
#2459=DIRECTION('',(1.E0,0.E0,0.E0));
#2460=DIRECTION('',(0.E0,-8.311070588073E-1,5.561124497804E-1));
#2461=AXIS2_PLACEMENT_3D('',#2458,#2459,#2460);
#2463=DIRECTION('',(0.E0,-5.561124497804E-1,-8.311070588073E-1));
#2464=VECTOR('',#2463,3.230954481702E-1);
#2465=CARTESIAN_POINT('',(2.715E0,-3.449886576263E-1,-1.748056224890E0));
#2466=LINE('',#2465,#2464);
#2467=CARTESIAN_POINT('',(2.715E0,-7.605421870299E-1,-1.47E0));
#2468=DIRECTION('',(-1.E0,0.E0,0.E0));
#2469=DIRECTION('',(0.E0,9.816271834477E-1,-1.908089953765E-1));
#2470=AXIS2_PLACEMENT_3D('',#2467,#2468,#2469);
#2472=DIRECTION('',(0.E0,-1.908089953765E-1,-9.816271834477E-1));
#2473=VECTOR('',#2472,4.702534863673E-1);
#2474=CARTESIAN_POINT('',(2.715E0,-1.8E-1,-1.103790892359E0));
#2475=LINE('',#2474,#2473);
#2476=DIRECTION('',(1.E0,0.E0,0.E0));
#2477=VECTOR('',#2476,4.3E-1);
#2478=CARTESIAN_POINT('',(2.285E0,2.2E0,-5.45E0));
#2479=LINE('',#2478,#2477);
#2480=DIRECTION('',(1.E0,0.E0,0.E0));
#2481=VECTOR('',#2480,4.3E-1);
#2482=CARTESIAN_POINT('',(2.285E0,2.2E0,-5.65E0));
#2483=LINE('',#2482,#2481);
#2484=DIRECTION('',(1.E0,0.E0,0.E0));
#2485=VECTOR('',#2484,4.3E-1);
#2486=CARTESIAN_POINT('',(2.285E0,1.3E0,-5.65E0));
#2487=LINE('',#2486,#2485);
#2488=DIRECTION('',(1.E0,0.E0,0.E0));
#2489=VECTOR('',#2488,4.3E-1);
#2490=CARTESIAN_POINT('',(2.285E0,-3.398392788629E-1,-2.1E0));
#2491=LINE('',#2490,#2489);
#2492=DIRECTION('',(1.E0,0.E0,0.E0));
#2493=VECTOR('',#2492,4.3E-1);
#2494=CARTESIAN_POINT('',(2.285E0,-2.537785882385E-1,-2.228617238280E0));
#2495=LINE('',#2494,#2493);
#2496=DIRECTION('',(1.E0,0.E0,0.E0));
#2497=VECTOR('',#2496,4.3E-1);
#2498=CARTESIAN_POINT('',(2.285E0,-4.2E-1,-2.339839728236E0));
#2499=LINE('',#2498,#2497);
#2500=DIRECTION('',(1.E0,0.E0,0.E0));
#2501=VECTOR('',#2500,4.3E-1);
#2502=CARTESIAN_POINT('',(2.285E0,-5.246660588211E-1,-2.183416867467E0));
#2503=LINE('',#2502,#2501);
#2504=DIRECTION('',(1.E0,0.E0,0.E0));
#2505=VECTOR('',#2504,4.3E-1);
#2506=CARTESIAN_POINT('',(2.285E0,-5.246660588211E-1,-2.016583132533E0));
#2507=LINE('',#2506,#2505);
#2508=DIRECTION('',(1.E0,0.E0,0.E0));
#2509=VECTOR('',#2508,4.3E-1);
#2510=CARTESIAN_POINT('',(2.285E0,-3.449886576263E-1,-1.748056224890E0));
#2511=LINE('',#2510,#2509);
#2512=DIRECTION('',(1.E0,0.E0,0.E0));
#2513=VECTOR('',#2512,4.3E-1);
#2514=CARTESIAN_POINT('',(2.285E0,-2.697285953061E-1,-1.565404497688E0));
#2515=LINE('',#2514,#2513);
#2516=DIRECTION('',(1.E0,0.E0,0.E0));
#2517=VECTOR('',#2516,4.3E-1);
#2518=CARTESIAN_POINT('',(4.285E0,-3.398392788629E-1,-2.1E0));
#2519=LINE('',#2518,#2517);
#2520=DIRECTION('',(1.E0,0.E0,0.E0));
#2521=VECTOR('',#2520,4.3E-1);
#2522=CARTESIAN_POINT('',(4.285E0,-2.537785882385E-1,-2.228617238280E0));
#2523=LINE('',#2522,#2521);
#2524=DIRECTION('',(1.E0,0.E0,0.E0));
#2525=VECTOR('',#2524,4.3E-1);
#2526=CARTESIAN_POINT('',(4.285E0,-4.2E-1,-2.339839728236E0));
#2527=LINE('',#2526,#2525);
#2528=DIRECTION('',(1.E0,0.E0,0.E0));
#2529=VECTOR('',#2528,4.3E-1);
#2530=CARTESIAN_POINT('',(4.285E0,-5.246660588211E-1,-2.183416867467E0));
#2531=LINE('',#2530,#2529);
#2532=DIRECTION('',(1.E0,0.E0,0.E0));
#2533=VECTOR('',#2532,4.3E-1);
#2534=CARTESIAN_POINT('',(4.285E0,-5.246660588211E-1,-2.016583132533E0));
#2535=LINE('',#2534,#2533);
#2536=DIRECTION('',(1.E0,0.E0,0.E0));
#2537=VECTOR('',#2536,4.3E-1);
#2538=CARTESIAN_POINT('',(4.285E0,-3.449886576263E-1,-1.748056224890E0));
#2539=LINE('',#2538,#2537);
#2540=DIRECTION('',(1.E0,0.E0,0.E0));
#2541=VECTOR('',#2540,4.3E-1);
#2542=CARTESIAN_POINT('',(4.285E0,-2.697285953061E-1,-1.565404497688E0));
#2543=LINE('',#2542,#2541);
#2544=CARTESIAN_POINT('',(-6.E0,-1.1E0,0.E0));
#2545=CARTESIAN_POINT('',(-6.E0,-1.1E0,-1.35E0));
#2546=VERTEX_POINT('',#2544);
#2547=VERTEX_POINT('',#2545);
#2548=CARTESIAN_POINT('',(-6.E0,-1.5E0,-1.35E0));
#2549=VERTEX_POINT('',#2548);
#2550=CARTESIAN_POINT('',(-6.E0,-1.5E0,-5.6E0));
#2551=VERTEX_POINT('',#2550);
#2552=CARTESIAN_POINT('',(6.E0,1.5E0,0.E0));
#2553=CARTESIAN_POINT('',(6.E0,-1.1E0,0.E0));
#2554=VERTEX_POINT('',#2552);
#2555=VERTEX_POINT('',#2553);
#2556=CARTESIAN_POINT('',(6.E0,-1.1E0,-1.35E0));
#2557=VERTEX_POINT('',#2556);
#2558=CARTESIAN_POINT('',(6.E0,-1.5E0,-1.35E0));
#2559=VERTEX_POINT('',#2558);
#2560=CARTESIAN_POINT('',(6.E0,-1.5E0,-5.6E0));
#2561=VERTEX_POINT('',#2560);
#2562=CARTESIAN_POINT('',(6.E0,1.5E0,-5.6E0));
#2563=VERTEX_POINT('',#2562);
#2564=CARTESIAN_POINT('',(-5.5E0,-6.E-1,-1.E0));
#2565=CARTESIAN_POINT('',(-5.5E0,-6.E-1,-4.1E0));
#2566=VERTEX_POINT('',#2564);
#2567=VERTEX_POINT('',#2565);
#2568=CARTESIAN_POINT('',(-5.5E0,-1.8E-1,-4.1E0));
#2569=VERTEX_POINT('',#2568);
#2570=CARTESIAN_POINT('',(5.5E0,-6.E-1,-4.1E0));
#2571=CARTESIAN_POINT('',(5.5E0,-6.E-1,-1.E0));
#2572=VERTEX_POINT('',#2570);
#2573=VERTEX_POINT('',#2571);
#2574=CARTESIAN_POINT('',(5.5E0,-1.8E-1,-4.1E0));
#2575=VERTEX_POINT('',#2574);
#2576=CARTESIAN_POINT('',(5.E0,-1.5E0,-5.6E0));
#2577=CARTESIAN_POINT('',(5.E0,-1.5E0,-5.1E0));
#2578=VERTEX_POINT('',#2576);
#2579=VERTEX_POINT('',#2577);
#2580=CARTESIAN_POINT('',(-5.E0,-1.5E0,-5.1E0));
#2581=VERTEX_POINT('',#2580);
#2582=CARTESIAN_POINT('',(-5.E0,-1.5E0,-5.6E0));
#2583=VERTEX_POINT('',#2582);
#2584=CARTESIAN_POINT('',(5.E0,-7.E-1,-5.1E0));
#2585=VERTEX_POINT('',#2584);
#2586=CARTESIAN_POINT('',(-5.E0,-7.E-1,-5.1E0));
#2587=VERTEX_POINT('',#2586);
#2588=CARTESIAN_POINT('',(-5.E0,-7.E-1,-5.6E0));
#2589=CARTESIAN_POINT('',(5.E0,-7.E-1,-5.6E0));
#2590=VERTEX_POINT('',#2588);
#2591=VERTEX_POINT('',#2589);
#2592=CARTESIAN_POINT('',(-5.5E0,-7.25E-1,-5.E-1));
#2593=CARTESIAN_POINT('',(-5.5E0,-1.8E-1,-5.E-1));
#2594=VERTEX_POINT('',#2592);
#2595=VERTEX_POINT('',#2593);
#2596=CARTESIAN_POINT('',(-5.7E0,-8.5E-1,0.E0));
#2597=CARTESIAN_POINT('',(-5.7E0,1.2E-1,0.E0));
#2598=VERTEX_POINT('',#2596);
#2599=VERTEX_POINT('',#2597);
#2600=CARTESIAN_POINT('',(5.5E0,-1.8E-1,-5.E-1));
#2601=CARTESIAN_POINT('',(5.5E0,-7.25E-1,-5.E-1));
#2602=VERTEX_POINT('',#2600);
#2603=VERTEX_POINT('',#2601);
#2604=CARTESIAN_POINT('',(5.7E0,1.2E-1,0.E0));
#2605=CARTESIAN_POINT('',(5.7E0,-8.5E-1,0.E0));
#2606=VERTEX_POINT('',#2604);
#2607=VERTEX_POINT('',#2605);
#2608=CARTESIAN_POINT('',(-6.E0,1.E0,-5.6E0));
#2609=CARTESIAN_POINT('',(-5.5E0,1.5E0,-5.6E0));
#2610=VERTEX_POINT('',#2608);
#2611=VERTEX_POINT('',#2609);
#2612=CARTESIAN_POINT('',(-5.5E0,1.5E0,0.E0));
#2613=VERTEX_POINT('',#2612);
#2614=CARTESIAN_POINT('',(-6.E0,1.E0,0.E0));
#2615=VERTEX_POINT('',#2614);
#2616=CARTESIAN_POINT('',(-3.715E0,1.3E0,-5.65E0));
#2617=CARTESIAN_POINT('',(-3.715E0,2.2E0,-5.65E0));
#2618=VERTEX_POINT('',#2616);
#2619=VERTEX_POINT('',#2617);
#2620=CARTESIAN_POINT('',(-3.715E0,2.2E0,-5.45E0));
#2621=VERTEX_POINT('',#2620);
#2622=CARTESIAN_POINT('',(-3.715E0,-2.697285953061E-1,-1.565404497688E0));
#2623=CARTESIAN_POINT('',(-3.715E0,-3.449886576263E-1,-1.748056224890E0));
#2624=VERTEX_POINT('',#2622);
#2625=VERTEX_POINT('',#2623);
#2626=CARTESIAN_POINT('',(-3.715E0,-5.246660588211E-1,-2.016583132533E0));
#2627=VERTEX_POINT('',#2626);
#2628=CARTESIAN_POINT('',(-3.715E0,-5.246660588211E-1,-2.183416867467E0));
#2629=VERTEX_POINT('',#2628);
#2630=CARTESIAN_POINT('',(-3.715E0,-4.2E-1,-2.339839728236E0));
#2631=VERTEX_POINT('',#2630);
#2632=CARTESIAN_POINT('',(-3.715E0,-2.537785882385E-1,-2.228617238280E0));
#2633=VERTEX_POINT('',#2632);
#2634=CARTESIAN_POINT('',(-3.715E0,-3.398392788629E-1,-2.1E0));
#2635=VERTEX_POINT('',#2634);
#2636=CARTESIAN_POINT('',(-3.285E0,1.3E0,-5.65E0));
#2637=CARTESIAN_POINT('',(-3.285E0,2.2E0,-5.65E0));
#2638=VERTEX_POINT('',#2636);
#2639=VERTEX_POINT('',#2637);
#2640=CARTESIAN_POINT('',(-3.285E0,2.2E0,-5.45E0));
#2641=VERTEX_POINT('',#2640);
#2642=CARTESIAN_POINT('',(-3.285E0,-2.697285953061E-1,-1.565404497688E0));
#2643=CARTESIAN_POINT('',(-3.285E0,-3.449886576263E-1,-1.748056224890E0));
#2644=VERTEX_POINT('',#2642);
#2645=VERTEX_POINT('',#2643);
#2646=CARTESIAN_POINT('',(-3.285E0,-5.246660588211E-1,-2.016583132533E0));
#2647=VERTEX_POINT('',#2646);
#2648=CARTESIAN_POINT('',(-3.285E0,-5.246660588211E-1,-2.183416867467E0));
#2649=VERTEX_POINT('',#2648);
#2650=CARTESIAN_POINT('',(-3.285E0,-4.2E-1,-2.339839728236E0));
#2651=VERTEX_POINT('',#2650);
#2652=CARTESIAN_POINT('',(-3.285E0,-2.537785882385E-1,-2.228617238280E0));
#2653=VERTEX_POINT('',#2652);
#2654=CARTESIAN_POINT('',(-3.285E0,-3.398392788629E-1,-2.1E0));
#2655=VERTEX_POINT('',#2654);
#2656=CARTESIAN_POINT('',(-3.715E0,1.5E0,-5.6E0));
#2657=CARTESIAN_POINT('',(-3.715E0,1.106350832690E0,-5.6E0));
#2658=VERTEX_POINT('',#2656);
#2659=VERTEX_POINT('',#2657);
#2660=CARTESIAN_POINT('',(-3.285E0,1.106350832690E0,-5.6E0));
#2661=VERTEX_POINT('',#2660);
#2662=CARTESIAN_POINT('',(-3.715E0,1.5E0,-5.45E0));
#2663=VERTEX_POINT('',#2662);
#2664=CARTESIAN_POINT('',(-3.285E0,1.5E0,-5.45E0));
#2665=VERTEX_POINT('',#2664);
#2666=CARTESIAN_POINT('',(-3.715E0,-1.8E-1,-1.861121059257E0));
#2667=CARTESIAN_POINT('',(-3.715E0,-1.8E-1,-1.103790892359E0));
#2668=VERTEX_POINT('',#2666);
#2669=VERTEX_POINT('',#2667);
#2670=CARTESIAN_POINT('',(-3.285E0,1.5E0,-5.6E0));
#2671=VERTEX_POINT('',#2670);
#2672=CARTESIAN_POINT('',(-3.285E0,-1.8E-1,-1.861121059257E0));
#2673=CARTESIAN_POINT('',(-3.285E0,-1.8E-1,-1.103790892359E0));
#2674=VERTEX_POINT('',#2672);
#2675=VERTEX_POINT('',#2673);
#2676=CARTESIAN_POINT('',(-4.715E0,-1.095555333677E0,-5.271946471606E0));
#2677=CARTESIAN_POINT('',(-4.715E0,-1.125588908209E0,-5.316832117036E0));
#2678=VERTEX_POINT('',#2676);
#2679=VERTEX_POINT('',#2677);
#2680=CARTESIAN_POINT('',(-4.715E0,-1.374922108416E0,-5.45E0));
#2681=VERTEX_POINT('',#2680);
#2682=CARTESIAN_POINT('',(-4.715E0,-2.2E0,-5.45E0));
#2683=VERTEX_POINT('',#2682);
#2684=CARTESIAN_POINT('',(-4.715E0,-2.2E0,-5.65E0));
#2685=VERTEX_POINT('',#2684);
#2686=CARTESIAN_POINT('',(-4.715E0,-1.374922108416E0,-5.65E0));
#2687=VERTEX_POINT('',#2686);
#2688=CARTESIAN_POINT('',(-4.715E0,-9.593667747382E-1,-5.428053528394E0));
#2689=VERTEX_POINT('',#2688);
#2690=CARTESIAN_POINT('',(-4.715E0,-9.293332002065E-1,-5.383167882964E0));
#2691=VERTEX_POINT('',#2690);
#2692=CARTESIAN_POINT('',(-4.285E0,-1.095555333677E0,-5.271946471606E0));
#2693=CARTESIAN_POINT('',(-4.285E0,-1.125588908209E0,-5.316832117036E0));
#2694=VERTEX_POINT('',#2692);
#2695=VERTEX_POINT('',#2693);
#2696=CARTESIAN_POINT('',(-4.285E0,-1.374922108416E0,-5.45E0));
#2697=VERTEX_POINT('',#2696);
#2698=CARTESIAN_POINT('',(-4.285E0,-2.2E0,-5.45E0));
#2699=VERTEX_POINT('',#2698);
#2700=CARTESIAN_POINT('',(-4.285E0,-2.2E0,-5.65E0));
#2701=VERTEX_POINT('',#2700);
#2702=CARTESIAN_POINT('',(-4.285E0,-1.374922108416E0,-5.65E0));
#2703=VERTEX_POINT('',#2702);
#2704=CARTESIAN_POINT('',(-4.285E0,-9.593667747382E-1,-5.428053528394E0));
#2705=VERTEX_POINT('',#2704);
#2706=CARTESIAN_POINT('',(-4.285E0,-9.293332002065E-1,-5.383167882964E0));
#2707=VERTEX_POINT('',#2706);
#2708=CARTESIAN_POINT('',(-4.715E0,-7.E-1,-5.250667409058E0));
#2709=CARTESIAN_POINT('',(-4.715E0,-7.E-1,-5.1E0));
#2710=VERTEX_POINT('',#2708);
#2711=VERTEX_POINT('',#2709);
#2712=CARTESIAN_POINT('',(-4.285E0,-7.E-1,-5.250667409058E0));
#2713=VERTEX_POINT('',#2712);
#2714=CARTESIAN_POINT('',(-4.715E0,-8.979449471770E-1,-5.1E0));
#2715=VERTEX_POINT('',#2714);
#2716=CARTESIAN_POINT('',(-4.285E0,-8.979449471770E-1,-5.1E0));
#2717=VERTEX_POINT('',#2716);
#2718=CARTESIAN_POINT('',(-4.285E0,-7.E-1,-5.1E0));
#2719=VERTEX_POINT('',#2718);
#2720=CARTESIAN_POINT('',(-4.715E0,-2.697285495473E-1,-1.565401071908E0));
#2721=CARTESIAN_POINT('',(-4.715E0,-3.449886031937E-1,-1.748052786147E0));
#2722=VERTEX_POINT('',#2720);
#2723=VERTEX_POINT('',#2721);
#2724=CARTESIAN_POINT('',(-4.715E0,-5.246660614232E-1,-2.016579797152E0));
#2725=VERTEX_POINT('',#2724);
#2726=CARTESIAN_POINT('',(-4.715E0,-5.246660614232E-1,-2.183413524308E0));
#2727=VERTEX_POINT('',#2726);
#2728=CARTESIAN_POINT('',(-4.715E0,-4.200014152310E-1,-2.339834284468E0));
#2729=VERTEX_POINT('',#2728);
#2730=CARTESIAN_POINT('',(-4.715E0,-2.5378E-1,-2.228611799697E0));
#2731=VERTEX_POINT('',#2730);
#2732=CARTESIAN_POINT('',(-4.715E0,-3.398392801186E-1,-2.099996660730E0));
#2733=VERTEX_POINT('',#2732);
#2734=CARTESIAN_POINT('',(-4.285E0,-2.697285495473E-1,-1.565401071908E0));
#2735=CARTESIAN_POINT('',(-4.285E0,-3.449886031937E-1,-1.748052786147E0));
#2736=VERTEX_POINT('',#2734);
#2737=VERTEX_POINT('',#2735);
#2738=CARTESIAN_POINT('',(-4.285E0,-5.246660614232E-1,-2.016579797152E0));
#2739=VERTEX_POINT('',#2738);
#2740=CARTESIAN_POINT('',(-4.285E0,-5.246660614232E-1,-2.183413524308E0));
#2741=VERTEX_POINT('',#2740);
#2742=CARTESIAN_POINT('',(-4.285E0,-4.200014152310E-1,-2.339834284468E0));
#2743=VERTEX_POINT('',#2742);
#2744=CARTESIAN_POINT('',(-4.285E0,-2.5378E-1,-2.228611799697E0));
#2745=VERTEX_POINT('',#2744);
#2746=CARTESIAN_POINT('',(-4.285E0,-3.398392801186E-1,-2.099996660730E0));
#2747=VERTEX_POINT('',#2746);
#2748=CARTESIAN_POINT('',(-4.715E0,-1.8E-1,-1.861117701987E0));
#2749=CARTESIAN_POINT('',(-4.715E0,-1.8E-1,-1.103787701987E0));
#2750=VERTEX_POINT('',#2748);
#2751=VERTEX_POINT('',#2749);
#2752=CARTESIAN_POINT('',(-4.285E0,-1.8E-1,-1.861117701987E0));
#2753=CARTESIAN_POINT('',(-4.285E0,-1.8E-1,-1.103787701987E0));
#2754=VERTEX_POINT('',#2752);
#2755=VERTEX_POINT('',#2753);
#2756=CARTESIAN_POINT('',(-1.715E0,1.3E0,-5.65E0));
#2757=CARTESIAN_POINT('',(-1.715E0,2.2E0,-5.65E0));
#2758=VERTEX_POINT('',#2756);
#2759=VERTEX_POINT('',#2757);
#2760=CARTESIAN_POINT('',(-1.715E0,2.2E0,-5.45E0));
#2761=VERTEX_POINT('',#2760);
#2762=CARTESIAN_POINT('',(-1.715E0,-3.449886576263E-1,-1.748056224890E0));
#2763=CARTESIAN_POINT('',(-1.715E0,-5.246660588211E-1,-2.016583132533E0));
#2764=VERTEX_POINT('',#2762);
#2765=VERTEX_POINT('',#2763);
#2766=CARTESIAN_POINT('',(-1.715E0,-5.246660588211E-1,-2.183416867467E0));
#2767=VERTEX_POINT('',#2766);
#2768=CARTESIAN_POINT('',(-1.715E0,-4.2E-1,-2.339839728236E0));
#2769=VERTEX_POINT('',#2768);
#2770=CARTESIAN_POINT('',(-1.715E0,-2.537785882385E-1,-2.228617238280E0));
#2771=VERTEX_POINT('',#2770);
#2772=CARTESIAN_POINT('',(-1.715E0,-3.398392788629E-1,-2.1E0));
#2773=VERTEX_POINT('',#2772);
#2774=CARTESIAN_POINT('',(-1.715E0,-2.697285953061E-1,-1.565404497688E0));
#2775=VERTEX_POINT('',#2774);
#2776=CARTESIAN_POINT('',(-1.285E0,1.3E0,-5.65E0));
#2777=CARTESIAN_POINT('',(-1.285E0,2.2E0,-5.65E0));
#2778=VERTEX_POINT('',#2776);
#2779=VERTEX_POINT('',#2777);
#2780=CARTESIAN_POINT('',(-1.285E0,2.2E0,-5.45E0));
#2781=VERTEX_POINT('',#2780);
#2782=CARTESIAN_POINT('',(-1.285E0,-3.449886576263E-1,-1.748056224890E0));
#2783=CARTESIAN_POINT('',(-1.285E0,-5.246660588211E-1,-2.016583132533E0));
#2784=VERTEX_POINT('',#2782);
#2785=VERTEX_POINT('',#2783);
#2786=CARTESIAN_POINT('',(-1.285E0,-5.246660588211E-1,-2.183416867467E0));
#2787=VERTEX_POINT('',#2786);
#2788=CARTESIAN_POINT('',(-1.285E0,-4.2E-1,-2.339839728236E0));
#2789=VERTEX_POINT('',#2788);
#2790=CARTESIAN_POINT('',(-1.285E0,-2.537785882385E-1,-2.228617238280E0));
#2791=VERTEX_POINT('',#2790);
#2792=CARTESIAN_POINT('',(-1.285E0,-3.398392788629E-1,-2.1E0));
#2793=VERTEX_POINT('',#2792);
#2794=CARTESIAN_POINT('',(-1.285E0,-2.697285953061E-1,-1.565404497688E0));
#2795=VERTEX_POINT('',#2794);
#2796=CARTESIAN_POINT('',(-1.715E0,1.5E0,-5.6E0));
#2797=CARTESIAN_POINT('',(-1.715E0,1.106350832690E0,-5.6E0));
#2798=VERTEX_POINT('',#2796);
#2799=VERTEX_POINT('',#2797);
#2800=CARTESIAN_POINT('',(-1.285E0,1.5E0,-5.6E0));
#2801=CARTESIAN_POINT('',(-1.285E0,1.106350832690E0,-5.6E0));
#2802=VERTEX_POINT('',#2800);
#2803=VERTEX_POINT('',#2801);
#2804=CARTESIAN_POINT('',(-1.715E0,1.5E0,-5.45E0));
#2805=VERTEX_POINT('',#2804);
#2806=CARTESIAN_POINT('',(-1.285E0,1.5E0,-5.45E0));
#2807=VERTEX_POINT('',#2806);
#2808=CARTESIAN_POINT('',(-1.715E0,-1.8E-1,-1.861121059257E0));
#2809=CARTESIAN_POINT('',(-1.715E0,-1.8E-1,-1.103790892359E0));
#2810=VERTEX_POINT('',#2808);
#2811=VERTEX_POINT('',#2809);
#2812=CARTESIAN_POINT('',(-1.285E0,-1.8E-1,-1.861121059257E0));
#2813=CARTESIAN_POINT('',(-1.285E0,-1.8E-1,-1.103790892359E0));
#2814=VERTEX_POINT('',#2812);
#2815=VERTEX_POINT('',#2813);
#2816=CARTESIAN_POINT('',(2.85E-1,1.3E0,-5.65E0));
#2817=CARTESIAN_POINT('',(2.85E-1,2.2E0,-5.65E0));
#2818=VERTEX_POINT('',#2816);
#2819=VERTEX_POINT('',#2817);
#2820=CARTESIAN_POINT('',(2.85E-1,2.2E0,-5.45E0));
#2821=VERTEX_POINT('',#2820);
#2822=CARTESIAN_POINT('',(2.85E-1,-3.449886576263E-1,-1.748056224890E0));
#2823=CARTESIAN_POINT('',(2.85E-1,-5.246660588211E-1,-2.016583132533E0));
#2824=VERTEX_POINT('',#2822);
#2825=VERTEX_POINT('',#2823);
#2826=CARTESIAN_POINT('',(2.85E-1,-5.246660588211E-1,-2.183416867467E0));
#2827=VERTEX_POINT('',#2826);
#2828=CARTESIAN_POINT('',(2.85E-1,-4.2E-1,-2.339839728236E0));
#2829=VERTEX_POINT('',#2828);
#2830=CARTESIAN_POINT('',(2.85E-1,-2.537785882385E-1,-2.228617238280E0));
#2831=VERTEX_POINT('',#2830);
#2832=CARTESIAN_POINT('',(2.85E-1,-3.398392788629E-1,-2.1E0));
#2833=VERTEX_POINT('',#2832);
#2834=CARTESIAN_POINT('',(2.85E-1,-2.697285953061E-1,-1.565404497688E0));
#2835=VERTEX_POINT('',#2834);
#2836=CARTESIAN_POINT('',(7.15E-1,1.3E0,-5.65E0));
#2837=CARTESIAN_POINT('',(7.15E-1,2.2E0,-5.65E0));
#2838=VERTEX_POINT('',#2836);
#2839=VERTEX_POINT('',#2837);
#2840=CARTESIAN_POINT('',(7.15E-1,2.2E0,-5.45E0));
#2841=VERTEX_POINT('',#2840);
#2842=CARTESIAN_POINT('',(7.15E-1,-3.449886576263E-1,-1.748056224890E0));
#2843=CARTESIAN_POINT('',(7.15E-1,-5.246660588211E-1,-2.016583132533E0));
#2844=VERTEX_POINT('',#2842);
#2845=VERTEX_POINT('',#2843);
#2846=CARTESIAN_POINT('',(7.15E-1,-5.246660588211E-1,-2.183416867467E0));
#2847=VERTEX_POINT('',#2846);
#2848=CARTESIAN_POINT('',(7.15E-1,-4.2E-1,-2.339839728236E0));
#2849=VERTEX_POINT('',#2848);
#2850=CARTESIAN_POINT('',(7.15E-1,-2.537785882385E-1,-2.228617238280E0));
#2851=VERTEX_POINT('',#2850);
#2852=CARTESIAN_POINT('',(7.15E-1,-3.398392788629E-1,-2.1E0));
#2853=VERTEX_POINT('',#2852);
#2854=CARTESIAN_POINT('',(7.15E-1,-2.697285953061E-1,-1.565404497688E0));
#2855=VERTEX_POINT('',#2854);
#2856=CARTESIAN_POINT('',(2.85E-1,1.5E0,-5.6E0));
#2857=CARTESIAN_POINT('',(2.85E-1,1.106350832690E0,-5.6E0));
#2858=VERTEX_POINT('',#2856);
#2859=VERTEX_POINT('',#2857);
#2860=CARTESIAN_POINT('',(7.15E-1,1.5E0,-5.6E0));
#2861=CARTESIAN_POINT('',(7.15E-1,1.106350832690E0,-5.6E0));
#2862=VERTEX_POINT('',#2860);
#2863=VERTEX_POINT('',#2861);
#2864=CARTESIAN_POINT('',(2.85E-1,1.5E0,-5.45E0));
#2865=VERTEX_POINT('',#2864);
#2866=CARTESIAN_POINT('',(7.15E-1,1.5E0,-5.45E0));
#2867=VERTEX_POINT('',#2866);
#2868=CARTESIAN_POINT('',(2.85E-1,-1.8E-1,-1.861121059257E0));
#2869=CARTESIAN_POINT('',(2.85E-1,-1.8E-1,-1.103790892359E0));
#2870=VERTEX_POINT('',#2868);
#2871=VERTEX_POINT('',#2869);
#2872=CARTESIAN_POINT('',(7.15E-1,-1.8E-1,-1.861121059257E0));
#2873=CARTESIAN_POINT('',(7.15E-1,-1.8E-1,-1.103790892359E0));
#2874=VERTEX_POINT('',#2872);
#2875=VERTEX_POINT('',#2873);
#2876=CARTESIAN_POINT('',(2.285E0,1.3E0,-5.65E0));
#2877=CARTESIAN_POINT('',(2.285E0,2.2E0,-5.65E0));
#2878=VERTEX_POINT('',#2876);
#2879=VERTEX_POINT('',#2877);
#2880=CARTESIAN_POINT('',(2.285E0,2.2E0,-5.45E0));
#2881=VERTEX_POINT('',#2880);
#2882=CARTESIAN_POINT('',(2.285E0,-3.449886576263E-1,-1.748056224890E0));
#2883=CARTESIAN_POINT('',(2.285E0,-5.246660588211E-1,-2.016583132533E0));
#2884=VERTEX_POINT('',#2882);
#2885=VERTEX_POINT('',#2883);
#2886=CARTESIAN_POINT('',(2.285E0,-5.246660588211E-1,-2.183416867467E0));
#2887=VERTEX_POINT('',#2886);
#2888=CARTESIAN_POINT('',(2.285E0,-4.2E-1,-2.339839728236E0));
#2889=VERTEX_POINT('',#2888);
#2890=CARTESIAN_POINT('',(2.285E0,-2.537785882385E-1,-2.228617238280E0));
#2891=VERTEX_POINT('',#2890);
#2892=CARTESIAN_POINT('',(2.285E0,-3.398392788629E-1,-2.1E0));
#2893=VERTEX_POINT('',#2892);
#2894=CARTESIAN_POINT('',(2.285E0,-2.697285953061E-1,-1.565404497688E0));
#2895=VERTEX_POINT('',#2894);
#2896=CARTESIAN_POINT('',(2.715E0,1.3E0,-5.65E0));
#2897=CARTESIAN_POINT('',(2.715E0,2.2E0,-5.65E0));
#2898=VERTEX_POINT('',#2896);
#2899=VERTEX_POINT('',#2897);
#2900=CARTESIAN_POINT('',(2.715E0,2.2E0,-5.45E0));
#2901=VERTEX_POINT('',#2900);
#2902=CARTESIAN_POINT('',(2.715E0,-3.449886576263E-1,-1.748056224890E0));
#2903=CARTESIAN_POINT('',(2.715E0,-5.246660588211E-1,-2.016583132533E0));
#2904=VERTEX_POINT('',#2902);
#2905=VERTEX_POINT('',#2903);
#2906=CARTESIAN_POINT('',(2.715E0,-5.246660588211E-1,-2.183416867467E0));
#2907=VERTEX_POINT('',#2906);
#2908=CARTESIAN_POINT('',(2.715E0,-4.2E-1,-2.339839728236E0));
#2909=VERTEX_POINT('',#2908);
#2910=CARTESIAN_POINT('',(2.715E0,-2.537785882385E-1,-2.228617238280E0));
#2911=VERTEX_POINT('',#2910);
#2912=CARTESIAN_POINT('',(2.715E0,-3.398392788629E-1,-2.1E0));
#2913=VERTEX_POINT('',#2912);
#2914=CARTESIAN_POINT('',(2.715E0,-2.697285953061E-1,-1.565404497688E0));
#2915=VERTEX_POINT('',#2914);
#2916=CARTESIAN_POINT('',(2.285E0,1.5E0,-5.6E0));
#2917=CARTESIAN_POINT('',(2.285E0,1.106350832690E0,-5.6E0));
#2918=VERTEX_POINT('',#2916);
#2919=VERTEX_POINT('',#2917);
#2920=CARTESIAN_POINT('',(2.715E0,1.5E0,-5.6E0));
#2921=CARTESIAN_POINT('',(2.715E0,1.106350832690E0,-5.6E0));
#2922=VERTEX_POINT('',#2920);
#2923=VERTEX_POINT('',#2921);
#2924=CARTESIAN_POINT('',(2.285E0,1.5E0,-5.45E0));
#2925=VERTEX_POINT('',#2924);
#2926=CARTESIAN_POINT('',(2.715E0,1.5E0,-5.45E0));
#2927=VERTEX_POINT('',#2926);
#2928=CARTESIAN_POINT('',(2.285E0,-1.8E-1,-1.861121059257E0));
#2929=CARTESIAN_POINT('',(2.285E0,-1.8E-1,-1.103790892359E0));
#2930=VERTEX_POINT('',#2928);
#2931=VERTEX_POINT('',#2929);
#2932=CARTESIAN_POINT('',(2.715E0,-1.8E-1,-1.861121059257E0));
#2933=CARTESIAN_POINT('',(2.715E0,-1.8E-1,-1.103790892359E0));
#2934=VERTEX_POINT('',#2932);
#2935=VERTEX_POINT('',#2933);
#2936=CARTESIAN_POINT('',(4.285E0,1.3E0,-5.65E0));
#2937=CARTESIAN_POINT('',(4.285E0,2.2E0,-5.65E0));
#2938=VERTEX_POINT('',#2936);
#2939=VERTEX_POINT('',#2937);
#2940=CARTESIAN_POINT('',(4.285E0,2.2E0,-5.45E0));
#2941=VERTEX_POINT('',#2940);
#2942=CARTESIAN_POINT('',(4.285E0,-3.449886576263E-1,-1.748056224890E0));
#2943=CARTESIAN_POINT('',(4.285E0,-5.246660588211E-1,-2.016583132533E0));
#2944=VERTEX_POINT('',#2942);
#2945=VERTEX_POINT('',#2943);
#2946=CARTESIAN_POINT('',(4.285E0,-5.246660588211E-1,-2.183416867467E0));
#2947=VERTEX_POINT('',#2946);
#2948=CARTESIAN_POINT('',(4.285E0,-4.2E-1,-2.339839728236E0));
#2949=VERTEX_POINT('',#2948);
#2950=CARTESIAN_POINT('',(4.285E0,-2.537785882385E-1,-2.228617238280E0));
#2951=VERTEX_POINT('',#2950);
#2952=CARTESIAN_POINT('',(4.285E0,-3.398392788629E-1,-2.1E0));
#2953=VERTEX_POINT('',#2952);
#2954=CARTESIAN_POINT('',(4.285E0,-2.697285953061E-1,-1.565404497688E0));
#2955=VERTEX_POINT('',#2954);
#2956=CARTESIAN_POINT('',(4.715E0,1.3E0,-5.65E0));
#2957=CARTESIAN_POINT('',(4.715E0,2.2E0,-5.65E0));
#2958=VERTEX_POINT('',#2956);
#2959=VERTEX_POINT('',#2957);
#2960=CARTESIAN_POINT('',(4.715E0,2.2E0,-5.45E0));
#2961=VERTEX_POINT('',#2960);
#2962=CARTESIAN_POINT('',(4.715E0,-3.449886576263E-1,-1.748056224890E0));
#2963=CARTESIAN_POINT('',(4.715E0,-5.246660588211E-1,-2.016583132533E0));
#2964=VERTEX_POINT('',#2962);
#2965=VERTEX_POINT('',#2963);
#2966=CARTESIAN_POINT('',(4.715E0,-5.246660588211E-1,-2.183416867467E0));
#2967=VERTEX_POINT('',#2966);
#2968=CARTESIAN_POINT('',(4.715E0,-4.2E-1,-2.339839728236E0));
#2969=VERTEX_POINT('',#2968);
#2970=CARTESIAN_POINT('',(4.715E0,-2.537785882385E-1,-2.228617238280E0));
#2971=VERTEX_POINT('',#2970);
#2972=CARTESIAN_POINT('',(4.715E0,-3.398392788629E-1,-2.1E0));
#2973=VERTEX_POINT('',#2972);
#2974=CARTESIAN_POINT('',(4.715E0,-2.697285953061E-1,-1.565404497688E0));
#2975=VERTEX_POINT('',#2974);
#2976=CARTESIAN_POINT('',(4.285E0,1.5E0,-5.6E0));
#2977=CARTESIAN_POINT('',(4.285E0,1.106350832690E0,-5.6E0));
#2978=VERTEX_POINT('',#2976);
#2979=VERTEX_POINT('',#2977);
#2980=CARTESIAN_POINT('',(4.715E0,1.5E0,-5.6E0));
#2981=CARTESIAN_POINT('',(4.715E0,1.106350832690E0,-5.6E0));
#2982=VERTEX_POINT('',#2980);
#2983=VERTEX_POINT('',#2981);
#2984=CARTESIAN_POINT('',(4.285E0,1.5E0,-5.45E0));
#2985=VERTEX_POINT('',#2984);
#2986=CARTESIAN_POINT('',(4.715E0,1.5E0,-5.45E0));
#2987=VERTEX_POINT('',#2986);
#2988=CARTESIAN_POINT('',(4.285E0,-1.8E-1,-1.861121059257E0));
#2989=CARTESIAN_POINT('',(4.285E0,-1.8E-1,-1.103790892359E0));
#2990=VERTEX_POINT('',#2988);
#2991=VERTEX_POINT('',#2989);
#2992=CARTESIAN_POINT('',(4.715E0,-1.8E-1,-1.861121059257E0));
#2993=CARTESIAN_POINT('',(4.715E0,-1.8E-1,-1.103790892359E0));
#2994=VERTEX_POINT('',#2992);
#2995=VERTEX_POINT('',#2993);
#2996=CARTESIAN_POINT('',(-2.715E0,-1.095555333677E0,-5.271946471606E0));
#2997=CARTESIAN_POINT('',(-2.715E0,-1.125588908209E0,-5.316832117036E0));
#2998=VERTEX_POINT('',#2996);
#2999=VERTEX_POINT('',#2997);
#3000=CARTESIAN_POINT('',(-2.715E0,-1.374922108416E0,-5.45E0));
#3001=VERTEX_POINT('',#3000);
#3002=CARTESIAN_POINT('',(-2.715E0,-2.2E0,-5.45E0));
#3003=VERTEX_POINT('',#3002);
#3004=CARTESIAN_POINT('',(-2.715E0,-2.2E0,-5.65E0));
#3005=VERTEX_POINT('',#3004);
#3006=CARTESIAN_POINT('',(-2.715E0,-1.374922108416E0,-5.65E0));
#3007=VERTEX_POINT('',#3006);
#3008=CARTESIAN_POINT('',(-2.715E0,-9.593667747382E-1,-5.428053528394E0));
#3009=VERTEX_POINT('',#3008);
#3010=CARTESIAN_POINT('',(-2.715E0,-9.293332002065E-1,-5.383167882964E0));
#3011=VERTEX_POINT('',#3010);
#3012=CARTESIAN_POINT('',(-2.715E0,-2.697285495473E-1,-1.565401071908E0));
#3013=CARTESIAN_POINT('',(-2.715E0,-3.449886031937E-1,-1.748052786147E0));
#3014=VERTEX_POINT('',#3012);
#3015=VERTEX_POINT('',#3013);
#3016=CARTESIAN_POINT('',(-2.715E0,-5.246660614232E-1,-2.016579797152E0));
#3017=VERTEX_POINT('',#3016);
#3018=CARTESIAN_POINT('',(-2.715E0,-5.246660614232E-1,-2.183413524308E0));
#3019=VERTEX_POINT('',#3018);
#3020=CARTESIAN_POINT('',(-2.715E0,-4.200014152310E-1,-2.339834284468E0));
#3021=VERTEX_POINT('',#3020);
#3022=CARTESIAN_POINT('',(-2.715E0,-2.5378E-1,-2.228611799697E0));
#3023=VERTEX_POINT('',#3022);
#3024=CARTESIAN_POINT('',(-2.715E0,-3.398392801186E-1,-2.099996660730E0));
#3025=VERTEX_POINT('',#3024);
#3026=CARTESIAN_POINT('',(-2.285E0,-1.095555333677E0,-5.271946471606E0));
#3027=CARTESIAN_POINT('',(-2.285E0,-1.125588908209E0,-5.316832117036E0));
#3028=VERTEX_POINT('',#3026);
#3029=VERTEX_POINT('',#3027);
#3030=CARTESIAN_POINT('',(-2.285E0,-1.374922108416E0,-5.45E0));
#3031=VERTEX_POINT('',#3030);
#3032=CARTESIAN_POINT('',(-2.285E0,-2.2E0,-5.45E0));
#3033=VERTEX_POINT('',#3032);
#3034=CARTESIAN_POINT('',(-2.285E0,-2.2E0,-5.65E0));
#3035=VERTEX_POINT('',#3034);
#3036=CARTESIAN_POINT('',(-2.285E0,-1.374922108416E0,-5.65E0));
#3037=VERTEX_POINT('',#3036);
#3038=CARTESIAN_POINT('',(-2.285E0,-9.593667747382E-1,-5.428053528394E0));
#3039=VERTEX_POINT('',#3038);
#3040=CARTESIAN_POINT('',(-2.285E0,-9.293332002065E-1,-5.383167882964E0));
#3041=VERTEX_POINT('',#3040);
#3042=CARTESIAN_POINT('',(-2.285E0,-2.697285495473E-1,-1.565401071908E0));
#3043=CARTESIAN_POINT('',(-2.285E0,-3.449886031937E-1,-1.748052786147E0));
#3044=VERTEX_POINT('',#3042);
#3045=VERTEX_POINT('',#3043);
#3046=CARTESIAN_POINT('',(-2.285E0,-5.246660614232E-1,-2.016579797152E0));
#3047=VERTEX_POINT('',#3046);
#3048=CARTESIAN_POINT('',(-2.285E0,-5.246660614232E-1,-2.183413524308E0));
#3049=VERTEX_POINT('',#3048);
#3050=CARTESIAN_POINT('',(-2.285E0,-4.200014152310E-1,-2.339834284468E0));
#3051=VERTEX_POINT('',#3050);
#3052=CARTESIAN_POINT('',(-2.285E0,-2.5378E-1,-2.228611799697E0));
#3053=VERTEX_POINT('',#3052);
#3054=CARTESIAN_POINT('',(-2.285E0,-3.398392801186E-1,-2.099996660730E0));
#3055=VERTEX_POINT('',#3054);
#3056=CARTESIAN_POINT('',(-2.715E0,-1.8E-1,-1.861117701987E0));
#3057=CARTESIAN_POINT('',(-2.715E0,-1.8E-1,-1.103787701987E0));
#3058=VERTEX_POINT('',#3056);
#3059=VERTEX_POINT('',#3057);
#3060=CARTESIAN_POINT('',(-2.285E0,-1.8E-1,-1.861117701987E0));
#3061=CARTESIAN_POINT('',(-2.285E0,-1.8E-1,-1.103787701987E0));
#3062=VERTEX_POINT('',#3060);
#3063=VERTEX_POINT('',#3061);
#3064=CARTESIAN_POINT('',(-2.715E0,-7.E-1,-5.250667409058E0));
#3065=CARTESIAN_POINT('',(-2.715E0,-7.E-1,-5.1E0));
#3066=VERTEX_POINT('',#3064);
#3067=VERTEX_POINT('',#3065);
#3068=CARTESIAN_POINT('',(-2.285E0,-7.E-1,-5.250667409058E0));
#3069=CARTESIAN_POINT('',(-2.285E0,-7.E-1,-5.1E0));
#3070=VERTEX_POINT('',#3068);
#3071=VERTEX_POINT('',#3069);
#3072=CARTESIAN_POINT('',(-2.715E0,-8.979449471770E-1,-5.1E0));
#3073=VERTEX_POINT('',#3072);
#3074=CARTESIAN_POINT('',(-2.285E0,-8.979449471770E-1,-5.1E0));
#3075=VERTEX_POINT('',#3074);
#3076=CARTESIAN_POINT('',(-7.15E-1,-1.095555333677E0,-5.271946471606E0));
#3077=CARTESIAN_POINT('',(-7.15E-1,-1.125588908209E0,-5.316832117036E0));
#3078=VERTEX_POINT('',#3076);
#3079=VERTEX_POINT('',#3077);
#3080=CARTESIAN_POINT('',(-7.15E-1,-1.374922108416E0,-5.45E0));
#3081=VERTEX_POINT('',#3080);
#3082=CARTESIAN_POINT('',(-7.15E-1,-2.2E0,-5.45E0));
#3083=VERTEX_POINT('',#3082);
#3084=CARTESIAN_POINT('',(-7.15E-1,-2.2E0,-5.65E0));
#3085=VERTEX_POINT('',#3084);
#3086=CARTESIAN_POINT('',(-7.15E-1,-1.374922108416E0,-5.65E0));
#3087=VERTEX_POINT('',#3086);
#3088=CARTESIAN_POINT('',(-7.15E-1,-9.593667747382E-1,-5.428053528394E0));
#3089=VERTEX_POINT('',#3088);
#3090=CARTESIAN_POINT('',(-7.15E-1,-9.293332002065E-1,-5.383167882964E0));
#3091=VERTEX_POINT('',#3090);
#3092=CARTESIAN_POINT('',(-7.15E-1,-2.697285495473E-1,-1.565401071908E0));
#3093=CARTESIAN_POINT('',(-7.15E-1,-3.449886031937E-1,-1.748052786147E0));
#3094=VERTEX_POINT('',#3092);
#3095=VERTEX_POINT('',#3093);
#3096=CARTESIAN_POINT('',(-7.15E-1,-5.246660614232E-1,-2.016579797152E0));
#3097=VERTEX_POINT('',#3096);
#3098=CARTESIAN_POINT('',(-7.15E-1,-5.246660614232E-1,-2.183413524308E0));
#3099=VERTEX_POINT('',#3098);
#3100=CARTESIAN_POINT('',(-7.15E-1,-4.200014152310E-1,-2.339834284468E0));
#3101=VERTEX_POINT('',#3100);
#3102=CARTESIAN_POINT('',(-7.15E-1,-2.5378E-1,-2.228611799697E0));
#3103=VERTEX_POINT('',#3102);
#3104=CARTESIAN_POINT('',(-7.15E-1,-3.398392801186E-1,-2.099996660730E0));
#3105=VERTEX_POINT('',#3104);
#3106=CARTESIAN_POINT('',(-2.85E-1,-1.095555333677E0,-5.271946471606E0));
#3107=CARTESIAN_POINT('',(-2.85E-1,-1.125588908209E0,-5.316832117036E0));
#3108=VERTEX_POINT('',#3106);
#3109=VERTEX_POINT('',#3107);
#3110=CARTESIAN_POINT('',(-2.85E-1,-1.374922108416E0,-5.45E0));
#3111=VERTEX_POINT('',#3110);
#3112=CARTESIAN_POINT('',(-2.85E-1,-2.2E0,-5.45E0));
#3113=VERTEX_POINT('',#3112);
#3114=CARTESIAN_POINT('',(-2.85E-1,-2.2E0,-5.65E0));
#3115=VERTEX_POINT('',#3114);
#3116=CARTESIAN_POINT('',(-2.85E-1,-1.374922108416E0,-5.65E0));
#3117=VERTEX_POINT('',#3116);
#3118=CARTESIAN_POINT('',(-2.85E-1,-9.593667747382E-1,-5.428053528394E0));
#3119=VERTEX_POINT('',#3118);
#3120=CARTESIAN_POINT('',(-2.85E-1,-9.293332002065E-1,-5.383167882964E0));
#3121=VERTEX_POINT('',#3120);
#3122=CARTESIAN_POINT('',(-2.85E-1,-2.697285495473E-1,-1.565401071908E0));
#3123=CARTESIAN_POINT('',(-2.85E-1,-3.449886031937E-1,-1.748052786147E0));
#3124=VERTEX_POINT('',#3122);
#3125=VERTEX_POINT('',#3123);
#3126=CARTESIAN_POINT('',(-2.85E-1,-5.246660614232E-1,-2.016579797152E0));
#3127=VERTEX_POINT('',#3126);
#3128=CARTESIAN_POINT('',(-2.85E-1,-5.246660614232E-1,-2.183413524308E0));
#3129=VERTEX_POINT('',#3128);
#3130=CARTESIAN_POINT('',(-2.85E-1,-4.200014152310E-1,-2.339834284468E0));
#3131=VERTEX_POINT('',#3130);
#3132=CARTESIAN_POINT('',(-2.85E-1,-2.5378E-1,-2.228611799697E0));
#3133=VERTEX_POINT('',#3132);
#3134=CARTESIAN_POINT('',(-2.85E-1,-3.398392801186E-1,-2.099996660730E0));
#3135=VERTEX_POINT('',#3134);
#3136=CARTESIAN_POINT('',(-7.15E-1,-1.8E-1,-1.861117701987E0));
#3137=CARTESIAN_POINT('',(-7.15E-1,-1.8E-1,-1.103787701987E0));
#3138=VERTEX_POINT('',#3136);
#3139=VERTEX_POINT('',#3137);
#3140=CARTESIAN_POINT('',(-2.85E-1,-1.8E-1,-1.861117701987E0));
#3141=CARTESIAN_POINT('',(-2.85E-1,-1.8E-1,-1.103787701987E0));
#3142=VERTEX_POINT('',#3140);
#3143=VERTEX_POINT('',#3141);
#3144=CARTESIAN_POINT('',(-7.15E-1,-7.E-1,-5.250667409058E0));
#3145=CARTESIAN_POINT('',(-7.15E-1,-7.E-1,-5.1E0));
#3146=VERTEX_POINT('',#3144);
#3147=VERTEX_POINT('',#3145);
#3148=CARTESIAN_POINT('',(-2.85E-1,-7.E-1,-5.250667409058E0));
#3149=CARTESIAN_POINT('',(-2.85E-1,-7.E-1,-5.1E0));
#3150=VERTEX_POINT('',#3148);
#3151=VERTEX_POINT('',#3149);
#3152=CARTESIAN_POINT('',(-7.15E-1,-8.979449471770E-1,-5.1E0));
#3153=VERTEX_POINT('',#3152);
#3154=CARTESIAN_POINT('',(-2.85E-1,-8.979449471770E-1,-5.1E0));
#3155=VERTEX_POINT('',#3154);
#3156=CARTESIAN_POINT('',(1.285E0,-1.095555333677E0,-5.271946471606E0));
#3157=CARTESIAN_POINT('',(1.285E0,-1.125588908209E0,-5.316832117036E0));
#3158=VERTEX_POINT('',#3156);
#3159=VERTEX_POINT('',#3157);
#3160=CARTESIAN_POINT('',(1.285E0,-1.374922108416E0,-5.45E0));
#3161=VERTEX_POINT('',#3160);
#3162=CARTESIAN_POINT('',(1.285E0,-2.2E0,-5.45E0));
#3163=VERTEX_POINT('',#3162);
#3164=CARTESIAN_POINT('',(1.285E0,-2.2E0,-5.65E0));
#3165=VERTEX_POINT('',#3164);
#3166=CARTESIAN_POINT('',(1.285E0,-1.374922108416E0,-5.65E0));
#3167=VERTEX_POINT('',#3166);
#3168=CARTESIAN_POINT('',(1.285E0,-9.593667747382E-1,-5.428053528394E0));
#3169=VERTEX_POINT('',#3168);
#3170=CARTESIAN_POINT('',(1.285E0,-9.293332002065E-1,-5.383167882964E0));
#3171=VERTEX_POINT('',#3170);
#3172=CARTESIAN_POINT('',(1.285E0,-2.697285495473E-1,-1.565401071908E0));
#3173=CARTESIAN_POINT('',(1.285E0,-3.449886031937E-1,-1.748052786147E0));
#3174=VERTEX_POINT('',#3172);
#3175=VERTEX_POINT('',#3173);
#3176=CARTESIAN_POINT('',(1.285E0,-5.246660614232E-1,-2.016579797152E0));
#3177=VERTEX_POINT('',#3176);
#3178=CARTESIAN_POINT('',(1.285E0,-5.246660614232E-1,-2.183413524308E0));
#3179=VERTEX_POINT('',#3178);
#3180=CARTESIAN_POINT('',(1.285E0,-4.200014152310E-1,-2.339834284468E0));
#3181=VERTEX_POINT('',#3180);
#3182=CARTESIAN_POINT('',(1.285E0,-2.5378E-1,-2.228611799697E0));
#3183=VERTEX_POINT('',#3182);
#3184=CARTESIAN_POINT('',(1.285E0,-3.398392801186E-1,-2.099996660730E0));
#3185=VERTEX_POINT('',#3184);
#3186=CARTESIAN_POINT('',(1.715E0,-1.095555333677E0,-5.271946471606E0));
#3187=CARTESIAN_POINT('',(1.715E0,-1.125588908209E0,-5.316832117036E0));
#3188=VERTEX_POINT('',#3186);
#3189=VERTEX_POINT('',#3187);
#3190=CARTESIAN_POINT('',(1.715E0,-1.374922108416E0,-5.45E0));
#3191=VERTEX_POINT('',#3190);
#3192=CARTESIAN_POINT('',(1.715E0,-2.2E0,-5.45E0));
#3193=VERTEX_POINT('',#3192);
#3194=CARTESIAN_POINT('',(1.715E0,-2.2E0,-5.65E0));
#3195=VERTEX_POINT('',#3194);
#3196=CARTESIAN_POINT('',(1.715E0,-1.374922108416E0,-5.65E0));
#3197=VERTEX_POINT('',#3196);
#3198=CARTESIAN_POINT('',(1.715E0,-9.593667747382E-1,-5.428053528394E0));
#3199=VERTEX_POINT('',#3198);
#3200=CARTESIAN_POINT('',(1.715E0,-9.293332002065E-1,-5.383167882964E0));
#3201=VERTEX_POINT('',#3200);
#3202=CARTESIAN_POINT('',(1.715E0,-2.697285495473E-1,-1.565401071908E0));
#3203=CARTESIAN_POINT('',(1.715E0,-3.449886031937E-1,-1.748052786147E0));
#3204=VERTEX_POINT('',#3202);
#3205=VERTEX_POINT('',#3203);
#3206=CARTESIAN_POINT('',(1.715E0,-5.246660614232E-1,-2.016579797152E0));
#3207=VERTEX_POINT('',#3206);
#3208=CARTESIAN_POINT('',(1.715E0,-5.246660614232E-1,-2.183413524308E0));
#3209=VERTEX_POINT('',#3208);
#3210=CARTESIAN_POINT('',(1.715E0,-4.200014152310E-1,-2.339834284468E0));
#3211=VERTEX_POINT('',#3210);
#3212=CARTESIAN_POINT('',(1.715E0,-2.5378E-1,-2.228611799697E0));
#3213=VERTEX_POINT('',#3212);
#3214=CARTESIAN_POINT('',(1.715E0,-3.398392801186E-1,-2.099996660730E0));
#3215=VERTEX_POINT('',#3214);
#3216=CARTESIAN_POINT('',(1.285E0,-1.8E-1,-1.861117701987E0));
#3217=CARTESIAN_POINT('',(1.285E0,-1.8E-1,-1.103787701987E0));
#3218=VERTEX_POINT('',#3216);
#3219=VERTEX_POINT('',#3217);
#3220=CARTESIAN_POINT('',(1.715E0,-1.8E-1,-1.861117701987E0));
#3221=CARTESIAN_POINT('',(1.715E0,-1.8E-1,-1.103787701987E0));
#3222=VERTEX_POINT('',#3220);
#3223=VERTEX_POINT('',#3221);
#3224=CARTESIAN_POINT('',(1.285E0,-7.E-1,-5.250667409058E0));
#3225=CARTESIAN_POINT('',(1.285E0,-7.E-1,-5.1E0));
#3226=VERTEX_POINT('',#3224);
#3227=VERTEX_POINT('',#3225);
#3228=CARTESIAN_POINT('',(1.715E0,-7.E-1,-5.250667409058E0));
#3229=CARTESIAN_POINT('',(1.715E0,-7.E-1,-5.1E0));
#3230=VERTEX_POINT('',#3228);
#3231=VERTEX_POINT('',#3229);
#3232=CARTESIAN_POINT('',(1.285E0,-8.979449471770E-1,-5.1E0));
#3233=VERTEX_POINT('',#3232);
#3234=CARTESIAN_POINT('',(1.715E0,-8.979449471770E-1,-5.1E0));
#3235=VERTEX_POINT('',#3234);
#3236=CARTESIAN_POINT('',(3.285E0,-1.095555333677E0,-5.271946471606E0));
#3237=CARTESIAN_POINT('',(3.285E0,-1.125588908209E0,-5.316832117036E0));
#3238=VERTEX_POINT('',#3236);
#3239=VERTEX_POINT('',#3237);
#3240=CARTESIAN_POINT('',(3.285E0,-1.374922108416E0,-5.45E0));
#3241=VERTEX_POINT('',#3240);
#3242=CARTESIAN_POINT('',(3.285E0,-2.2E0,-5.45E0));
#3243=VERTEX_POINT('',#3242);
#3244=CARTESIAN_POINT('',(3.285E0,-2.2E0,-5.65E0));
#3245=VERTEX_POINT('',#3244);
#3246=CARTESIAN_POINT('',(3.285E0,-1.374922108416E0,-5.65E0));
#3247=VERTEX_POINT('',#3246);
#3248=CARTESIAN_POINT('',(3.285E0,-9.593667747382E-1,-5.428053528394E0));
#3249=VERTEX_POINT('',#3248);
#3250=CARTESIAN_POINT('',(3.285E0,-9.293332002065E-1,-5.383167882964E0));
#3251=VERTEX_POINT('',#3250);
#3252=CARTESIAN_POINT('',(3.285E0,-2.697285495473E-1,-1.565401071908E0));
#3253=CARTESIAN_POINT('',(3.285E0,-3.449886031937E-1,-1.748052786147E0));
#3254=VERTEX_POINT('',#3252);
#3255=VERTEX_POINT('',#3253);
#3256=CARTESIAN_POINT('',(3.285E0,-5.246660614232E-1,-2.016579797152E0));
#3257=VERTEX_POINT('',#3256);
#3258=CARTESIAN_POINT('',(3.285E0,-5.246660614232E-1,-2.183413524308E0));
#3259=VERTEX_POINT('',#3258);
#3260=CARTESIAN_POINT('',(3.285E0,-4.200014152310E-1,-2.339834284468E0));
#3261=VERTEX_POINT('',#3260);
#3262=CARTESIAN_POINT('',(3.285E0,-2.5378E-1,-2.228611799697E0));
#3263=VERTEX_POINT('',#3262);
#3264=CARTESIAN_POINT('',(3.285E0,-3.398392801186E-1,-2.099996660730E0));
#3265=VERTEX_POINT('',#3264);
#3266=CARTESIAN_POINT('',(3.715E0,-1.095555333677E0,-5.271946471606E0));
#3267=CARTESIAN_POINT('',(3.715E0,-1.125588908209E0,-5.316832117036E0));
#3268=VERTEX_POINT('',#3266);
#3269=VERTEX_POINT('',#3267);
#3270=CARTESIAN_POINT('',(3.715E0,-1.374922108416E0,-5.45E0));
#3271=VERTEX_POINT('',#3270);
#3272=CARTESIAN_POINT('',(3.715E0,-2.2E0,-5.45E0));
#3273=VERTEX_POINT('',#3272);
#3274=CARTESIAN_POINT('',(3.715E0,-2.2E0,-5.65E0));
#3275=VERTEX_POINT('',#3274);
#3276=CARTESIAN_POINT('',(3.715E0,-1.374922108416E0,-5.65E0));
#3277=VERTEX_POINT('',#3276);
#3278=CARTESIAN_POINT('',(3.715E0,-9.593667747382E-1,-5.428053528394E0));
#3279=VERTEX_POINT('',#3278);
#3280=CARTESIAN_POINT('',(3.715E0,-9.293332002065E-1,-5.383167882964E0));
#3281=VERTEX_POINT('',#3280);
#3282=CARTESIAN_POINT('',(3.715E0,-2.697285495473E-1,-1.565401071908E0));
#3283=CARTESIAN_POINT('',(3.715E0,-3.449886031937E-1,-1.748052786147E0));
#3284=VERTEX_POINT('',#3282);
#3285=VERTEX_POINT('',#3283);
#3286=CARTESIAN_POINT('',(3.715E0,-5.246660614232E-1,-2.016579797152E0));
#3287=VERTEX_POINT('',#3286);
#3288=CARTESIAN_POINT('',(3.715E0,-5.246660614232E-1,-2.183413524308E0));
#3289=VERTEX_POINT('',#3288);
#3290=CARTESIAN_POINT('',(3.715E0,-4.200014152310E-1,-2.339834284468E0));
#3291=VERTEX_POINT('',#3290);
#3292=CARTESIAN_POINT('',(3.715E0,-2.5378E-1,-2.228611799697E0));
#3293=VERTEX_POINT('',#3292);
#3294=CARTESIAN_POINT('',(3.715E0,-3.398392801186E-1,-2.099996660730E0));
#3295=VERTEX_POINT('',#3294);
#3296=CARTESIAN_POINT('',(3.285E0,-1.8E-1,-1.861117701987E0));
#3297=CARTESIAN_POINT('',(3.285E0,-1.8E-1,-1.103787701987E0));
#3298=VERTEX_POINT('',#3296);
#3299=VERTEX_POINT('',#3297);
#3300=CARTESIAN_POINT('',(3.715E0,-1.8E-1,-1.861117701987E0));
#3301=CARTESIAN_POINT('',(3.715E0,-1.8E-1,-1.103787701987E0));
#3302=VERTEX_POINT('',#3300);
#3303=VERTEX_POINT('',#3301);
#3304=CARTESIAN_POINT('',(3.285E0,-7.E-1,-5.250667409058E0));
#3305=CARTESIAN_POINT('',(3.285E0,-7.E-1,-5.1E0));
#3306=VERTEX_POINT('',#3304);
#3307=VERTEX_POINT('',#3305);
#3308=CARTESIAN_POINT('',(3.715E0,-7.E-1,-5.250667409058E0));
#3309=CARTESIAN_POINT('',(3.715E0,-7.E-1,-5.1E0));
#3310=VERTEX_POINT('',#3308);
#3311=VERTEX_POINT('',#3309);
#3312=CARTESIAN_POINT('',(3.285E0,-8.979449471770E-1,-5.1E0));
#3313=VERTEX_POINT('',#3312);
#3314=CARTESIAN_POINT('',(3.715E0,-8.979449471770E-1,-5.1E0));
#3315=VERTEX_POINT('',#3314);
#3316=CARTESIAN_POINT('',(-6.E0,0.E0,0.E0));
#3317=DIRECTION('',(1.E0,0.E0,0.E0));
#3318=DIRECTION('',(0.E0,0.E0,-1.E0));
#3319=AXIS2_PLACEMENT_3D('',#3316,#3317,#3318);
#3320=PLANE('',#3319);
#3322=ORIENTED_EDGE('',*,*,#3321,.F.);
#3324=ORIENTED_EDGE('',*,*,#3323,.T.);
#3326=ORIENTED_EDGE('',*,*,#3325,.T.);
#3328=ORIENTED_EDGE('',*,*,#3327,.T.);
#3330=ORIENTED_EDGE('',*,*,#3329,.T.);
#3332=ORIENTED_EDGE('',*,*,#3331,.T.);
#3333=EDGE_LOOP('',(#3322,#3324,#3326,#3328,#3330,#3332));
#3334=FACE_OUTER_BOUND('',#3333,.F.);
#3336=CARTESIAN_POINT('',(-5.75E0,1.25E0,-2.8E0));
#3337=DIRECTION('',(-7.071067811865E-1,7.071067811865E-1,0.E0));
#3338=DIRECTION('',(7.071067811865E-1,7.071067811865E-1,0.E0));
#3339=AXIS2_PLACEMENT_3D('',#3336,#3337,#3338);
#3340=PLANE('',#3339);
#3342=ORIENTED_EDGE('',*,*,#3341,.T.);
#3344=ORIENTED_EDGE('',*,*,#3343,.F.);
#3346=ORIENTED_EDGE('',*,*,#3345,.T.);
#3347=ORIENTED_EDGE('',*,*,#3321,.T.);
#3348=EDGE_LOOP('',(#3342,#3344,#3346,#3347));
#3349=FACE_OUTER_BOUND('',#3348,.F.);
#3351=CARTESIAN_POINT('',(-6.E0,-1.5E0,-5.6E0));
#3352=DIRECTION('',(0.E0,0.E0,-1.E0));
#3353=DIRECTION('',(0.E0,1.E0,0.E0));
#3354=AXIS2_PLACEMENT_3D('',#3351,#3352,#3353);
#3355=PLANE('',#3354);
#3357=ORIENTED_EDGE('',*,*,#3356,.F.);
#3359=ORIENTED_EDGE('',*,*,#3358,.F.);
#3361=ORIENTED_EDGE('',*,*,#3360,.T.);
#3363=ORIENTED_EDGE('',*,*,#3362,.F.);
#3365=ORIENTED_EDGE('',*,*,#3364,.F.);
#3367=ORIENTED_EDGE('',*,*,#3366,.F.);
#3369=ORIENTED_EDGE('',*,*,#3368,.T.);
#3371=ORIENTED_EDGE('',*,*,#3370,.F.);
#3373=ORIENTED_EDGE('',*,*,#3372,.F.);
#3375=ORIENTED_EDGE('',*,*,#3374,.F.);
#3377=ORIENTED_EDGE('',*,*,#3376,.T.);
#3379=ORIENTED_EDGE('',*,*,#3378,.F.);
#3381=ORIENTED_EDGE('',*,*,#3380,.F.);
#3383=ORIENTED_EDGE('',*,*,#3382,.F.);
#3385=ORIENTED_EDGE('',*,*,#3384,.T.);
#3387=ORIENTED_EDGE('',*,*,#3386,.F.);
#3389=ORIENTED_EDGE('',*,*,#3388,.F.);
#3391=ORIENTED_EDGE('',*,*,#3390,.F.);
#3392=ORIENTED_EDGE('',*,*,#3341,.F.);
#3393=ORIENTED_EDGE('',*,*,#3331,.F.);
#3395=ORIENTED_EDGE('',*,*,#3394,.T.);
#3397=ORIENTED_EDGE('',*,*,#3396,.T.);
#3399=ORIENTED_EDGE('',*,*,#3398,.T.);
#3401=ORIENTED_EDGE('',*,*,#3400,.F.);
#3403=ORIENTED_EDGE('',*,*,#3402,.T.);
#3405=ORIENTED_EDGE('',*,*,#3404,.T.);
#3407=ORIENTED_EDGE('',*,*,#3406,.F.);
#3409=ORIENTED_EDGE('',*,*,#3408,.T.);
#3411=ORIENTED_EDGE('',*,*,#3410,.F.);
#3412=EDGE_LOOP('',(#3357,#3359,#3361,#3363,#3365,#3367,#3369,#3371,#3373,#3375,
#3377,#3379,#3381,#3383,#3385,#3387,#3389,#3391,#3392,#3393,#3395,#3397,#3399,
#3401,#3403,#3405,#3407,#3409,#3411));
#3413=FACE_OUTER_BOUND('',#3412,.F.);
#3415=CARTESIAN_POINT('',(4.285E0,0.E0,0.E0));
#3416=DIRECTION('',(1.E0,0.E0,0.E0));
#3417=DIRECTION('',(0.E0,0.E0,-1.E0));
#3418=AXIS2_PLACEMENT_3D('',#3415,#3416,#3417);
#3419=PLANE('',#3418);
#3420=ORIENTED_EDGE('',*,*,#3356,.T.);
#3422=ORIENTED_EDGE('',*,*,#3421,.T.);
#3424=ORIENTED_EDGE('',*,*,#3423,.T.);
#3426=ORIENTED_EDGE('',*,*,#3425,.T.);
#3428=ORIENTED_EDGE('',*,*,#3427,.T.);
#3430=ORIENTED_EDGE('',*,*,#3429,.F.);
#3431=EDGE_LOOP('',(#3420,#3422,#3424,#3426,#3428,#3430));
#3432=FACE_OUTER_BOUND('',#3431,.F.);
#3434=CARTESIAN_POINT('',(4.285E0,0.E0,0.E0));
#3435=DIRECTION('',(1.E0,0.E0,0.E0));
#3436=DIRECTION('',(0.E0,0.E0,-1.E0));
#3437=AXIS2_PLACEMENT_3D('',#3434,#3435,#3436);
#3438=PLANE('',#3437);
#3440=ORIENTED_EDGE('',*,*,#3439,.T.);
#3442=ORIENTED_EDGE('',*,*,#3441,.T.);
#3444=ORIENTED_EDGE('',*,*,#3443,.T.);
#3446=ORIENTED_EDGE('',*,*,#3445,.T.);
#3448=ORIENTED_EDGE('',*,*,#3447,.T.);
#3450=ORIENTED_EDGE('',*,*,#3449,.T.);
#3452=ORIENTED_EDGE('',*,*,#3451,.T.);
#3454=ORIENTED_EDGE('',*,*,#3453,.T.);
#3456=ORIENTED_EDGE('',*,*,#3455,.T.);
#3457=EDGE_LOOP('',(#3440,#3442,#3444,#3446,#3448,#3450,#3452,#3454,#3456));
#3458=FACE_OUTER_BOUND('',#3457,.F.);
#3460=CARTESIAN_POINT('',(4.285E0,1.3E0,-5.25E0));
#3461=DIRECTION('',(1.E0,0.E0,0.E0));
#3462=DIRECTION('',(0.E0,0.E0,-1.E0));
#3463=AXIS2_PLACEMENT_3D('',#3460,#3461,#3462);
#3464=CYLINDRICAL_SURFACE('',#3463,4.E-1);
#3465=ORIENTED_EDGE('',*,*,#3410,.T.);
#3467=ORIENTED_EDGE('',*,*,#3466,.T.);
#3469=ORIENTED_EDGE('',*,*,#3468,.F.);
#3470=ORIENTED_EDGE('',*,*,#3421,.F.);
#3471=EDGE_LOOP('',(#3465,#3467,#3469,#3470));
#3472=FACE_OUTER_BOUND('',#3471,.F.);
#3474=CARTESIAN_POINT('',(4.715E0,0.E0,0.E0));
#3475=DIRECTION('',(1.E0,0.E0,0.E0));
#3476=DIRECTION('',(0.E0,0.E0,-1.E0));
#3477=AXIS2_PLACEMENT_3D('',#3474,#3475,#3476);
#3478=PLANE('',#3477);
#3479=ORIENTED_EDGE('',*,*,#3408,.F.);
#3481=ORIENTED_EDGE('',*,*,#3480,.T.);
#3483=ORIENTED_EDGE('',*,*,#3482,.F.);
#3485=ORIENTED_EDGE('',*,*,#3484,.F.);
#3487=ORIENTED_EDGE('',*,*,#3486,.F.);
#3488=ORIENTED_EDGE('',*,*,#3466,.F.);
#3489=EDGE_LOOP('',(#3479,#3481,#3483,#3485,#3487,#3488));
#3490=FACE_OUTER_BOUND('',#3489,.F.);
#3492=CARTESIAN_POINT('',(4.715E0,0.E0,0.E0));
#3493=DIRECTION('',(1.E0,0.E0,0.E0));
#3494=DIRECTION('',(0.E0,0.E0,-1.E0));
#3495=AXIS2_PLACEMENT_3D('',#3492,#3493,#3494);
#3496=PLANE('',#3495);
#3498=ORIENTED_EDGE('',*,*,#3497,.F.);
#3500=ORIENTED_EDGE('',*,*,#3499,.F.);
#3502=ORIENTED_EDGE('',*,*,#3501,.F.);
#3504=ORIENTED_EDGE('',*,*,#3503,.F.);
#3506=ORIENTED_EDGE('',*,*,#3505,.F.);
#3508=ORIENTED_EDGE('',*,*,#3507,.F.);
#3510=ORIENTED_EDGE('',*,*,#3509,.F.);
#3512=ORIENTED_EDGE('',*,*,#3511,.F.);
#3514=ORIENTED_EDGE('',*,*,#3513,.F.);
#3515=EDGE_LOOP('',(#3498,#3500,#3502,#3504,#3506,#3508,#3510,#3512,#3514));
#3516=FACE_OUTER_BOUND('',#3515,.F.);
#3518=CARTESIAN_POINT('',(-6.E0,1.5E0,-5.6E0));
#3519=DIRECTION('',(0.E0,1.E0,0.E0));
#3520=DIRECTION('',(0.E0,0.E0,1.E0));
#3521=AXIS2_PLACEMENT_3D('',#3518,#3519,#3520);
#3522=PLANE('',#3521);
#3523=ORIENTED_EDGE('',*,*,#3429,.T.);
#3525=ORIENTED_EDGE('',*,*,#3524,.T.);
#3526=ORIENTED_EDGE('',*,*,#3480,.F.);
#3527=ORIENTED_EDGE('',*,*,#3406,.T.);
#3529=ORIENTED_EDGE('',*,*,#3528,.T.);
#3531=ORIENTED_EDGE('',*,*,#3530,.F.);
#3532=ORIENTED_EDGE('',*,*,#3343,.T.);
#3533=ORIENTED_EDGE('',*,*,#3390,.T.);
#3535=ORIENTED_EDGE('',*,*,#3534,.T.);
#3537=ORIENTED_EDGE('',*,*,#3536,.F.);
#3539=ORIENTED_EDGE('',*,*,#3538,.F.);
#3540=ORIENTED_EDGE('',*,*,#3382,.T.);
#3542=ORIENTED_EDGE('',*,*,#3541,.T.);
#3544=ORIENTED_EDGE('',*,*,#3543,.T.);
#3546=ORIENTED_EDGE('',*,*,#3545,.F.);
#3547=ORIENTED_EDGE('',*,*,#3374,.T.);
#3549=ORIENTED_EDGE('',*,*,#3548,.T.);
#3551=ORIENTED_EDGE('',*,*,#3550,.T.);
#3553=ORIENTED_EDGE('',*,*,#3552,.F.);
#3554=ORIENTED_EDGE('',*,*,#3366,.T.);
#3556=ORIENTED_EDGE('',*,*,#3555,.T.);
#3558=ORIENTED_EDGE('',*,*,#3557,.T.);
#3560=ORIENTED_EDGE('',*,*,#3559,.F.);
#3561=ORIENTED_EDGE('',*,*,#3358,.T.);
#3562=EDGE_LOOP('',(#3523,#3525,#3526,#3527,#3529,#3531,#3532,#3533,#3535,#3537,
#3539,#3540,#3542,#3544,#3546,#3547,#3549,#3551,#3553,#3554,#3556,#3558,#3560,
#3561));
#3563=FACE_OUTER_BOUND('',#3562,.F.);
#3565=CARTESIAN_POINT('',(4.285E0,2.2E0,-5.45E0));
#3566=DIRECTION('',(0.E0,0.E0,1.E0));
#3567=DIRECTION('',(0.E0,-1.E0,0.E0));
#3568=AXIS2_PLACEMENT_3D('',#3565,#3566,#3567);
#3569=PLANE('',#3568);
#3570=ORIENTED_EDGE('',*,*,#3524,.F.);
#3571=ORIENTED_EDGE('',*,*,#3427,.F.);
#3573=ORIENTED_EDGE('',*,*,#3572,.T.);
#3574=ORIENTED_EDGE('',*,*,#3482,.T.);
#3575=EDGE_LOOP('',(#3570,#3571,#3573,#3574));
#3576=FACE_OUTER_BOUND('',#3575,.F.);
#3578=CARTESIAN_POINT('',(4.285E0,2.2E0,-5.65E0));
#3579=DIRECTION('',(0.E0,1.E0,0.E0));
#3580=DIRECTION('',(0.E0,0.E0,1.E0));
#3581=AXIS2_PLACEMENT_3D('',#3578,#3579,#3580);
#3582=PLANE('',#3581);
#3583=ORIENTED_EDGE('',*,*,#3425,.F.);
#3585=ORIENTED_EDGE('',*,*,#3584,.T.);
#3586=ORIENTED_EDGE('',*,*,#3484,.T.);
#3587=ORIENTED_EDGE('',*,*,#3572,.F.);
#3588=EDGE_LOOP('',(#3583,#3585,#3586,#3587));
#3589=FACE_OUTER_BOUND('',#3588,.F.);
#3591=CARTESIAN_POINT('',(4.285E0,1.3E0,-5.65E0));
#3592=DIRECTION('',(0.E0,0.E0,-1.E0));
#3593=DIRECTION('',(0.E0,1.E0,0.E0));
#3594=AXIS2_PLACEMENT_3D('',#3591,#3592,#3593);
#3595=PLANE('',#3594);
#3596=ORIENTED_EDGE('',*,*,#3423,.F.);
#3597=ORIENTED_EDGE('',*,*,#3468,.T.);
#3598=ORIENTED_EDGE('',*,*,#3486,.T.);
#3599=ORIENTED_EDGE('',*,*,#3584,.F.);
#3600=EDGE_LOOP('',(#3596,#3597,#3598,#3599));
#3601=FACE_OUTER_BOUND('',#3600,.F.);
#3603=CARTESIAN_POINT('',(6.E0,0.E0,0.E0));
#3604=DIRECTION('',(1.E0,0.E0,0.E0));
#3605=DIRECTION('',(0.E0,0.E0,-1.E0));
#3606=AXIS2_PLACEMENT_3D('',#3603,#3604,#3605);
#3607=PLANE('',#3606);
#3609=ORIENTED_EDGE('',*,*,#3608,.F.);
#3610=ORIENTED_EDGE('',*,*,#3528,.F.);
#3611=ORIENTED_EDGE('',*,*,#3404,.F.);
#3613=ORIENTED_EDGE('',*,*,#3612,.F.);
#3615=ORIENTED_EDGE('',*,*,#3614,.F.);
#3617=ORIENTED_EDGE('',*,*,#3616,.F.);
#3618=EDGE_LOOP('',(#3609,#3610,#3611,#3613,#3615,#3617));
#3619=FACE_OUTER_BOUND('',#3618,.F.);
#3621=CARTESIAN_POINT('',(-6.E0,1.5E0,0.E0));
#3622=DIRECTION('',(0.E0,0.E0,1.E0));
#3623=DIRECTION('',(0.E0,-1.E0,0.E0));
#3624=AXIS2_PLACEMENT_3D('',#3621,#3622,#3623);
#3625=PLANE('',#3624);
#3626=ORIENTED_EDGE('',*,*,#3345,.F.);
#3627=ORIENTED_EDGE('',*,*,#3530,.T.);
#3628=ORIENTED_EDGE('',*,*,#3608,.T.);
#3630=ORIENTED_EDGE('',*,*,#3629,.F.);
#3631=ORIENTED_EDGE('',*,*,#3323,.F.);
#3632=EDGE_LOOP('',(#3626,#3627,#3628,#3630,#3631));
#3633=FACE_OUTER_BOUND('',#3632,.F.);
#3635=ORIENTED_EDGE('',*,*,#3634,.F.);
#3637=ORIENTED_EDGE('',*,*,#3636,.F.);
#3639=ORIENTED_EDGE('',*,*,#3638,.F.);
#3641=ORIENTED_EDGE('',*,*,#3640,.F.);
#3642=EDGE_LOOP('',(#3635,#3637,#3639,#3641));
#3643=FACE_BOUND('',#3642,.F.);
#3645=CARTESIAN_POINT('',(-5.6E0,-4.525E-1,-2.5E-1));
#3646=DIRECTION('',(9.284766908853E-1,0.E0,3.713906763541E-1));
#3647=DIRECTION('',(3.713906763541E-1,0.E0,-9.284766908853E-1));
#3648=AXIS2_PLACEMENT_3D('',#3645,#3646,#3647);
#3649=PLANE('',#3648);
#3651=ORIENTED_EDGE('',*,*,#3650,.F.);
#3653=ORIENTED_EDGE('',*,*,#3652,.T.);
#3654=ORIENTED_EDGE('',*,*,#3634,.T.);
#3656=ORIENTED_EDGE('',*,*,#3655,.T.);
#3657=EDGE_LOOP('',(#3651,#3653,#3654,#3656));
#3658=FACE_OUTER_BOUND('',#3657,.F.);
#3660=CARTESIAN_POINT('',(-5.5E0,0.E0,0.E0));
#3661=DIRECTION('',(-1.E0,0.E0,0.E0));
#3662=DIRECTION('',(0.E0,0.E0,1.E0));
#3663=AXIS2_PLACEMENT_3D('',#3660,#3661,#3662);
#3664=PLANE('',#3663);
#3665=ORIENTED_EDGE('',*,*,#3650,.T.);
#3667=ORIENTED_EDGE('',*,*,#3666,.F.);
#3669=ORIENTED_EDGE('',*,*,#3668,.F.);
#3671=ORIENTED_EDGE('',*,*,#3670,.F.);
#3673=ORIENTED_EDGE('',*,*,#3672,.F.);
#3674=EDGE_LOOP('',(#3665,#3667,#3669,#3671,#3673));
#3675=FACE_OUTER_BOUND('',#3674,.F.);
#3677=CARTESIAN_POINT('',(-5.5E0,-1.8E-1,-4.1E0));
#3678=DIRECTION('',(0.E0,1.E0,0.E0));
#3679=DIRECTION('',(0.E0,0.E0,1.E0));
#3680=AXIS2_PLACEMENT_3D('',#3677,#3678,#3679);
#3681=PLANE('',#3680);
#3682=ORIENTED_EDGE('',*,*,#3666,.T.);
#3684=ORIENTED_EDGE('',*,*,#3683,.F.);
#3686=ORIENTED_EDGE('',*,*,#3685,.T.);
#3688=ORIENTED_EDGE('',*,*,#3687,.T.);
#3689=EDGE_LOOP('',(#3682,#3684,#3686,#3688));
#3690=FACE_OUTER_BOUND('',#3689,.F.);
#3692=ORIENTED_EDGE('',*,*,#3691,.F.);
#3694=ORIENTED_EDGE('',*,*,#3693,.T.);
#3696=ORIENTED_EDGE('',*,*,#3695,.T.);
#3698=ORIENTED_EDGE('',*,*,#3697,.F.);
#3699=EDGE_LOOP('',(#3692,#3694,#3696,#3698));
#3700=FACE_BOUND('',#3699,.F.);
#3702=ORIENTED_EDGE('',*,*,#3701,.F.);
#3704=ORIENTED_EDGE('',*,*,#3703,.T.);
#3706=ORIENTED_EDGE('',*,*,#3705,.T.);
#3708=ORIENTED_EDGE('',*,*,#3707,.F.);
#3709=EDGE_LOOP('',(#3702,#3704,#3706,#3708));
#3710=FACE_BOUND('',#3709,.F.);
#3712=ORIENTED_EDGE('',*,*,#3711,.F.);
#3714=ORIENTED_EDGE('',*,*,#3713,.T.);
#3716=ORIENTED_EDGE('',*,*,#3715,.T.);
#3718=ORIENTED_EDGE('',*,*,#3717,.F.);
#3719=EDGE_LOOP('',(#3712,#3714,#3716,#3718));
#3720=FACE_BOUND('',#3719,.F.);
#3722=ORIENTED_EDGE('',*,*,#3721,.F.);
#3724=ORIENTED_EDGE('',*,*,#3723,.T.);
#3726=ORIENTED_EDGE('',*,*,#3725,.T.);
#3728=ORIENTED_EDGE('',*,*,#3727,.F.);
#3729=EDGE_LOOP('',(#3722,#3724,#3726,#3728));
#3730=FACE_BOUND('',#3729,.F.);
#3732=ORIENTED_EDGE('',*,*,#3731,.F.);
#3734=ORIENTED_EDGE('',*,*,#3733,.T.);
#3736=ORIENTED_EDGE('',*,*,#3735,.T.);
#3738=ORIENTED_EDGE('',*,*,#3737,.F.);
#3739=EDGE_LOOP('',(#3732,#3734,#3736,#3738));
#3740=FACE_BOUND('',#3739,.F.);
#3742=ORIENTED_EDGE('',*,*,#3741,.F.);
#3744=ORIENTED_EDGE('',*,*,#3743,.T.);
#3746=ORIENTED_EDGE('',*,*,#3745,.T.);
#3748=ORIENTED_EDGE('',*,*,#3747,.F.);
#3749=EDGE_LOOP('',(#3742,#3744,#3746,#3748));
#3750=FACE_BOUND('',#3749,.F.);
#3752=ORIENTED_EDGE('',*,*,#3751,.F.);
#3754=ORIENTED_EDGE('',*,*,#3753,.T.);
#3756=ORIENTED_EDGE('',*,*,#3755,.T.);
#3758=ORIENTED_EDGE('',*,*,#3757,.F.);
#3759=EDGE_LOOP('',(#3752,#3754,#3756,#3758));
#3760=FACE_BOUND('',#3759,.F.);
#3762=ORIENTED_EDGE('',*,*,#3761,.F.);
#3764=ORIENTED_EDGE('',*,*,#3763,.T.);
#3766=ORIENTED_EDGE('',*,*,#3765,.T.);
#3768=ORIENTED_EDGE('',*,*,#3767,.F.);
#3769=EDGE_LOOP('',(#3762,#3764,#3766,#3768));
#3770=FACE_BOUND('',#3769,.F.);
#3772=ORIENTED_EDGE('',*,*,#3771,.F.);
#3774=ORIENTED_EDGE('',*,*,#3773,.T.);
#3776=ORIENTED_EDGE('',*,*,#3775,.T.);
#3778=ORIENTED_EDGE('',*,*,#3777,.F.);
#3779=EDGE_LOOP('',(#3772,#3774,#3776,#3778));
#3780=FACE_BOUND('',#3779,.F.);
#3781=ORIENTED_EDGE('',*,*,#3439,.F.);
#3783=ORIENTED_EDGE('',*,*,#3782,.T.);
#3784=ORIENTED_EDGE('',*,*,#3497,.T.);
#3786=ORIENTED_EDGE('',*,*,#3785,.F.);
#3787=EDGE_LOOP('',(#3781,#3783,#3784,#3786));
#3788=FACE_BOUND('',#3787,.F.);
#3790=CARTESIAN_POINT('',(-5.5E0,-1.8E-1,-5.E-1));
#3791=DIRECTION('',(0.E0,8.574929257125E-1,-5.144957554275E-1));
#3792=DIRECTION('',(0.E0,5.144957554275E-1,8.574929257125E-1));
#3793=AXIS2_PLACEMENT_3D('',#3790,#3791,#3792);
#3794=PLANE('',#3793);
#3795=ORIENTED_EDGE('',*,*,#3640,.T.);
#3797=ORIENTED_EDGE('',*,*,#3796,.F.);
#3798=ORIENTED_EDGE('',*,*,#3683,.T.);
#3799=ORIENTED_EDGE('',*,*,#3655,.F.);
#3800=EDGE_LOOP('',(#3795,#3797,#3798,#3799));
#3801=FACE_OUTER_BOUND('',#3800,.F.);
#3803=CARTESIAN_POINT('',(5.6E0,-4.525E-1,-2.5E-1));
#3804=DIRECTION('',(-9.284766908853E-1,0.E0,3.713906763541E-1));
#3805=DIRECTION('',(-3.713906763541E-1,0.E0,-9.284766908853E-1));
#3806=AXIS2_PLACEMENT_3D('',#3803,#3804,#3805);
#3807=PLANE('',#3806);
#3809=ORIENTED_EDGE('',*,*,#3808,.F.);
#3810=ORIENTED_EDGE('',*,*,#3796,.T.);
#3811=ORIENTED_EDGE('',*,*,#3638,.T.);
#3813=ORIENTED_EDGE('',*,*,#3812,.T.);
#3814=EDGE_LOOP('',(#3809,#3810,#3811,#3813));
#3815=FACE_OUTER_BOUND('',#3814,.F.);
#3817=CARTESIAN_POINT('',(5.5E0,0.E0,0.E0));
#3818=DIRECTION('',(1.E0,0.E0,0.E0));
#3819=DIRECTION('',(0.E0,0.E0,-1.E0));
#3820=AXIS2_PLACEMENT_3D('',#3817,#3818,#3819);
#3821=PLANE('',#3820);
#3822=ORIENTED_EDGE('',*,*,#3808,.T.);
#3824=ORIENTED_EDGE('',*,*,#3823,.T.);
#3826=ORIENTED_EDGE('',*,*,#3825,.F.);
#3828=ORIENTED_EDGE('',*,*,#3827,.F.);
#3829=ORIENTED_EDGE('',*,*,#3685,.F.);
#3830=EDGE_LOOP('',(#3822,#3824,#3826,#3828,#3829));
#3831=FACE_OUTER_BOUND('',#3830,.F.);
#3833=CARTESIAN_POINT('',(-5.5E0,-8.5E-1,0.E0));
#3834=DIRECTION('',(0.E0,-9.701425001453E-1,-2.425356250363E-1));
#3835=DIRECTION('',(0.E0,2.425356250363E-1,-9.701425001453E-1));
#3836=AXIS2_PLACEMENT_3D('',#3833,#3834,#3835);
#3837=PLANE('',#3836);
#3838=ORIENTED_EDGE('',*,*,#3823,.F.);
#3839=ORIENTED_EDGE('',*,*,#3812,.F.);
#3840=ORIENTED_EDGE('',*,*,#3636,.T.);
#3841=ORIENTED_EDGE('',*,*,#3652,.F.);
#3842=ORIENTED_EDGE('',*,*,#3672,.T.);
#3844=ORIENTED_EDGE('',*,*,#3843,.F.);
#3845=EDGE_LOOP('',(#3838,#3839,#3840,#3841,#3842,#3844));
#3846=FACE_OUTER_BOUND('',#3845,.F.);
#3848=CARTESIAN_POINT('',(-5.5E0,-6.E-1,-1.E0));
#3849=DIRECTION('',(0.E0,-1.E0,0.E0));
#3850=DIRECTION('',(0.E0,0.E0,-1.E0));
#3851=AXIS2_PLACEMENT_3D('',#3848,#3849,#3850);
#3852=PLANE('',#3851);
#3853=ORIENTED_EDGE('',*,*,#3670,.T.);
#3855=ORIENTED_EDGE('',*,*,#3854,.F.);
#3856=ORIENTED_EDGE('',*,*,#3825,.T.);
#3857=ORIENTED_EDGE('',*,*,#3843,.T.);
#3858=EDGE_LOOP('',(#3853,#3855,#3856,#3857));
#3859=FACE_OUTER_BOUND('',#3858,.F.);
#3861=CARTESIAN_POINT('',(-5.5E0,-6.E-1,-4.1E0));
#3862=DIRECTION('',(0.E0,0.E0,-1.E0));
#3863=DIRECTION('',(0.E0,1.E0,0.E0));
#3864=AXIS2_PLACEMENT_3D('',#3861,#3862,#3863);
#3865=PLANE('',#3864);
#3866=ORIENTED_EDGE('',*,*,#3668,.T.);
#3867=ORIENTED_EDGE('',*,*,#3687,.F.);
#3868=ORIENTED_EDGE('',*,*,#3827,.T.);
#3869=ORIENTED_EDGE('',*,*,#3854,.T.);
#3870=EDGE_LOOP('',(#3866,#3867,#3868,#3869));
#3871=FACE_OUTER_BOUND('',#3870,.F.);
#3873=CARTESIAN_POINT('',(-4.715E0,0.E0,0.E0));
#3874=DIRECTION('',(1.E0,0.E0,0.E0));
#3875=DIRECTION('',(0.E0,-1.E0,0.E0));
#3876=AXIS2_PLACEMENT_3D('',#3873,#3874,#3875);
#3877=PLANE('',#3876);
#3879=ORIENTED_EDGE('',*,*,#3878,.T.);
#3881=ORIENTED_EDGE('',*,*,#3880,.T.);
#3883=ORIENTED_EDGE('',*,*,#3882,.T.);
#3885=ORIENTED_EDGE('',*,*,#3884,.T.);
#3887=ORIENTED_EDGE('',*,*,#3886,.T.);
#3889=ORIENTED_EDGE('',*,*,#3888,.T.);
#3891=ORIENTED_EDGE('',*,*,#3890,.T.);
#3893=ORIENTED_EDGE('',*,*,#3892,.T.);
#3895=ORIENTED_EDGE('',*,*,#3894,.T.);
#3897=ORIENTED_EDGE('',*,*,#3896,.T.);
#3899=ORIENTED_EDGE('',*,*,#3898,.T.);
#3900=EDGE_LOOP('',(#3879,#3881,#3883,#3885,#3887,#3889,#3891,#3893,#3895,#3897,
#3899));
#3901=FACE_OUTER_BOUND('',#3900,.F.);
#3903=CARTESIAN_POINT('',(-4.715E0,0.E0,0.E0));
#3904=DIRECTION('',(1.E0,0.E0,0.E0));
#3905=DIRECTION('',(0.E0,-1.E0,0.E0));
#3906=AXIS2_PLACEMENT_3D('',#3903,#3904,#3905);
#3907=PLANE('',#3906);
#3908=ORIENTED_EDGE('',*,*,#3691,.T.);
#3910=ORIENTED_EDGE('',*,*,#3909,.T.);
#3912=ORIENTED_EDGE('',*,*,#3911,.T.);
#3914=ORIENTED_EDGE('',*,*,#3913,.T.);
#3916=ORIENTED_EDGE('',*,*,#3915,.T.);
#3918=ORIENTED_EDGE('',*,*,#3917,.T.);
#3920=ORIENTED_EDGE('',*,*,#3919,.T.);
#3922=ORIENTED_EDGE('',*,*,#3921,.T.);
#3924=ORIENTED_EDGE('',*,*,#3923,.T.);
#3925=EDGE_LOOP('',(#3908,#3910,#3912,#3914,#3916,#3918,#3920,#3922,#3924));
#3926=FACE_OUTER_BOUND('',#3925,.F.);
#3928=CARTESIAN_POINT('',(-6.E0,-7.E-1,0.E0));
#3929=DIRECTION('',(0.E0,-1.E0,0.E0));
#3930=DIRECTION('',(1.E0,0.E0,0.E0));
#3931=AXIS2_PLACEMENT_3D('',#3928,#3929,#3930);
#3932=PLANE('',#3931);
#3934=ORIENTED_EDGE('',*,*,#3933,.F.);
#3936=ORIENTED_EDGE('',*,*,#3935,.T.);
#3938=ORIENTED_EDGE('',*,*,#3937,.T.);
#3940=ORIENTED_EDGE('',*,*,#3939,.F.);
#3942=ORIENTED_EDGE('',*,*,#3941,.F.);
#3943=ORIENTED_EDGE('',*,*,#3398,.F.);
#3945=ORIENTED_EDGE('',*,*,#3944,.F.);
#3947=ORIENTED_EDGE('',*,*,#3946,.F.);
#3948=ORIENTED_EDGE('',*,*,#3878,.F.);
#3950=ORIENTED_EDGE('',*,*,#3949,.T.);
#3952=ORIENTED_EDGE('',*,*,#3951,.T.);
#3954=ORIENTED_EDGE('',*,*,#3953,.F.);
#3956=ORIENTED_EDGE('',*,*,#3955,.F.);
#3958=ORIENTED_EDGE('',*,*,#3957,.T.);
#3960=ORIENTED_EDGE('',*,*,#3959,.T.);
#3962=ORIENTED_EDGE('',*,*,#3961,.F.);
#3964=ORIENTED_EDGE('',*,*,#3963,.F.);
#3966=ORIENTED_EDGE('',*,*,#3965,.T.);
#3968=ORIENTED_EDGE('',*,*,#3967,.T.);
#3970=ORIENTED_EDGE('',*,*,#3969,.F.);
#3972=ORIENTED_EDGE('',*,*,#3971,.F.);
#3974=ORIENTED_EDGE('',*,*,#3973,.T.);
#3976=ORIENTED_EDGE('',*,*,#3975,.T.);
#3978=ORIENTED_EDGE('',*,*,#3977,.F.);
#3979=EDGE_LOOP('',(#3934,#3936,#3938,#3940,#3942,#3943,#3945,#3947,#3948,#3950,
#3952,#3954,#3956,#3958,#3960,#3962,#3964,#3966,#3968,#3970,#3972,#3974,#3976,
#3978));
#3980=FACE_OUTER_BOUND('',#3979,.F.);
#3982=CARTESIAN_POINT('',(3.285E0,0.E0,0.E0));
#3983=DIRECTION('',(1.E0,0.E0,0.E0));
#3984=DIRECTION('',(0.E0,-1.E0,0.E0));
#3985=AXIS2_PLACEMENT_3D('',#3982,#3983,#3984);
#3986=PLANE('',#3985);
#3987=ORIENTED_EDGE('',*,*,#3731,.T.);
#3989=ORIENTED_EDGE('',*,*,#3988,.T.);
#3991=ORIENTED_EDGE('',*,*,#3990,.T.);
#3993=ORIENTED_EDGE('',*,*,#3992,.T.);
#3995=ORIENTED_EDGE('',*,*,#3994,.T.);
#3997=ORIENTED_EDGE('',*,*,#3996,.T.);
#3999=ORIENTED_EDGE('',*,*,#3998,.T.);
#4001=ORIENTED_EDGE('',*,*,#4000,.T.);
#4003=ORIENTED_EDGE('',*,*,#4002,.T.);
#4004=EDGE_LOOP('',(#3987,#3989,#3991,#3993,#3995,#3997,#3999,#4001,#4003));
#4005=FACE_OUTER_BOUND('',#4004,.F.);
#4007=CARTESIAN_POINT('',(3.285E0,0.E0,0.E0));
#4008=DIRECTION('',(1.E0,0.E0,0.E0));
#4009=DIRECTION('',(0.E0,-1.E0,0.E0));
#4010=AXIS2_PLACEMENT_3D('',#4007,#4008,#4009);
#4011=PLANE('',#4010);
#4012=ORIENTED_EDGE('',*,*,#3933,.T.);
#4014=ORIENTED_EDGE('',*,*,#4013,.T.);
#4016=ORIENTED_EDGE('',*,*,#4015,.T.);
#4018=ORIENTED_EDGE('',*,*,#4017,.T.);
#4020=ORIENTED_EDGE('',*,*,#4019,.T.);
#4022=ORIENTED_EDGE('',*,*,#4021,.T.);
#4024=ORIENTED_EDGE('',*,*,#4023,.T.);
#4026=ORIENTED_EDGE('',*,*,#4025,.T.);
#4028=ORIENTED_EDGE('',*,*,#4027,.T.);
#4030=ORIENTED_EDGE('',*,*,#4029,.T.);
#4032=ORIENTED_EDGE('',*,*,#4031,.T.);
#4033=EDGE_LOOP('',(#4012,#4014,#4016,#4018,#4020,#4022,#4024,#4026,#4028,#4030,
#4032));
#4034=FACE_OUTER_BOUND('',#4033,.F.);
#4036=CARTESIAN_POINT('',(3.285E0,-1.8E-1,-1.103787701987E0));
#4037=DIRECTION('',(0.E0,-9.816271834477E-1,1.908089953765E-1));
#4038=DIRECTION('',(0.E0,-1.908089953765E-1,-9.816271834477E-1));
#4039=AXIS2_PLACEMENT_3D('',#4036,#4037,#4038);
#4040=PLANE('',#4039);
#4041=ORIENTED_EDGE('',*,*,#3737,.T.);
#4043=ORIENTED_EDGE('',*,*,#4042,.T.);
#4045=ORIENTED_EDGE('',*,*,#4044,.F.);
#4046=ORIENTED_EDGE('',*,*,#3988,.F.);
#4047=EDGE_LOOP('',(#4041,#4043,#4045,#4046));
#4048=FACE_OUTER_BOUND('',#4047,.F.);
#4050=CARTESIAN_POINT('',(3.715E0,0.E0,0.E0));
#4051=DIRECTION('',(1.E0,0.E0,0.E0));
#4052=DIRECTION('',(0.E0,-1.E0,0.E0));
#4053=AXIS2_PLACEMENT_3D('',#4050,#4051,#4052);
#4054=PLANE('',#4053);
#4055=ORIENTED_EDGE('',*,*,#3735,.F.);
#4057=ORIENTED_EDGE('',*,*,#4056,.F.);
#4059=ORIENTED_EDGE('',*,*,#4058,.F.);
#4061=ORIENTED_EDGE('',*,*,#4060,.F.);
#4063=ORIENTED_EDGE('',*,*,#4062,.F.);
#4065=ORIENTED_EDGE('',*,*,#4064,.F.);
#4067=ORIENTED_EDGE('',*,*,#4066,.F.);
#4069=ORIENTED_EDGE('',*,*,#4068,.F.);
#4070=ORIENTED_EDGE('',*,*,#4042,.F.);
#4071=EDGE_LOOP('',(#4055,#4057,#4059,#4061,#4063,#4065,#4067,#4069,#4070));
#4072=FACE_OUTER_BOUND('',#4071,.F.);
#4074=CARTESIAN_POINT('',(3.715E0,0.E0,0.E0));
#4075=DIRECTION('',(1.E0,0.E0,0.E0));
#4076=DIRECTION('',(0.E0,-1.E0,0.E0));
#4077=AXIS2_PLACEMENT_3D('',#4074,#4075,#4076);
#4078=PLANE('',#4077);
#4079=ORIENTED_EDGE('',*,*,#3937,.F.);
#4081=ORIENTED_EDGE('',*,*,#4080,.F.);
#4083=ORIENTED_EDGE('',*,*,#4082,.F.);
#4085=ORIENTED_EDGE('',*,*,#4084,.F.);
#4087=ORIENTED_EDGE('',*,*,#4086,.F.);
#4089=ORIENTED_EDGE('',*,*,#4088,.F.);
#4091=ORIENTED_EDGE('',*,*,#4090,.F.);
#4093=ORIENTED_EDGE('',*,*,#4092,.F.);
#4095=ORIENTED_EDGE('',*,*,#4094,.F.);
#4097=ORIENTED_EDGE('',*,*,#4096,.F.);
#4099=ORIENTED_EDGE('',*,*,#4098,.F.);
#4100=EDGE_LOOP('',(#4079,#4081,#4083,#4085,#4087,#4089,#4091,#4093,#4095,#4097,
#4099));
#4101=FACE_OUTER_BOUND('',#4100,.F.);
#4103=CARTESIAN_POINT('',(3.285E0,-3.398392801186E-1,-2.099996660730E0));
#4104=DIRECTION('',(0.E0,8.311070761549E-1,-5.561124238544E-1));
#4105=DIRECTION('',(0.E0,5.561124238544E-1,8.311070761549E-1));
#4106=AXIS2_PLACEMENT_3D('',#4103,#4104,#4105);
#4107=PLANE('',#4106);
#4108=ORIENTED_EDGE('',*,*,#3733,.F.);
#4109=ORIENTED_EDGE('',*,*,#4002,.F.);
#4111=ORIENTED_EDGE('',*,*,#4110,.T.);
#4112=ORIENTED_EDGE('',*,*,#4056,.T.);
#4113=EDGE_LOOP('',(#4108,#4109,#4111,#4112));
#4114=FACE_OUTER_BOUND('',#4113,.F.);
#4116=CARTESIAN_POINT('',(3.285E0,-2.5378E-1,-2.228611799697E0));
#4117=DIRECTION('',(0.E0,8.311070761549E-1,5.561124238544E-1));
#4118=DIRECTION('',(0.E0,-5.561124238544E-1,8.311070761549E-1));
#4119=AXIS2_PLACEMENT_3D('',#4116,#4117,#4118);
#4120=PLANE('',#4119);
#4121=ORIENTED_EDGE('',*,*,#4000,.F.);
#4123=ORIENTED_EDGE('',*,*,#4122,.T.);
#4124=ORIENTED_EDGE('',*,*,#4058,.T.);
#4125=ORIENTED_EDGE('',*,*,#4110,.F.);
#4126=EDGE_LOOP('',(#4121,#4123,#4124,#4125));
#4127=FACE_OUTER_BOUND('',#4126,.F.);
#4129=CARTESIAN_POINT('',(3.285E0,-4.200014152310E-1,-2.339834284468E0));
#4130=DIRECTION('',(0.E0,5.561124238544E-1,-8.311070761549E-1));
#4131=DIRECTION('',(0.E0,8.311070761549E-1,5.561124238544E-1));
#4132=AXIS2_PLACEMENT_3D('',#4129,#4130,#4131);
#4133=PLANE('',#4132);
#4134=ORIENTED_EDGE('',*,*,#3998,.F.);
#4136=ORIENTED_EDGE('',*,*,#4135,.T.);
#4137=ORIENTED_EDGE('',*,*,#4060,.T.);
#4138=ORIENTED_EDGE('',*,*,#4122,.F.);
#4139=EDGE_LOOP('',(#4134,#4136,#4137,#4138));
#4140=FACE_OUTER_BOUND('',#4139,.F.);
#4142=CARTESIAN_POINT('',(3.285E0,-5.246660614232E-1,-2.183413524308E0));
#4143=DIRECTION('',(0.E0,-8.311070761549E-1,-5.561124238544E-1));
#4144=DIRECTION('',(0.E0,5.561124238544E-1,-8.311070761549E-1));
#4145=AXIS2_PLACEMENT_3D('',#4142,#4143,#4144);
#4146=PLANE('',#4145);
#4147=ORIENTED_EDGE('',*,*,#3996,.F.);
#4149=ORIENTED_EDGE('',*,*,#4148,.T.);
#4150=ORIENTED_EDGE('',*,*,#4062,.T.);
#4151=ORIENTED_EDGE('',*,*,#4135,.F.);
#4152=EDGE_LOOP('',(#4147,#4149,#4150,#4151));
#4153=FACE_OUTER_BOUND('',#4152,.F.);
#4155=CARTESIAN_POINT('',(3.285E0,-4.E-1,-2.099996660730E0));
#4156=DIRECTION('',(1.E0,0.E0,0.E0));
#4157=DIRECTION('',(0.E0,-1.E0,0.E0));
#4158=AXIS2_PLACEMENT_3D('',#4155,#4156,#4157);
#4159=CYLINDRICAL_SURFACE('',#4158,1.5E-1);
#4160=ORIENTED_EDGE('',*,*,#3994,.F.);
#4162=ORIENTED_EDGE('',*,*,#4161,.T.);
#4163=ORIENTED_EDGE('',*,*,#4064,.T.);
#4164=ORIENTED_EDGE('',*,*,#4148,.F.);
#4165=EDGE_LOOP('',(#4160,#4162,#4163,#4164));
#4166=FACE_OUTER_BOUND('',#4165,.F.);
#4168=CARTESIAN_POINT('',(3.285E0,-3.449886031937E-1,-1.748052786147E0));
#4169=DIRECTION('',(0.E0,-8.311070761549E-1,5.561124238544E-1));
#4170=DIRECTION('',(0.E0,-5.561124238544E-1,-8.311070761549E-1));
#4171=AXIS2_PLACEMENT_3D('',#4168,#4169,#4170);
#4172=PLANE('',#4171);
#4173=ORIENTED_EDGE('',*,*,#3992,.F.);
#4175=ORIENTED_EDGE('',*,*,#4174,.T.);
#4176=ORIENTED_EDGE('',*,*,#4066,.T.);
#4177=ORIENTED_EDGE('',*,*,#4161,.F.);
#4178=EDGE_LOOP('',(#4173,#4175,#4176,#4177));
#4179=FACE_OUTER_BOUND('',#4178,.F.);
#4181=CARTESIAN_POINT('',(3.285E0,-7.605421412711E-1,-1.469996574220E0));
#4182=DIRECTION('',(1.E0,0.E0,0.E0));
#4183=DIRECTION('',(0.E0,-1.E0,0.E0));
#4184=AXIS2_PLACEMENT_3D('',#4181,#4182,#4183);
#4185=CYLINDRICAL_SURFACE('',#4184,5.E-1);
#4186=ORIENTED_EDGE('',*,*,#3990,.F.);
#4187=ORIENTED_EDGE('',*,*,#4044,.T.);
#4188=ORIENTED_EDGE('',*,*,#4068,.T.);
#4189=ORIENTED_EDGE('',*,*,#4174,.F.);
#4190=EDGE_LOOP('',(#4186,#4187,#4188,#4189));
#4191=FACE_OUTER_BOUND('',#4190,.F.);
#4193=CARTESIAN_POINT('',(3.285E0,-6.8E-1,-5.55E0));
#4194=DIRECTION('',(1.E0,0.E0,0.E0));
#4195=DIRECTION('',(0.E0,-1.E0,0.E0));
#4196=AXIS2_PLACEMENT_3D('',#4193,#4194,#4195);
#4197=CYLINDRICAL_SURFACE('',#4196,3.E-1);
#4198=ORIENTED_EDGE('',*,*,#3935,.F.);
#4199=ORIENTED_EDGE('',*,*,#4031,.F.);
#4201=ORIENTED_EDGE('',*,*,#4200,.T.);
#4202=ORIENTED_EDGE('',*,*,#4080,.T.);
#4203=EDGE_LOOP('',(#4198,#4199,#4201,#4202));
#4204=FACE_OUTER_BOUND('',#4203,.F.);
#4206=CARTESIAN_POINT('',(3.285E0,-9.593667747382E-1,-5.428053528394E0));
#4207=DIRECTION('',(0.E0,8.311106673549E-1,-5.561070567875E-1));
#4208=DIRECTION('',(0.E0,5.561070567875E-1,8.311106673549E-1));
#4209=AXIS2_PLACEMENT_3D('',#4206,#4207,#4208);
#4210=PLANE('',#4209);
#4211=ORIENTED_EDGE('',*,*,#4029,.F.);
#4213=ORIENTED_EDGE('',*,*,#4212,.T.);
#4214=ORIENTED_EDGE('',*,*,#4082,.T.);
#4215=ORIENTED_EDGE('',*,*,#4200,.F.);
#4216=EDGE_LOOP('',(#4211,#4213,#4214,#4215));
#4217=FACE_OUTER_BOUND('',#4216,.F.);
#4219=CARTESIAN_POINT('',(3.285E0,-1.374922108416E0,-5.15E0));
#4220=DIRECTION('',(1.E0,0.E0,0.E0));
#4221=DIRECTION('',(0.E0,-1.E0,0.E0));
#4222=AXIS2_PLACEMENT_3D('',#4219,#4220,#4221);
#4223=CYLINDRICAL_SURFACE('',#4222,5.E-1);
#4224=ORIENTED_EDGE('',*,*,#4027,.F.);
#4226=ORIENTED_EDGE('',*,*,#4225,.T.);
#4227=ORIENTED_EDGE('',*,*,#4084,.T.);
#4228=ORIENTED_EDGE('',*,*,#4212,.F.);
#4229=EDGE_LOOP('',(#4224,#4226,#4227,#4228));
#4230=FACE_OUTER_BOUND('',#4229,.F.);
#4232=CARTESIAN_POINT('',(3.285E0,-2.2E0,-5.65E0));
#4233=DIRECTION('',(0.E0,0.E0,-1.E0));
#4234=DIRECTION('',(0.E0,1.E0,0.E0));
#4235=AXIS2_PLACEMENT_3D('',#4232,#4233,#4234);
#4236=PLANE('',#4235);
#4237=ORIENTED_EDGE('',*,*,#4025,.F.);
#4239=ORIENTED_EDGE('',*,*,#4238,.T.);
#4240=ORIENTED_EDGE('',*,*,#4086,.T.);
#4241=ORIENTED_EDGE('',*,*,#4225,.F.);
#4242=EDGE_LOOP('',(#4237,#4239,#4240,#4241));
#4243=FACE_OUTER_BOUND('',#4242,.F.);
#4245=CARTESIAN_POINT('',(3.285E0,-2.2E0,-5.45E0));
#4246=DIRECTION('',(0.E0,-1.E0,0.E0));
#4247=DIRECTION('',(0.E0,0.E0,-1.E0));
#4248=AXIS2_PLACEMENT_3D('',#4245,#4246,#4247);
#4249=PLANE('',#4248);
#4250=ORIENTED_EDGE('',*,*,#4023,.F.);
#4252=ORIENTED_EDGE('',*,*,#4251,.T.);
#4253=ORIENTED_EDGE('',*,*,#4088,.T.);
#4254=ORIENTED_EDGE('',*,*,#4238,.F.);
#4255=EDGE_LOOP('',(#4250,#4252,#4253,#4254));
#4256=FACE_OUTER_BOUND('',#4255,.F.);
#4258=CARTESIAN_POINT('',(3.285E0,-1.374922108416E0,-5.45E0));
#4259=DIRECTION('',(0.E0,0.E0,1.E0));
#4260=DIRECTION('',(0.E0,-1.E0,0.E0));
#4261=AXIS2_PLACEMENT_3D('',#4258,#4259,#4260);
#4262=PLANE('',#4261);
#4263=ORIENTED_EDGE('',*,*,#4021,.F.);
#4265=ORIENTED_EDGE('',*,*,#4264,.T.);
#4266=ORIENTED_EDGE('',*,*,#4090,.T.);
#4267=ORIENTED_EDGE('',*,*,#4251,.F.);
#4268=EDGE_LOOP('',(#4263,#4265,#4266,#4267));
#4269=FACE_OUTER_BOUND('',#4268,.F.);
#4271=CARTESIAN_POINT('',(3.285E0,-1.374922108416E0,-5.15E0));
#4272=DIRECTION('',(1.E0,0.E0,0.E0));
#4273=DIRECTION('',(0.E0,-1.E0,0.E0));
#4274=AXIS2_PLACEMENT_3D('',#4271,#4272,#4273);
#4275=CYLINDRICAL_SURFACE('',#4274,3.E-1);
#4276=ORIENTED_EDGE('',*,*,#4019,.F.);
#4278=ORIENTED_EDGE('',*,*,#4277,.T.);
#4279=ORIENTED_EDGE('',*,*,#4092,.T.);
#4280=ORIENTED_EDGE('',*,*,#4264,.F.);
#4281=EDGE_LOOP('',(#4276,#4278,#4279,#4280));
#4282=FACE_OUTER_BOUND('',#4281,.F.);
#4284=CARTESIAN_POINT('',(3.285E0,-1.095555333677E0,-5.271946471606E0));
#4285=DIRECTION('',(0.E0,-8.311106673549E-1,5.561070567875E-1));
#4286=DIRECTION('',(0.E0,-5.561070567875E-1,-8.311106673549E-1));
#4287=AXIS2_PLACEMENT_3D('',#4284,#4285,#4286);
#4288=PLANE('',#4287);
#4289=ORIENTED_EDGE('',*,*,#4017,.F.);
#4291=ORIENTED_EDGE('',*,*,#4290,.T.);
#4292=ORIENTED_EDGE('',*,*,#4094,.T.);
#4293=ORIENTED_EDGE('',*,*,#4277,.F.);
#4294=EDGE_LOOP('',(#4289,#4291,#4292,#4293));
#4295=FACE_OUTER_BOUND('',#4294,.F.);
#4297=CARTESIAN_POINT('',(3.285E0,-6.8E-1,-5.55E0));
#4298=DIRECTION('',(1.E0,0.E0,0.E0));
#4299=DIRECTION('',(0.E0,-1.E0,0.E0));
#4300=AXIS2_PLACEMENT_3D('',#4297,#4298,#4299);
#4301=CYLINDRICAL_SURFACE('',#4300,5.E-1);
#4303=ORIENTED_EDGE('',*,*,#4302,.T.);
#4304=ORIENTED_EDGE('',*,*,#4096,.T.);
#4305=ORIENTED_EDGE('',*,*,#4290,.F.);
#4306=ORIENTED_EDGE('',*,*,#4015,.F.);
#4307=EDGE_LOOP('',(#4303,#4304,#4305,#4306));
#4308=FACE_OUTER_BOUND('',#4307,.F.);
#4310=CARTESIAN_POINT('',(5.E0,-1.5E0,-5.1E0));
#4311=DIRECTION('',(0.E0,0.E0,1.E0));
#4312=DIRECTION('',(-1.E0,0.E0,0.E0));
#4313=AXIS2_PLACEMENT_3D('',#4310,#4311,#4312);
#4314=PLANE('',#4313);
#4315=ORIENTED_EDGE('',*,*,#4013,.F.);
#4316=ORIENTED_EDGE('',*,*,#3977,.T.);
#4318=ORIENTED_EDGE('',*,*,#4317,.T.);
#4320=ORIENTED_EDGE('',*,*,#4319,.F.);
#4322=ORIENTED_EDGE('',*,*,#4321,.F.);
#4323=ORIENTED_EDGE('',*,*,#3969,.T.);
#4325=ORIENTED_EDGE('',*,*,#4324,.T.);
#4327=ORIENTED_EDGE('',*,*,#4326,.F.);
#4329=ORIENTED_EDGE('',*,*,#4328,.F.);
#4330=ORIENTED_EDGE('',*,*,#3961,.T.);
#4332=ORIENTED_EDGE('',*,*,#4331,.T.);
#4334=ORIENTED_EDGE('',*,*,#4333,.F.);
#4336=ORIENTED_EDGE('',*,*,#4335,.F.);
#4337=ORIENTED_EDGE('',*,*,#3953,.T.);
#4339=ORIENTED_EDGE('',*,*,#4338,.T.);
#4341=ORIENTED_EDGE('',*,*,#4340,.F.);
#4342=ORIENTED_EDGE('',*,*,#3880,.F.);
#4343=ORIENTED_EDGE('',*,*,#3946,.T.);
#4345=ORIENTED_EDGE('',*,*,#4344,.F.);
#4347=ORIENTED_EDGE('',*,*,#4346,.F.);
#4349=ORIENTED_EDGE('',*,*,#4348,.T.);
#4350=ORIENTED_EDGE('',*,*,#3939,.T.);
#4351=ORIENTED_EDGE('',*,*,#4098,.T.);
#4352=ORIENTED_EDGE('',*,*,#4302,.F.);
#4353=EDGE_LOOP('',(#4315,#4316,#4318,#4320,#4322,#4323,#4325,#4327,#4329,#4330,
#4332,#4334,#4336,#4337,#4339,#4341,#4342,#4343,#4345,#4347,#4349,#4350,#4351,
#4352));
#4354=FACE_OUTER_BOUND('',#4353,.F.);
#4356=CARTESIAN_POINT('',(1.715E0,0.E0,0.E0));
#4357=DIRECTION('',(1.E0,0.E0,0.E0));
#4358=DIRECTION('',(0.E0,-1.E0,0.E0));
#4359=AXIS2_PLACEMENT_3D('',#4356,#4357,#4358);
#4360=PLANE('',#4359);
#4361=ORIENTED_EDGE('',*,*,#3725,.F.);
#4363=ORIENTED_EDGE('',*,*,#4362,.F.);
#4365=ORIENTED_EDGE('',*,*,#4364,.F.);
#4367=ORIENTED_EDGE('',*,*,#4366,.F.);
#4369=ORIENTED_EDGE('',*,*,#4368,.F.);
#4371=ORIENTED_EDGE('',*,*,#4370,.F.);
#4373=ORIENTED_EDGE('',*,*,#4372,.F.);
#4375=ORIENTED_EDGE('',*,*,#4374,.F.);
#4377=ORIENTED_EDGE('',*,*,#4376,.F.);
#4378=EDGE_LOOP('',(#4361,#4363,#4365,#4367,#4369,#4371,#4373,#4375,#4377));
#4379=FACE_OUTER_BOUND('',#4378,.F.);
#4381=CARTESIAN_POINT('',(1.715E0,0.E0,0.E0));
#4382=DIRECTION('',(1.E0,0.E0,0.E0));
#4383=DIRECTION('',(0.E0,-1.E0,0.E0));
#4384=AXIS2_PLACEMENT_3D('',#4381,#4382,#4383);
#4385=PLANE('',#4384);
#4386=ORIENTED_EDGE('',*,*,#3975,.F.);
#4388=ORIENTED_EDGE('',*,*,#4387,.F.);
#4390=ORIENTED_EDGE('',*,*,#4389,.F.);
#4392=ORIENTED_EDGE('',*,*,#4391,.F.);
#4394=ORIENTED_EDGE('',*,*,#4393,.F.);
#4396=ORIENTED_EDGE('',*,*,#4395,.F.);
#4398=ORIENTED_EDGE('',*,*,#4397,.F.);
#4400=ORIENTED_EDGE('',*,*,#4399,.F.);
#4402=ORIENTED_EDGE('',*,*,#4401,.F.);
#4404=ORIENTED_EDGE('',*,*,#4403,.F.);
#4405=ORIENTED_EDGE('',*,*,#4317,.F.);
#4406=EDGE_LOOP('',(#4386,#4388,#4390,#4392,#4394,#4396,#4398,#4400,#4402,#4404,
#4405));
#4407=FACE_OUTER_BOUND('',#4406,.F.);
#4409=CARTESIAN_POINT('',(1.285E0,-3.398392801186E-1,-2.099996660730E0));
#4410=DIRECTION('',(0.E0,8.311070761549E-1,-5.561124238544E-1));
#4411=DIRECTION('',(0.E0,5.561124238544E-1,8.311070761549E-1));
#4412=AXIS2_PLACEMENT_3D('',#4409,#4410,#4411);
#4413=PLANE('',#4412);
#4414=ORIENTED_EDGE('',*,*,#3723,.F.);
#4416=ORIENTED_EDGE('',*,*,#4415,.F.);
#4418=ORIENTED_EDGE('',*,*,#4417,.T.);
#4419=ORIENTED_EDGE('',*,*,#4362,.T.);
#4420=EDGE_LOOP('',(#4414,#4416,#4418,#4419));
#4421=FACE_OUTER_BOUND('',#4420,.F.);
#4423=CARTESIAN_POINT('',(1.285E0,0.E0,0.E0));
#4424=DIRECTION('',(1.E0,0.E0,0.E0));
#4425=DIRECTION('',(0.E0,-1.E0,0.E0));
#4426=AXIS2_PLACEMENT_3D('',#4423,#4424,#4425);
#4427=PLANE('',#4426);
#4428=ORIENTED_EDGE('',*,*,#3721,.T.);
#4430=ORIENTED_EDGE('',*,*,#4429,.T.);
#4432=ORIENTED_EDGE('',*,*,#4431,.T.);
#4434=ORIENTED_EDGE('',*,*,#4433,.T.);
#4436=ORIENTED_EDGE('',*,*,#4435,.T.);
#4438=ORIENTED_EDGE('',*,*,#4437,.T.);
#4440=ORIENTED_EDGE('',*,*,#4439,.T.);
#4442=ORIENTED_EDGE('',*,*,#4441,.T.);
#4443=ORIENTED_EDGE('',*,*,#4415,.T.);
#4444=EDGE_LOOP('',(#4428,#4430,#4432,#4434,#4436,#4438,#4440,#4442,#4443));
#4445=FACE_OUTER_BOUND('',#4444,.F.);
#4447=CARTESIAN_POINT('',(1.285E0,0.E0,0.E0));
#4448=DIRECTION('',(1.E0,0.E0,0.E0));
#4449=DIRECTION('',(0.E0,-1.E0,0.E0));
#4450=AXIS2_PLACEMENT_3D('',#4447,#4448,#4449);
#4451=PLANE('',#4450);
#4452=ORIENTED_EDGE('',*,*,#3971,.T.);
#4453=ORIENTED_EDGE('',*,*,#4321,.T.);
#4455=ORIENTED_EDGE('',*,*,#4454,.T.);
#4457=ORIENTED_EDGE('',*,*,#4456,.T.);
#4459=ORIENTED_EDGE('',*,*,#4458,.T.);
#4461=ORIENTED_EDGE('',*,*,#4460,.T.);
#4463=ORIENTED_EDGE('',*,*,#4462,.T.);
#4465=ORIENTED_EDGE('',*,*,#4464,.T.);
#4467=ORIENTED_EDGE('',*,*,#4466,.T.);
#4469=ORIENTED_EDGE('',*,*,#4468,.T.);
#4471=ORIENTED_EDGE('',*,*,#4470,.T.);
#4472=EDGE_LOOP('',(#4452,#4453,#4455,#4457,#4459,#4461,#4463,#4465,#4467,#4469,
#4471));
#4473=FACE_OUTER_BOUND('',#4472,.F.);
#4475=CARTESIAN_POINT('',(1.285E0,-1.8E-1,-1.103787701987E0));
#4476=DIRECTION('',(0.E0,-9.816271834477E-1,1.908089953765E-1));
#4477=DIRECTION('',(0.E0,-1.908089953765E-1,-9.816271834477E-1));
#4478=AXIS2_PLACEMENT_3D('',#4475,#4476,#4477);
#4479=PLANE('',#4478);
#4480=ORIENTED_EDGE('',*,*,#3727,.T.);
#4481=ORIENTED_EDGE('',*,*,#4376,.T.);
#4483=ORIENTED_EDGE('',*,*,#4482,.F.);
#4484=ORIENTED_EDGE('',*,*,#4429,.F.);
#4485=EDGE_LOOP('',(#4480,#4481,#4483,#4484));
#4486=FACE_OUTER_BOUND('',#4485,.F.);
#4488=CARTESIAN_POINT('',(1.285E0,-7.605421412711E-1,-1.469996574220E0));
#4489=DIRECTION('',(1.E0,0.E0,0.E0));
#4490=DIRECTION('',(0.E0,-1.E0,0.E0));
#4491=AXIS2_PLACEMENT_3D('',#4488,#4489,#4490);
#4492=CYLINDRICAL_SURFACE('',#4491,5.E-1);
#4493=ORIENTED_EDGE('',*,*,#4431,.F.);
#4494=ORIENTED_EDGE('',*,*,#4482,.T.);
#4495=ORIENTED_EDGE('',*,*,#4374,.T.);
#4497=ORIENTED_EDGE('',*,*,#4496,.F.);
#4498=EDGE_LOOP('',(#4493,#4494,#4495,#4497));
#4499=FACE_OUTER_BOUND('',#4498,.F.);
#4501=CARTESIAN_POINT('',(1.285E0,-3.449886031937E-1,-1.748052786147E0));
#4502=DIRECTION('',(0.E0,-8.311070761549E-1,5.561124238544E-1));
#4503=DIRECTION('',(0.E0,-5.561124238544E-1,-8.311070761549E-1));
#4504=AXIS2_PLACEMENT_3D('',#4501,#4502,#4503);
#4505=PLANE('',#4504);
#4506=ORIENTED_EDGE('',*,*,#4433,.F.);
#4507=ORIENTED_EDGE('',*,*,#4496,.T.);
#4508=ORIENTED_EDGE('',*,*,#4372,.T.);
#4510=ORIENTED_EDGE('',*,*,#4509,.F.);
#4511=EDGE_LOOP('',(#4506,#4507,#4508,#4510));
#4512=FACE_OUTER_BOUND('',#4511,.F.);
#4514=CARTESIAN_POINT('',(1.285E0,-4.E-1,-2.099996660730E0));
#4515=DIRECTION('',(1.E0,0.E0,0.E0));
#4516=DIRECTION('',(0.E0,-1.E0,0.E0));
#4517=AXIS2_PLACEMENT_3D('',#4514,#4515,#4516);
#4518=CYLINDRICAL_SURFACE('',#4517,1.5E-1);
#4519=ORIENTED_EDGE('',*,*,#4435,.F.);
#4520=ORIENTED_EDGE('',*,*,#4509,.T.);
#4521=ORIENTED_EDGE('',*,*,#4370,.T.);
#4523=ORIENTED_EDGE('',*,*,#4522,.F.);
#4524=EDGE_LOOP('',(#4519,#4520,#4521,#4523));
#4525=FACE_OUTER_BOUND('',#4524,.F.);
#4527=CARTESIAN_POINT('',(1.285E0,-5.246660614232E-1,-2.183413524308E0));
#4528=DIRECTION('',(0.E0,-8.311070761549E-1,-5.561124238544E-1));
#4529=DIRECTION('',(0.E0,5.561124238544E-1,-8.311070761549E-1));
#4530=AXIS2_PLACEMENT_3D('',#4527,#4528,#4529);
#4531=PLANE('',#4530);
#4532=ORIENTED_EDGE('',*,*,#4437,.F.);
#4533=ORIENTED_EDGE('',*,*,#4522,.T.);
#4534=ORIENTED_EDGE('',*,*,#4368,.T.);
#4536=ORIENTED_EDGE('',*,*,#4535,.F.);
#4537=EDGE_LOOP('',(#4532,#4533,#4534,#4536));
#4538=FACE_OUTER_BOUND('',#4537,.F.);
#4540=CARTESIAN_POINT('',(1.285E0,-4.200014152310E-1,-2.339834284468E0));
#4541=DIRECTION('',(0.E0,5.561124238544E-1,-8.311070761549E-1));
#4542=DIRECTION('',(0.E0,8.311070761549E-1,5.561124238544E-1));
#4543=AXIS2_PLACEMENT_3D('',#4540,#4541,#4542);
#4544=PLANE('',#4543);
#4545=ORIENTED_EDGE('',*,*,#4439,.F.);
#4546=ORIENTED_EDGE('',*,*,#4535,.T.);
#4547=ORIENTED_EDGE('',*,*,#4366,.T.);
#4549=ORIENTED_EDGE('',*,*,#4548,.F.);
#4550=EDGE_LOOP('',(#4545,#4546,#4547,#4549));
#4551=FACE_OUTER_BOUND('',#4550,.F.);
#4553=CARTESIAN_POINT('',(1.285E0,-2.5378E-1,-2.228611799697E0));
#4554=DIRECTION('',(0.E0,8.311070761549E-1,5.561124238544E-1));
#4555=DIRECTION('',(0.E0,-5.561124238544E-1,8.311070761549E-1));
#4556=AXIS2_PLACEMENT_3D('',#4553,#4554,#4555);
#4557=PLANE('',#4556);
#4558=ORIENTED_EDGE('',*,*,#4441,.F.);
#4559=ORIENTED_EDGE('',*,*,#4548,.T.);
#4560=ORIENTED_EDGE('',*,*,#4364,.T.);
#4561=ORIENTED_EDGE('',*,*,#4417,.F.);
#4562=EDGE_LOOP('',(#4558,#4559,#4560,#4561));
#4563=FACE_OUTER_BOUND('',#4562,.F.);
#4565=CARTESIAN_POINT('',(1.285E0,-6.8E-1,-5.55E0));
#4566=DIRECTION('',(1.E0,0.E0,0.E0));
#4567=DIRECTION('',(0.E0,-1.E0,0.E0));
#4568=AXIS2_PLACEMENT_3D('',#4565,#4566,#4567);
#4569=CYLINDRICAL_SURFACE('',#4568,5.E-1);
#4570=ORIENTED_EDGE('',*,*,#4319,.T.);
#4571=ORIENTED_EDGE('',*,*,#4403,.T.);
#4573=ORIENTED_EDGE('',*,*,#4572,.F.);
#4574=ORIENTED_EDGE('',*,*,#4454,.F.);
#4575=EDGE_LOOP('',(#4570,#4571,#4573,#4574));
#4576=FACE_OUTER_BOUND('',#4575,.F.);
#4578=CARTESIAN_POINT('',(1.285E0,-1.095555333677E0,-5.271946471606E0));
#4579=DIRECTION('',(0.E0,-8.311106673549E-1,5.561070567875E-1));
#4580=DIRECTION('',(0.E0,-5.561070567875E-1,-8.311106673549E-1));
#4581=AXIS2_PLACEMENT_3D('',#4578,#4579,#4580);
#4582=PLANE('',#4581);
#4583=ORIENTED_EDGE('',*,*,#4456,.F.);
#4584=ORIENTED_EDGE('',*,*,#4572,.T.);
#4585=ORIENTED_EDGE('',*,*,#4401,.T.);
#4587=ORIENTED_EDGE('',*,*,#4586,.F.);
#4588=EDGE_LOOP('',(#4583,#4584,#4585,#4587));
#4589=FACE_OUTER_BOUND('',#4588,.F.);
#4591=CARTESIAN_POINT('',(1.285E0,-1.374922108416E0,-5.15E0));
#4592=DIRECTION('',(1.E0,0.E0,0.E0));
#4593=DIRECTION('',(0.E0,-1.E0,0.E0));
#4594=AXIS2_PLACEMENT_3D('',#4591,#4592,#4593);
#4595=CYLINDRICAL_SURFACE('',#4594,3.E-1);
#4596=ORIENTED_EDGE('',*,*,#4458,.F.);
#4597=ORIENTED_EDGE('',*,*,#4586,.T.);
#4598=ORIENTED_EDGE('',*,*,#4399,.T.);
#4600=ORIENTED_EDGE('',*,*,#4599,.F.);
#4601=EDGE_LOOP('',(#4596,#4597,#4598,#4600));
#4602=FACE_OUTER_BOUND('',#4601,.F.);
#4604=CARTESIAN_POINT('',(1.285E0,-1.374922108416E0,-5.45E0));
#4605=DIRECTION('',(0.E0,0.E0,1.E0));
#4606=DIRECTION('',(0.E0,-1.E0,0.E0));
#4607=AXIS2_PLACEMENT_3D('',#4604,#4605,#4606);
#4608=PLANE('',#4607);
#4609=ORIENTED_EDGE('',*,*,#4460,.F.);
#4610=ORIENTED_EDGE('',*,*,#4599,.T.);
#4611=ORIENTED_EDGE('',*,*,#4397,.T.);
#4613=ORIENTED_EDGE('',*,*,#4612,.F.);
#4614=EDGE_LOOP('',(#4609,#4610,#4611,#4613));
#4615=FACE_OUTER_BOUND('',#4614,.F.);
#4617=CARTESIAN_POINT('',(1.285E0,-2.2E0,-5.45E0));
#4618=DIRECTION('',(0.E0,-1.E0,0.E0));
#4619=DIRECTION('',(0.E0,0.E0,-1.E0));
#4620=AXIS2_PLACEMENT_3D('',#4617,#4618,#4619);
#4621=PLANE('',#4620);
#4622=ORIENTED_EDGE('',*,*,#4462,.F.);
#4623=ORIENTED_EDGE('',*,*,#4612,.T.);
#4624=ORIENTED_EDGE('',*,*,#4395,.T.);
#4626=ORIENTED_EDGE('',*,*,#4625,.F.);
#4627=EDGE_LOOP('',(#4622,#4623,#4624,#4626));
#4628=FACE_OUTER_BOUND('',#4627,.F.);
#4630=CARTESIAN_POINT('',(1.285E0,-2.2E0,-5.65E0));
#4631=DIRECTION('',(0.E0,0.E0,-1.E0));
#4632=DIRECTION('',(0.E0,1.E0,0.E0));
#4633=AXIS2_PLACEMENT_3D('',#4630,#4631,#4632);
#4634=PLANE('',#4633);
#4635=ORIENTED_EDGE('',*,*,#4464,.F.);
#4636=ORIENTED_EDGE('',*,*,#4625,.T.);
#4637=ORIENTED_EDGE('',*,*,#4393,.T.);
#4639=ORIENTED_EDGE('',*,*,#4638,.F.);
#4640=EDGE_LOOP('',(#4635,#4636,#4637,#4639));
#4641=FACE_OUTER_BOUND('',#4640,.F.);
#4643=CARTESIAN_POINT('',(1.285E0,-1.374922108416E0,-5.15E0));
#4644=DIRECTION('',(1.E0,0.E0,0.E0));
#4645=DIRECTION('',(0.E0,-1.E0,0.E0));
#4646=AXIS2_PLACEMENT_3D('',#4643,#4644,#4645);
#4647=CYLINDRICAL_SURFACE('',#4646,5.E-1);
#4648=ORIENTED_EDGE('',*,*,#4466,.F.);
#4649=ORIENTED_EDGE('',*,*,#4638,.T.);
#4650=ORIENTED_EDGE('',*,*,#4391,.T.);
#4652=ORIENTED_EDGE('',*,*,#4651,.F.);
#4653=EDGE_LOOP('',(#4648,#4649,#4650,#4652));
#4654=FACE_OUTER_BOUND('',#4653,.F.);
#4656=CARTESIAN_POINT('',(1.285E0,-9.593667747382E-1,-5.428053528394E0));
#4657=DIRECTION('',(0.E0,8.311106673549E-1,-5.561070567875E-1));
#4658=DIRECTION('',(0.E0,5.561070567875E-1,8.311106673549E-1));
#4659=AXIS2_PLACEMENT_3D('',#4656,#4657,#4658);
#4660=PLANE('',#4659);
#4661=ORIENTED_EDGE('',*,*,#4468,.F.);
#4662=ORIENTED_EDGE('',*,*,#4651,.T.);
#4663=ORIENTED_EDGE('',*,*,#4389,.T.);
#4665=ORIENTED_EDGE('',*,*,#4664,.F.);
#4666=EDGE_LOOP('',(#4661,#4662,#4663,#4665));
#4667=FACE_OUTER_BOUND('',#4666,.F.);
#4669=CARTESIAN_POINT('',(1.285E0,-6.8E-1,-5.55E0));
#4670=DIRECTION('',(1.E0,0.E0,0.E0));
#4671=DIRECTION('',(0.E0,-1.E0,0.E0));
#4672=AXIS2_PLACEMENT_3D('',#4669,#4670,#4671);
#4673=CYLINDRICAL_SURFACE('',#4672,3.E-1);
#4674=ORIENTED_EDGE('',*,*,#3973,.F.);
#4675=ORIENTED_EDGE('',*,*,#4470,.F.);
#4676=ORIENTED_EDGE('',*,*,#4664,.T.);
#4677=ORIENTED_EDGE('',*,*,#4387,.T.);
#4678=EDGE_LOOP('',(#4674,#4675,#4676,#4677));
#4679=FACE_OUTER_BOUND('',#4678,.F.);
#4681=CARTESIAN_POINT('',(-2.85E-1,0.E0,0.E0));
#4682=DIRECTION('',(1.E0,0.E0,0.E0));
#4683=DIRECTION('',(0.E0,-1.E0,0.E0));
#4684=AXIS2_PLACEMENT_3D('',#4681,#4682,#4683);
#4685=PLANE('',#4684);
#4686=ORIENTED_EDGE('',*,*,#3715,.F.);
#4688=ORIENTED_EDGE('',*,*,#4687,.F.);
#4690=ORIENTED_EDGE('',*,*,#4689,.F.);
#4692=ORIENTED_EDGE('',*,*,#4691,.F.);
#4694=ORIENTED_EDGE('',*,*,#4693,.F.);
#4696=ORIENTED_EDGE('',*,*,#4695,.F.);
#4698=ORIENTED_EDGE('',*,*,#4697,.F.);
#4700=ORIENTED_EDGE('',*,*,#4699,.F.);
#4702=ORIENTED_EDGE('',*,*,#4701,.F.);
#4703=EDGE_LOOP('',(#4686,#4688,#4690,#4692,#4694,#4696,#4698,#4700,#4702));
#4704=FACE_OUTER_BOUND('',#4703,.F.);
#4706=CARTESIAN_POINT('',(-2.85E-1,0.E0,0.E0));
#4707=DIRECTION('',(1.E0,0.E0,0.E0));
#4708=DIRECTION('',(0.E0,-1.E0,0.E0));
#4709=AXIS2_PLACEMENT_3D('',#4706,#4707,#4708);
#4710=PLANE('',#4709);
#4711=ORIENTED_EDGE('',*,*,#3967,.F.);
#4713=ORIENTED_EDGE('',*,*,#4712,.F.);
#4715=ORIENTED_EDGE('',*,*,#4714,.F.);
#4717=ORIENTED_EDGE('',*,*,#4716,.F.);
#4719=ORIENTED_EDGE('',*,*,#4718,.F.);
#4721=ORIENTED_EDGE('',*,*,#4720,.F.);
#4723=ORIENTED_EDGE('',*,*,#4722,.F.);
#4725=ORIENTED_EDGE('',*,*,#4724,.F.);
#4727=ORIENTED_EDGE('',*,*,#4726,.F.);
#4729=ORIENTED_EDGE('',*,*,#4728,.F.);
#4730=ORIENTED_EDGE('',*,*,#4324,.F.);
#4731=EDGE_LOOP('',(#4711,#4713,#4715,#4717,#4719,#4721,#4723,#4725,#4727,#4729,
#4730));
#4732=FACE_OUTER_BOUND('',#4731,.F.);
#4734=CARTESIAN_POINT('',(-7.15E-1,-3.398392801186E-1,-2.099996660730E0));
#4735=DIRECTION('',(0.E0,8.311070761549E-1,-5.561124238544E-1));
#4736=DIRECTION('',(0.E0,5.561124238544E-1,8.311070761549E-1));
#4737=AXIS2_PLACEMENT_3D('',#4734,#4735,#4736);
#4738=PLANE('',#4737);
#4739=ORIENTED_EDGE('',*,*,#3713,.F.);
#4741=ORIENTED_EDGE('',*,*,#4740,.F.);
#4743=ORIENTED_EDGE('',*,*,#4742,.T.);
#4744=ORIENTED_EDGE('',*,*,#4687,.T.);
#4745=EDGE_LOOP('',(#4739,#4741,#4743,#4744));
#4746=FACE_OUTER_BOUND('',#4745,.F.);
#4748=CARTESIAN_POINT('',(-7.15E-1,0.E0,0.E0));
#4749=DIRECTION('',(1.E0,0.E0,0.E0));
#4750=DIRECTION('',(0.E0,-1.E0,0.E0));
#4751=AXIS2_PLACEMENT_3D('',#4748,#4749,#4750);
#4752=PLANE('',#4751);
#4753=ORIENTED_EDGE('',*,*,#3711,.T.);
#4755=ORIENTED_EDGE('',*,*,#4754,.T.);
#4757=ORIENTED_EDGE('',*,*,#4756,.T.);
#4759=ORIENTED_EDGE('',*,*,#4758,.T.);
#4761=ORIENTED_EDGE('',*,*,#4760,.T.);
#4763=ORIENTED_EDGE('',*,*,#4762,.T.);
#4765=ORIENTED_EDGE('',*,*,#4764,.T.);
#4767=ORIENTED_EDGE('',*,*,#4766,.T.);
#4768=ORIENTED_EDGE('',*,*,#4740,.T.);
#4769=EDGE_LOOP('',(#4753,#4755,#4757,#4759,#4761,#4763,#4765,#4767,#4768));
#4770=FACE_OUTER_BOUND('',#4769,.F.);
#4772=CARTESIAN_POINT('',(-7.15E-1,0.E0,0.E0));
#4773=DIRECTION('',(1.E0,0.E0,0.E0));
#4774=DIRECTION('',(0.E0,-1.E0,0.E0));
#4775=AXIS2_PLACEMENT_3D('',#4772,#4773,#4774);
#4776=PLANE('',#4775);
#4777=ORIENTED_EDGE('',*,*,#3963,.T.);
#4778=ORIENTED_EDGE('',*,*,#4328,.T.);
#4780=ORIENTED_EDGE('',*,*,#4779,.T.);
#4782=ORIENTED_EDGE('',*,*,#4781,.T.);
#4784=ORIENTED_EDGE('',*,*,#4783,.T.);
#4786=ORIENTED_EDGE('',*,*,#4785,.T.);
#4788=ORIENTED_EDGE('',*,*,#4787,.T.);
#4790=ORIENTED_EDGE('',*,*,#4789,.T.);
#4792=ORIENTED_EDGE('',*,*,#4791,.T.);
#4794=ORIENTED_EDGE('',*,*,#4793,.T.);
#4796=ORIENTED_EDGE('',*,*,#4795,.T.);
#4797=EDGE_LOOP('',(#4777,#4778,#4780,#4782,#4784,#4786,#4788,#4790,#4792,#4794,
#4796));
#4798=FACE_OUTER_BOUND('',#4797,.F.);
#4800=CARTESIAN_POINT('',(-7.15E-1,-1.8E-1,-1.103787701987E0));
#4801=DIRECTION('',(0.E0,-9.816271834477E-1,1.908089953765E-1));
#4802=DIRECTION('',(0.E0,-1.908089953765E-1,-9.816271834477E-1));
#4803=AXIS2_PLACEMENT_3D('',#4800,#4801,#4802);
#4804=PLANE('',#4803);
#4805=ORIENTED_EDGE('',*,*,#3717,.T.);
#4806=ORIENTED_EDGE('',*,*,#4701,.T.);
#4808=ORIENTED_EDGE('',*,*,#4807,.F.);
#4809=ORIENTED_EDGE('',*,*,#4754,.F.);
#4810=EDGE_LOOP('',(#4805,#4806,#4808,#4809));
#4811=FACE_OUTER_BOUND('',#4810,.F.);
#4813=CARTESIAN_POINT('',(-7.15E-1,-7.605421412711E-1,-1.469996574220E0));
#4814=DIRECTION('',(1.E0,0.E0,0.E0));
#4815=DIRECTION('',(0.E0,-1.E0,0.E0));
#4816=AXIS2_PLACEMENT_3D('',#4813,#4814,#4815);
#4817=CYLINDRICAL_SURFACE('',#4816,5.E-1);
#4818=ORIENTED_EDGE('',*,*,#4756,.F.);
#4819=ORIENTED_EDGE('',*,*,#4807,.T.);
#4820=ORIENTED_EDGE('',*,*,#4699,.T.);
#4822=ORIENTED_EDGE('',*,*,#4821,.F.);
#4823=EDGE_LOOP('',(#4818,#4819,#4820,#4822));
#4824=FACE_OUTER_BOUND('',#4823,.F.);
#4826=CARTESIAN_POINT('',(-7.15E-1,-3.449886031937E-1,-1.748052786147E0));
#4827=DIRECTION('',(0.E0,-8.311070761549E-1,5.561124238544E-1));
#4828=DIRECTION('',(0.E0,-5.561124238544E-1,-8.311070761549E-1));
#4829=AXIS2_PLACEMENT_3D('',#4826,#4827,#4828);
#4830=PLANE('',#4829);
#4831=ORIENTED_EDGE('',*,*,#4758,.F.);
#4832=ORIENTED_EDGE('',*,*,#4821,.T.);
#4833=ORIENTED_EDGE('',*,*,#4697,.T.);
#4835=ORIENTED_EDGE('',*,*,#4834,.F.);
#4836=EDGE_LOOP('',(#4831,#4832,#4833,#4835));
#4837=FACE_OUTER_BOUND('',#4836,.F.);
#4839=CARTESIAN_POINT('',(-7.15E-1,-4.E-1,-2.099996660730E0));
#4840=DIRECTION('',(1.E0,0.E0,0.E0));
#4841=DIRECTION('',(0.E0,-1.E0,0.E0));
#4842=AXIS2_PLACEMENT_3D('',#4839,#4840,#4841);
#4843=CYLINDRICAL_SURFACE('',#4842,1.5E-1);
#4844=ORIENTED_EDGE('',*,*,#4760,.F.);
#4845=ORIENTED_EDGE('',*,*,#4834,.T.);
#4846=ORIENTED_EDGE('',*,*,#4695,.T.);
#4848=ORIENTED_EDGE('',*,*,#4847,.F.);
#4849=EDGE_LOOP('',(#4844,#4845,#4846,#4848));
#4850=FACE_OUTER_BOUND('',#4849,.F.);
#4852=CARTESIAN_POINT('',(-7.15E-1,-5.246660614232E-1,-2.183413524308E0));
#4853=DIRECTION('',(0.E0,-8.311070761549E-1,-5.561124238544E-1));
#4854=DIRECTION('',(0.E0,5.561124238544E-1,-8.311070761549E-1));
#4855=AXIS2_PLACEMENT_3D('',#4852,#4853,#4854);
#4856=PLANE('',#4855);
#4857=ORIENTED_EDGE('',*,*,#4762,.F.);
#4858=ORIENTED_EDGE('',*,*,#4847,.T.);
#4859=ORIENTED_EDGE('',*,*,#4693,.T.);
#4861=ORIENTED_EDGE('',*,*,#4860,.F.);
#4862=EDGE_LOOP('',(#4857,#4858,#4859,#4861));
#4863=FACE_OUTER_BOUND('',#4862,.F.);
#4865=CARTESIAN_POINT('',(-7.15E-1,-4.200014152310E-1,-2.339834284468E0));
#4866=DIRECTION('',(0.E0,5.561124238544E-1,-8.311070761549E-1));
#4867=DIRECTION('',(0.E0,8.311070761549E-1,5.561124238544E-1));
#4868=AXIS2_PLACEMENT_3D('',#4865,#4866,#4867);
#4869=PLANE('',#4868);
#4870=ORIENTED_EDGE('',*,*,#4764,.F.);
#4871=ORIENTED_EDGE('',*,*,#4860,.T.);
#4872=ORIENTED_EDGE('',*,*,#4691,.T.);
#4874=ORIENTED_EDGE('',*,*,#4873,.F.);
#4875=EDGE_LOOP('',(#4870,#4871,#4872,#4874));
#4876=FACE_OUTER_BOUND('',#4875,.F.);
#4878=CARTESIAN_POINT('',(-7.15E-1,-2.5378E-1,-2.228611799697E0));
#4879=DIRECTION('',(0.E0,8.311070761549E-1,5.561124238544E-1));
#4880=DIRECTION('',(0.E0,-5.561124238544E-1,8.311070761549E-1));
#4881=AXIS2_PLACEMENT_3D('',#4878,#4879,#4880);
#4882=PLANE('',#4881);
#4883=ORIENTED_EDGE('',*,*,#4766,.F.);
#4884=ORIENTED_EDGE('',*,*,#4873,.T.);
#4885=ORIENTED_EDGE('',*,*,#4689,.T.);
#4886=ORIENTED_EDGE('',*,*,#4742,.F.);
#4887=EDGE_LOOP('',(#4883,#4884,#4885,#4886));
#4888=FACE_OUTER_BOUND('',#4887,.F.);
#4890=CARTESIAN_POINT('',(-7.15E-1,-6.8E-1,-5.55E0));
#4891=DIRECTION('',(1.E0,0.E0,0.E0));
#4892=DIRECTION('',(0.E0,-1.E0,0.E0));
#4893=AXIS2_PLACEMENT_3D('',#4890,#4891,#4892);
#4894=CYLINDRICAL_SURFACE('',#4893,5.E-1);
#4895=ORIENTED_EDGE('',*,*,#4326,.T.);
#4896=ORIENTED_EDGE('',*,*,#4728,.T.);
#4898=ORIENTED_EDGE('',*,*,#4897,.F.);
#4899=ORIENTED_EDGE('',*,*,#4779,.F.);
#4900=EDGE_LOOP('',(#4895,#4896,#4898,#4899));
#4901=FACE_OUTER_BOUND('',#4900,.F.);
#4903=CARTESIAN_POINT('',(-7.15E-1,-1.095555333677E0,-5.271946471606E0));
#4904=DIRECTION('',(0.E0,-8.311106673549E-1,5.561070567875E-1));
#4905=DIRECTION('',(0.E0,-5.561070567875E-1,-8.311106673549E-1));
#4906=AXIS2_PLACEMENT_3D('',#4903,#4904,#4905);
#4907=PLANE('',#4906);
#4908=ORIENTED_EDGE('',*,*,#4781,.F.);
#4909=ORIENTED_EDGE('',*,*,#4897,.T.);
#4910=ORIENTED_EDGE('',*,*,#4726,.T.);
#4912=ORIENTED_EDGE('',*,*,#4911,.F.);
#4913=EDGE_LOOP('',(#4908,#4909,#4910,#4912));
#4914=FACE_OUTER_BOUND('',#4913,.F.);
#4916=CARTESIAN_POINT('',(-7.15E-1,-1.374922108416E0,-5.15E0));
#4917=DIRECTION('',(1.E0,0.E0,0.E0));
#4918=DIRECTION('',(0.E0,-1.E0,0.E0));
#4919=AXIS2_PLACEMENT_3D('',#4916,#4917,#4918);
#4920=CYLINDRICAL_SURFACE('',#4919,3.E-1);
#4921=ORIENTED_EDGE('',*,*,#4783,.F.);
#4922=ORIENTED_EDGE('',*,*,#4911,.T.);
#4923=ORIENTED_EDGE('',*,*,#4724,.T.);
#4925=ORIENTED_EDGE('',*,*,#4924,.F.);
#4926=EDGE_LOOP('',(#4921,#4922,#4923,#4925));
#4927=FACE_OUTER_BOUND('',#4926,.F.);
#4929=CARTESIAN_POINT('',(-7.15E-1,-1.374922108416E0,-5.45E0));
#4930=DIRECTION('',(0.E0,0.E0,1.E0));
#4931=DIRECTION('',(0.E0,-1.E0,0.E0));
#4932=AXIS2_PLACEMENT_3D('',#4929,#4930,#4931);
#4933=PLANE('',#4932);
#4934=ORIENTED_EDGE('',*,*,#4785,.F.);
#4935=ORIENTED_EDGE('',*,*,#4924,.T.);
#4936=ORIENTED_EDGE('',*,*,#4722,.T.);
#4938=ORIENTED_EDGE('',*,*,#4937,.F.);
#4939=EDGE_LOOP('',(#4934,#4935,#4936,#4938));
#4940=FACE_OUTER_BOUND('',#4939,.F.);
#4942=CARTESIAN_POINT('',(-7.15E-1,-2.2E0,-5.45E0));
#4943=DIRECTION('',(0.E0,-1.E0,0.E0));
#4944=DIRECTION('',(0.E0,0.E0,-1.E0));
#4945=AXIS2_PLACEMENT_3D('',#4942,#4943,#4944);
#4946=PLANE('',#4945);
#4947=ORIENTED_EDGE('',*,*,#4787,.F.);
#4948=ORIENTED_EDGE('',*,*,#4937,.T.);
#4949=ORIENTED_EDGE('',*,*,#4720,.T.);
#4951=ORIENTED_EDGE('',*,*,#4950,.F.);
#4952=EDGE_LOOP('',(#4947,#4948,#4949,#4951));
#4953=FACE_OUTER_BOUND('',#4952,.F.);
#4955=CARTESIAN_POINT('',(-7.15E-1,-2.2E0,-5.65E0));
#4956=DIRECTION('',(0.E0,0.E0,-1.E0));
#4957=DIRECTION('',(0.E0,1.E0,0.E0));
#4958=AXIS2_PLACEMENT_3D('',#4955,#4956,#4957);
#4959=PLANE('',#4958);
#4960=ORIENTED_EDGE('',*,*,#4789,.F.);
#4961=ORIENTED_EDGE('',*,*,#4950,.T.);
#4962=ORIENTED_EDGE('',*,*,#4718,.T.);
#4964=ORIENTED_EDGE('',*,*,#4963,.F.);
#4965=EDGE_LOOP('',(#4960,#4961,#4962,#4964));
#4966=FACE_OUTER_BOUND('',#4965,.F.);
#4968=CARTESIAN_POINT('',(-7.15E-1,-1.374922108416E0,-5.15E0));
#4969=DIRECTION('',(1.E0,0.E0,0.E0));
#4970=DIRECTION('',(0.E0,-1.E0,0.E0));
#4971=AXIS2_PLACEMENT_3D('',#4968,#4969,#4970);
#4972=CYLINDRICAL_SURFACE('',#4971,5.E-1);
#4973=ORIENTED_EDGE('',*,*,#4791,.F.);
#4974=ORIENTED_EDGE('',*,*,#4963,.T.);
#4975=ORIENTED_EDGE('',*,*,#4716,.T.);
#4977=ORIENTED_EDGE('',*,*,#4976,.F.);
#4978=EDGE_LOOP('',(#4973,#4974,#4975,#4977));
#4979=FACE_OUTER_BOUND('',#4978,.F.);
#4981=CARTESIAN_POINT('',(-7.15E-1,-9.593667747382E-1,-5.428053528394E0));
#4982=DIRECTION('',(0.E0,8.311106673549E-1,-5.561070567875E-1));
#4983=DIRECTION('',(0.E0,5.561070567875E-1,8.311106673549E-1));
#4984=AXIS2_PLACEMENT_3D('',#4981,#4982,#4983);
#4985=PLANE('',#4984);
#4986=ORIENTED_EDGE('',*,*,#4793,.F.);
#4987=ORIENTED_EDGE('',*,*,#4976,.T.);
#4988=ORIENTED_EDGE('',*,*,#4714,.T.);
#4990=ORIENTED_EDGE('',*,*,#4989,.F.);
#4991=EDGE_LOOP('',(#4986,#4987,#4988,#4990));
#4992=FACE_OUTER_BOUND('',#4991,.F.);
#4994=CARTESIAN_POINT('',(-7.15E-1,-6.8E-1,-5.55E0));
#4995=DIRECTION('',(1.E0,0.E0,0.E0));
#4996=DIRECTION('',(0.E0,-1.E0,0.E0));
#4997=AXIS2_PLACEMENT_3D('',#4994,#4995,#4996);
#4998=CYLINDRICAL_SURFACE('',#4997,3.E-1);
#4999=ORIENTED_EDGE('',*,*,#3965,.F.);
#5000=ORIENTED_EDGE('',*,*,#4795,.F.);
#5001=ORIENTED_EDGE('',*,*,#4989,.T.);
#5002=ORIENTED_EDGE('',*,*,#4712,.T.);
#5003=EDGE_LOOP('',(#4999,#5000,#5001,#5002));
#5004=FACE_OUTER_BOUND('',#5003,.F.);
#5006=CARTESIAN_POINT('',(-2.285E0,0.E0,0.E0));
#5007=DIRECTION('',(1.E0,0.E0,0.E0));
#5008=DIRECTION('',(0.E0,-1.E0,0.E0));
#5009=AXIS2_PLACEMENT_3D('',#5006,#5007,#5008);
#5010=PLANE('',#5009);
#5011=ORIENTED_EDGE('',*,*,#3705,.F.);
#5013=ORIENTED_EDGE('',*,*,#5012,.F.);
#5015=ORIENTED_EDGE('',*,*,#5014,.F.);
#5017=ORIENTED_EDGE('',*,*,#5016,.F.);
#5019=ORIENTED_EDGE('',*,*,#5018,.F.);
#5021=ORIENTED_EDGE('',*,*,#5020,.F.);
#5023=ORIENTED_EDGE('',*,*,#5022,.F.);
#5025=ORIENTED_EDGE('',*,*,#5024,.F.);
#5027=ORIENTED_EDGE('',*,*,#5026,.F.);
#5028=EDGE_LOOP('',(#5011,#5013,#5015,#5017,#5019,#5021,#5023,#5025,#5027));
#5029=FACE_OUTER_BOUND('',#5028,.F.);
#5031=CARTESIAN_POINT('',(-2.285E0,0.E0,0.E0));
#5032=DIRECTION('',(1.E0,0.E0,0.E0));
#5033=DIRECTION('',(0.E0,-1.E0,0.E0));
#5034=AXIS2_PLACEMENT_3D('',#5031,#5032,#5033);
#5035=PLANE('',#5034);
#5036=ORIENTED_EDGE('',*,*,#3959,.F.);
#5038=ORIENTED_EDGE('',*,*,#5037,.F.);
#5040=ORIENTED_EDGE('',*,*,#5039,.F.);
#5042=ORIENTED_EDGE('',*,*,#5041,.F.);
#5044=ORIENTED_EDGE('',*,*,#5043,.F.);
#5046=ORIENTED_EDGE('',*,*,#5045,.F.);
#5048=ORIENTED_EDGE('',*,*,#5047,.F.);
#5050=ORIENTED_EDGE('',*,*,#5049,.F.);
#5052=ORIENTED_EDGE('',*,*,#5051,.F.);
#5054=ORIENTED_EDGE('',*,*,#5053,.F.);
#5055=ORIENTED_EDGE('',*,*,#4331,.F.);
#5056=EDGE_LOOP('',(#5036,#5038,#5040,#5042,#5044,#5046,#5048,#5050,#5052,#5054,
#5055));
#5057=FACE_OUTER_BOUND('',#5056,.F.);
#5059=CARTESIAN_POINT('',(-2.715E0,-3.398392801186E-1,-2.099996660730E0));
#5060=DIRECTION('',(0.E0,8.311070761549E-1,-5.561124238544E-1));
#5061=DIRECTION('',(0.E0,5.561124238544E-1,8.311070761549E-1));
#5062=AXIS2_PLACEMENT_3D('',#5059,#5060,#5061);
#5063=PLANE('',#5062);
#5064=ORIENTED_EDGE('',*,*,#3703,.F.);
#5066=ORIENTED_EDGE('',*,*,#5065,.F.);
#5068=ORIENTED_EDGE('',*,*,#5067,.T.);
#5069=ORIENTED_EDGE('',*,*,#5012,.T.);
#5070=EDGE_LOOP('',(#5064,#5066,#5068,#5069));
#5071=FACE_OUTER_BOUND('',#5070,.F.);
#5073=CARTESIAN_POINT('',(-2.715E0,0.E0,0.E0));
#5074=DIRECTION('',(1.E0,0.E0,0.E0));
#5075=DIRECTION('',(0.E0,-1.E0,0.E0));
#5076=AXIS2_PLACEMENT_3D('',#5073,#5074,#5075);
#5077=PLANE('',#5076);
#5078=ORIENTED_EDGE('',*,*,#3701,.T.);
#5080=ORIENTED_EDGE('',*,*,#5079,.T.);
#5082=ORIENTED_EDGE('',*,*,#5081,.T.);
#5084=ORIENTED_EDGE('',*,*,#5083,.T.);
#5086=ORIENTED_EDGE('',*,*,#5085,.T.);
#5088=ORIENTED_EDGE('',*,*,#5087,.T.);
#5090=ORIENTED_EDGE('',*,*,#5089,.T.);
#5092=ORIENTED_EDGE('',*,*,#5091,.T.);
#5093=ORIENTED_EDGE('',*,*,#5065,.T.);
#5094=EDGE_LOOP('',(#5078,#5080,#5082,#5084,#5086,#5088,#5090,#5092,#5093));
#5095=FACE_OUTER_BOUND('',#5094,.F.);
#5097=CARTESIAN_POINT('',(-2.715E0,0.E0,0.E0));
#5098=DIRECTION('',(1.E0,0.E0,0.E0));
#5099=DIRECTION('',(0.E0,-1.E0,0.E0));
#5100=AXIS2_PLACEMENT_3D('',#5097,#5098,#5099);
#5101=PLANE('',#5100);
#5102=ORIENTED_EDGE('',*,*,#3955,.T.);
#5103=ORIENTED_EDGE('',*,*,#4335,.T.);
#5105=ORIENTED_EDGE('',*,*,#5104,.T.);
#5107=ORIENTED_EDGE('',*,*,#5106,.T.);
#5109=ORIENTED_EDGE('',*,*,#5108,.T.);
#5111=ORIENTED_EDGE('',*,*,#5110,.T.);
#5113=ORIENTED_EDGE('',*,*,#5112,.T.);
#5115=ORIENTED_EDGE('',*,*,#5114,.T.);
#5117=ORIENTED_EDGE('',*,*,#5116,.T.);
#5119=ORIENTED_EDGE('',*,*,#5118,.T.);
#5121=ORIENTED_EDGE('',*,*,#5120,.T.);
#5122=EDGE_LOOP('',(#5102,#5103,#5105,#5107,#5109,#5111,#5113,#5115,#5117,#5119,
#5121));
#5123=FACE_OUTER_BOUND('',#5122,.F.);
#5125=CARTESIAN_POINT('',(-2.715E0,-1.8E-1,-1.103787701987E0));
#5126=DIRECTION('',(0.E0,-9.816271834477E-1,1.908089953765E-1));
#5127=DIRECTION('',(0.E0,-1.908089953765E-1,-9.816271834477E-1));
#5128=AXIS2_PLACEMENT_3D('',#5125,#5126,#5127);
#5129=PLANE('',#5128);
#5130=ORIENTED_EDGE('',*,*,#3707,.T.);
#5131=ORIENTED_EDGE('',*,*,#5026,.T.);
#5133=ORIENTED_EDGE('',*,*,#5132,.F.);
#5134=ORIENTED_EDGE('',*,*,#5079,.F.);
#5135=EDGE_LOOP('',(#5130,#5131,#5133,#5134));
#5136=FACE_OUTER_BOUND('',#5135,.F.);
#5138=CARTESIAN_POINT('',(-2.715E0,-7.605421412711E-1,-1.469996574220E0));
#5139=DIRECTION('',(1.E0,0.E0,0.E0));
#5140=DIRECTION('',(0.E0,-1.E0,0.E0));
#5141=AXIS2_PLACEMENT_3D('',#5138,#5139,#5140);
#5142=CYLINDRICAL_SURFACE('',#5141,5.E-1);
#5143=ORIENTED_EDGE('',*,*,#5081,.F.);
#5144=ORIENTED_EDGE('',*,*,#5132,.T.);
#5145=ORIENTED_EDGE('',*,*,#5024,.T.);
#5147=ORIENTED_EDGE('',*,*,#5146,.F.);
#5148=EDGE_LOOP('',(#5143,#5144,#5145,#5147));
#5149=FACE_OUTER_BOUND('',#5148,.F.);
#5151=CARTESIAN_POINT('',(-2.715E0,-3.449886031937E-1,-1.748052786147E0));
#5152=DIRECTION('',(0.E0,-8.311070761549E-1,5.561124238544E-1));
#5153=DIRECTION('',(0.E0,-5.561124238544E-1,-8.311070761549E-1));
#5154=AXIS2_PLACEMENT_3D('',#5151,#5152,#5153);
#5155=PLANE('',#5154);
#5156=ORIENTED_EDGE('',*,*,#5083,.F.);
#5157=ORIENTED_EDGE('',*,*,#5146,.T.);
#5158=ORIENTED_EDGE('',*,*,#5022,.T.);
#5160=ORIENTED_EDGE('',*,*,#5159,.F.);
#5161=EDGE_LOOP('',(#5156,#5157,#5158,#5160));
#5162=FACE_OUTER_BOUND('',#5161,.F.);
#5164=CARTESIAN_POINT('',(-2.715E0,-4.E-1,-2.099996660730E0));
#5165=DIRECTION('',(1.E0,0.E0,0.E0));
#5166=DIRECTION('',(0.E0,-1.E0,0.E0));
#5167=AXIS2_PLACEMENT_3D('',#5164,#5165,#5166);
#5168=CYLINDRICAL_SURFACE('',#5167,1.5E-1);
#5169=ORIENTED_EDGE('',*,*,#5085,.F.);
#5170=ORIENTED_EDGE('',*,*,#5159,.T.);
#5171=ORIENTED_EDGE('',*,*,#5020,.T.);
#5173=ORIENTED_EDGE('',*,*,#5172,.F.);
#5174=EDGE_LOOP('',(#5169,#5170,#5171,#5173));
#5175=FACE_OUTER_BOUND('',#5174,.F.);
#5177=CARTESIAN_POINT('',(-2.715E0,-5.246660614232E-1,-2.183413524308E0));
#5178=DIRECTION('',(0.E0,-8.311070761549E-1,-5.561124238544E-1));
#5179=DIRECTION('',(0.E0,5.561124238544E-1,-8.311070761549E-1));
#5180=AXIS2_PLACEMENT_3D('',#5177,#5178,#5179);
#5181=PLANE('',#5180);
#5182=ORIENTED_EDGE('',*,*,#5087,.F.);
#5183=ORIENTED_EDGE('',*,*,#5172,.T.);
#5184=ORIENTED_EDGE('',*,*,#5018,.T.);
#5186=ORIENTED_EDGE('',*,*,#5185,.F.);
#5187=EDGE_LOOP('',(#5182,#5183,#5184,#5186));
#5188=FACE_OUTER_BOUND('',#5187,.F.);
#5190=CARTESIAN_POINT('',(-2.715E0,-4.200014152310E-1,-2.339834284468E0));
#5191=DIRECTION('',(0.E0,5.561124238544E-1,-8.311070761549E-1));
#5192=DIRECTION('',(0.E0,8.311070761549E-1,5.561124238544E-1));
#5193=AXIS2_PLACEMENT_3D('',#5190,#5191,#5192);
#5194=PLANE('',#5193);
#5195=ORIENTED_EDGE('',*,*,#5089,.F.);
#5196=ORIENTED_EDGE('',*,*,#5185,.T.);
#5197=ORIENTED_EDGE('',*,*,#5016,.T.);
#5199=ORIENTED_EDGE('',*,*,#5198,.F.);
#5200=EDGE_LOOP('',(#5195,#5196,#5197,#5199));
#5201=FACE_OUTER_BOUND('',#5200,.F.);
#5203=CARTESIAN_POINT('',(-2.715E0,-2.5378E-1,-2.228611799697E0));
#5204=DIRECTION('',(0.E0,8.311070761549E-1,5.561124238544E-1));
#5205=DIRECTION('',(0.E0,-5.561124238544E-1,8.311070761549E-1));
#5206=AXIS2_PLACEMENT_3D('',#5203,#5204,#5205);
#5207=PLANE('',#5206);
#5208=ORIENTED_EDGE('',*,*,#5091,.F.);
#5209=ORIENTED_EDGE('',*,*,#5198,.T.);
#5210=ORIENTED_EDGE('',*,*,#5014,.T.);
#5211=ORIENTED_EDGE('',*,*,#5067,.F.);
#5212=EDGE_LOOP('',(#5208,#5209,#5210,#5211));
#5213=FACE_OUTER_BOUND('',#5212,.F.);
#5215=CARTESIAN_POINT('',(-2.715E0,-6.8E-1,-5.55E0));
#5216=DIRECTION('',(1.E0,0.E0,0.E0));
#5217=DIRECTION('',(0.E0,-1.E0,0.E0));
#5218=AXIS2_PLACEMENT_3D('',#5215,#5216,#5217);
#5219=CYLINDRICAL_SURFACE('',#5218,5.E-1);
#5220=ORIENTED_EDGE('',*,*,#4333,.T.);
#5221=ORIENTED_EDGE('',*,*,#5053,.T.);
#5223=ORIENTED_EDGE('',*,*,#5222,.F.);
#5224=ORIENTED_EDGE('',*,*,#5104,.F.);
#5225=EDGE_LOOP('',(#5220,#5221,#5223,#5224));
#5226=FACE_OUTER_BOUND('',#5225,.F.);
#5228=CARTESIAN_POINT('',(-2.715E0,-1.095555333677E0,-5.271946471606E0));
#5229=DIRECTION('',(0.E0,-8.311106673549E-1,5.561070567875E-1));
#5230=DIRECTION('',(0.E0,-5.561070567875E-1,-8.311106673549E-1));
#5231=AXIS2_PLACEMENT_3D('',#5228,#5229,#5230);
#5232=PLANE('',#5231);
#5233=ORIENTED_EDGE('',*,*,#5106,.F.);
#5234=ORIENTED_EDGE('',*,*,#5222,.T.);
#5235=ORIENTED_EDGE('',*,*,#5051,.T.);
#5237=ORIENTED_EDGE('',*,*,#5236,.F.);
#5238=EDGE_LOOP('',(#5233,#5234,#5235,#5237));
#5239=FACE_OUTER_BOUND('',#5238,.F.);
#5241=CARTESIAN_POINT('',(-2.715E0,-1.374922108416E0,-5.15E0));
#5242=DIRECTION('',(1.E0,0.E0,0.E0));
#5243=DIRECTION('',(0.E0,-1.E0,0.E0));
#5244=AXIS2_PLACEMENT_3D('',#5241,#5242,#5243);
#5245=CYLINDRICAL_SURFACE('',#5244,3.E-1);
#5246=ORIENTED_EDGE('',*,*,#5108,.F.);
#5247=ORIENTED_EDGE('',*,*,#5236,.T.);
#5248=ORIENTED_EDGE('',*,*,#5049,.T.);
#5250=ORIENTED_EDGE('',*,*,#5249,.F.);
#5251=EDGE_LOOP('',(#5246,#5247,#5248,#5250));
#5252=FACE_OUTER_BOUND('',#5251,.F.);
#5254=CARTESIAN_POINT('',(-2.715E0,-1.374922108416E0,-5.45E0));
#5255=DIRECTION('',(0.E0,0.E0,1.E0));
#5256=DIRECTION('',(0.E0,-1.E0,0.E0));
#5257=AXIS2_PLACEMENT_3D('',#5254,#5255,#5256);
#5258=PLANE('',#5257);
#5259=ORIENTED_EDGE('',*,*,#5110,.F.);
#5260=ORIENTED_EDGE('',*,*,#5249,.T.);
#5261=ORIENTED_EDGE('',*,*,#5047,.T.);
#5263=ORIENTED_EDGE('',*,*,#5262,.F.);
#5264=EDGE_LOOP('',(#5259,#5260,#5261,#5263));
#5265=FACE_OUTER_BOUND('',#5264,.F.);
#5267=CARTESIAN_POINT('',(-2.715E0,-2.2E0,-5.45E0));
#5268=DIRECTION('',(0.E0,-1.E0,0.E0));
#5269=DIRECTION('',(0.E0,0.E0,-1.E0));
#5270=AXIS2_PLACEMENT_3D('',#5267,#5268,#5269);
#5271=PLANE('',#5270);
#5272=ORIENTED_EDGE('',*,*,#5112,.F.);
#5273=ORIENTED_EDGE('',*,*,#5262,.T.);
#5274=ORIENTED_EDGE('',*,*,#5045,.T.);
#5276=ORIENTED_EDGE('',*,*,#5275,.F.);
#5277=EDGE_LOOP('',(#5272,#5273,#5274,#5276));
#5278=FACE_OUTER_BOUND('',#5277,.F.);
#5280=CARTESIAN_POINT('',(-2.715E0,-2.2E0,-5.65E0));
#5281=DIRECTION('',(0.E0,0.E0,-1.E0));
#5282=DIRECTION('',(0.E0,1.E0,0.E0));
#5283=AXIS2_PLACEMENT_3D('',#5280,#5281,#5282);
#5284=PLANE('',#5283);
#5285=ORIENTED_EDGE('',*,*,#5114,.F.);
#5286=ORIENTED_EDGE('',*,*,#5275,.T.);
#5287=ORIENTED_EDGE('',*,*,#5043,.T.);
#5289=ORIENTED_EDGE('',*,*,#5288,.F.);
#5290=EDGE_LOOP('',(#5285,#5286,#5287,#5289));
#5291=FACE_OUTER_BOUND('',#5290,.F.);
#5293=CARTESIAN_POINT('',(-2.715E0,-1.374922108416E0,-5.15E0));
#5294=DIRECTION('',(1.E0,0.E0,0.E0));
#5295=DIRECTION('',(0.E0,-1.E0,0.E0));
#5296=AXIS2_PLACEMENT_3D('',#5293,#5294,#5295);
#5297=CYLINDRICAL_SURFACE('',#5296,5.E-1);
#5298=ORIENTED_EDGE('',*,*,#5116,.F.);
#5299=ORIENTED_EDGE('',*,*,#5288,.T.);
#5300=ORIENTED_EDGE('',*,*,#5041,.T.);
#5302=ORIENTED_EDGE('',*,*,#5301,.F.);
#5303=EDGE_LOOP('',(#5298,#5299,#5300,#5302));
#5304=FACE_OUTER_BOUND('',#5303,.F.);
#5306=CARTESIAN_POINT('',(-2.715E0,-9.593667747382E-1,-5.428053528394E0));
#5307=DIRECTION('',(0.E0,8.311106673549E-1,-5.561070567875E-1));
#5308=DIRECTION('',(0.E0,5.561070567875E-1,8.311106673549E-1));
#5309=AXIS2_PLACEMENT_3D('',#5306,#5307,#5308);
#5310=PLANE('',#5309);
#5311=ORIENTED_EDGE('',*,*,#5118,.F.);
#5312=ORIENTED_EDGE('',*,*,#5301,.T.);
#5313=ORIENTED_EDGE('',*,*,#5039,.T.);
#5315=ORIENTED_EDGE('',*,*,#5314,.F.);
#5316=EDGE_LOOP('',(#5311,#5312,#5313,#5315));
#5317=FACE_OUTER_BOUND('',#5316,.F.);
#5319=CARTESIAN_POINT('',(-2.715E0,-6.8E-1,-5.55E0));
#5320=DIRECTION('',(1.E0,0.E0,0.E0));
#5321=DIRECTION('',(0.E0,-1.E0,0.E0));
#5322=AXIS2_PLACEMENT_3D('',#5319,#5320,#5321);
#5323=CYLINDRICAL_SURFACE('',#5322,3.E-1);
#5324=ORIENTED_EDGE('',*,*,#3957,.F.);
#5325=ORIENTED_EDGE('',*,*,#5120,.F.);
#5326=ORIENTED_EDGE('',*,*,#5314,.T.);
#5327=ORIENTED_EDGE('',*,*,#5037,.T.);
#5328=EDGE_LOOP('',(#5324,#5325,#5326,#5327));
#5329=FACE_OUTER_BOUND('',#5328,.F.);
#5331=CARTESIAN_POINT('',(-4.285E0,0.E0,0.E0));
#5332=DIRECTION('',(1.E0,0.E0,0.E0));
#5333=DIRECTION('',(0.E0,-1.E0,0.E0));
#5334=AXIS2_PLACEMENT_3D('',#5331,#5332,#5333);
#5335=PLANE('',#5334);
#5336=ORIENTED_EDGE('',*,*,#3951,.F.);
#5338=ORIENTED_EDGE('',*,*,#5337,.F.);
#5340=ORIENTED_EDGE('',*,*,#5339,.F.);
#5342=ORIENTED_EDGE('',*,*,#5341,.F.);
#5344=ORIENTED_EDGE('',*,*,#5343,.F.);
#5346=ORIENTED_EDGE('',*,*,#5345,.F.);
#5348=ORIENTED_EDGE('',*,*,#5347,.F.);
#5350=ORIENTED_EDGE('',*,*,#5349,.F.);
#5352=ORIENTED_EDGE('',*,*,#5351,.F.);
#5354=ORIENTED_EDGE('',*,*,#5353,.F.);
#5355=ORIENTED_EDGE('',*,*,#4338,.F.);
#5356=EDGE_LOOP('',(#5336,#5338,#5340,#5342,#5344,#5346,#5348,#5350,#5352,#5354,
#5355));
#5357=FACE_OUTER_BOUND('',#5356,.F.);
#5359=CARTESIAN_POINT('',(-4.285E0,0.E0,0.E0));
#5360=DIRECTION('',(1.E0,0.E0,0.E0));
#5361=DIRECTION('',(0.E0,-1.E0,0.E0));
#5362=AXIS2_PLACEMENT_3D('',#5359,#5360,#5361);
#5363=PLANE('',#5362);
#5364=ORIENTED_EDGE('',*,*,#3695,.F.);
#5366=ORIENTED_EDGE('',*,*,#5365,.F.);
#5368=ORIENTED_EDGE('',*,*,#5367,.F.);
#5370=ORIENTED_EDGE('',*,*,#5369,.F.);
#5372=ORIENTED_EDGE('',*,*,#5371,.F.);
#5374=ORIENTED_EDGE('',*,*,#5373,.F.);
#5376=ORIENTED_EDGE('',*,*,#5375,.F.);
#5378=ORIENTED_EDGE('',*,*,#5377,.F.);
#5380=ORIENTED_EDGE('',*,*,#5379,.F.);
#5381=EDGE_LOOP('',(#5364,#5366,#5368,#5370,#5372,#5374,#5376,#5378,#5380));
#5382=FACE_OUTER_BOUND('',#5381,.F.);
#5384=CARTESIAN_POINT('',(-4.715E0,-6.8E-1,-5.55E0));
#5385=DIRECTION('',(1.E0,0.E0,0.E0));
#5386=DIRECTION('',(0.E0,-1.E0,0.E0));
#5387=AXIS2_PLACEMENT_3D('',#5384,#5385,#5386);
#5388=CYLINDRICAL_SURFACE('',#5387,3.E-1);
#5389=ORIENTED_EDGE('',*,*,#3949,.F.);
#5390=ORIENTED_EDGE('',*,*,#3898,.F.);
#5392=ORIENTED_EDGE('',*,*,#5391,.T.);
#5393=ORIENTED_EDGE('',*,*,#5337,.T.);
#5394=EDGE_LOOP('',(#5389,#5390,#5392,#5393));
#5395=FACE_OUTER_BOUND('',#5394,.F.);
#5397=CARTESIAN_POINT('',(-4.715E0,-9.593667747382E-1,-5.428053528394E0));
#5398=DIRECTION('',(0.E0,8.311106673549E-1,-5.561070567875E-1));
#5399=DIRECTION('',(0.E0,5.561070567875E-1,8.311106673549E-1));
#5400=AXIS2_PLACEMENT_3D('',#5397,#5398,#5399);
#5401=PLANE('',#5400);
#5402=ORIENTED_EDGE('',*,*,#3896,.F.);
#5404=ORIENTED_EDGE('',*,*,#5403,.T.);
#5405=ORIENTED_EDGE('',*,*,#5339,.T.);
#5406=ORIENTED_EDGE('',*,*,#5391,.F.);
#5407=EDGE_LOOP('',(#5402,#5404,#5405,#5406));
#5408=FACE_OUTER_BOUND('',#5407,.F.);
#5410=CARTESIAN_POINT('',(-4.715E0,-1.374922108416E0,-5.15E0));
#5411=DIRECTION('',(1.E0,0.E0,0.E0));
#5412=DIRECTION('',(0.E0,-1.E0,0.E0));
#5413=AXIS2_PLACEMENT_3D('',#5410,#5411,#5412);
#5414=CYLINDRICAL_SURFACE('',#5413,5.E-1);
#5415=ORIENTED_EDGE('',*,*,#3894,.F.);
#5417=ORIENTED_EDGE('',*,*,#5416,.T.);
#5418=ORIENTED_EDGE('',*,*,#5341,.T.);
#5419=ORIENTED_EDGE('',*,*,#5403,.F.);
#5420=EDGE_LOOP('',(#5415,#5417,#5418,#5419));
#5421=FACE_OUTER_BOUND('',#5420,.F.);
#5423=CARTESIAN_POINT('',(-4.715E0,-2.2E0,-5.65E0));
#5424=DIRECTION('',(0.E0,0.E0,-1.E0));
#5425=DIRECTION('',(0.E0,1.E0,0.E0));
#5426=AXIS2_PLACEMENT_3D('',#5423,#5424,#5425);
#5427=PLANE('',#5426);
#5428=ORIENTED_EDGE('',*,*,#3892,.F.);
#5430=ORIENTED_EDGE('',*,*,#5429,.T.);
#5431=ORIENTED_EDGE('',*,*,#5343,.T.);
#5432=ORIENTED_EDGE('',*,*,#5416,.F.);
#5433=EDGE_LOOP('',(#5428,#5430,#5431,#5432));
#5434=FACE_OUTER_BOUND('',#5433,.F.);
#5436=CARTESIAN_POINT('',(-4.715E0,-2.2E0,-5.45E0));
#5437=DIRECTION('',(0.E0,-1.E0,0.E0));
#5438=DIRECTION('',(0.E0,0.E0,-1.E0));
#5439=AXIS2_PLACEMENT_3D('',#5436,#5437,#5438);
#5440=PLANE('',#5439);
#5441=ORIENTED_EDGE('',*,*,#3890,.F.);
#5443=ORIENTED_EDGE('',*,*,#5442,.T.);
#5444=ORIENTED_EDGE('',*,*,#5345,.T.);
#5445=ORIENTED_EDGE('',*,*,#5429,.F.);
#5446=EDGE_LOOP('',(#5441,#5443,#5444,#5445));
#5447=FACE_OUTER_BOUND('',#5446,.F.);
#5449=CARTESIAN_POINT('',(-4.715E0,-1.374922108416E0,-5.45E0));
#5450=DIRECTION('',(0.E0,0.E0,1.E0));
#5451=DIRECTION('',(0.E0,-1.E0,0.E0));
#5452=AXIS2_PLACEMENT_3D('',#5449,#5450,#5451);
#5453=PLANE('',#5452);
#5454=ORIENTED_EDGE('',*,*,#3888,.F.);
#5456=ORIENTED_EDGE('',*,*,#5455,.T.);
#5457=ORIENTED_EDGE('',*,*,#5347,.T.);
#5458=ORIENTED_EDGE('',*,*,#5442,.F.);
#5459=EDGE_LOOP('',(#5454,#5456,#5457,#5458));
#5460=FACE_OUTER_BOUND('',#5459,.F.);
#5462=CARTESIAN_POINT('',(-4.715E0,-1.374922108416E0,-5.15E0));
#5463=DIRECTION('',(1.E0,0.E0,0.E0));
#5464=DIRECTION('',(0.E0,-1.E0,0.E0));
#5465=AXIS2_PLACEMENT_3D('',#5462,#5463,#5464);
#5466=CYLINDRICAL_SURFACE('',#5465,3.E-1);
#5467=ORIENTED_EDGE('',*,*,#3886,.F.);
#5469=ORIENTED_EDGE('',*,*,#5468,.T.);
#5470=ORIENTED_EDGE('',*,*,#5349,.T.);
#5471=ORIENTED_EDGE('',*,*,#5455,.F.);
#5472=EDGE_LOOP('',(#5467,#5469,#5470,#5471));
#5473=FACE_OUTER_BOUND('',#5472,.F.);
#5475=CARTESIAN_POINT('',(-4.715E0,-1.095555333677E0,-5.271946471606E0));
#5476=DIRECTION('',(0.E0,-8.311106673549E-1,5.561070567875E-1));
#5477=DIRECTION('',(0.E0,-5.561070567875E-1,-8.311106673549E-1));
#5478=AXIS2_PLACEMENT_3D('',#5475,#5476,#5477);
#5479=PLANE('',#5478);
#5480=ORIENTED_EDGE('',*,*,#3884,.F.);
#5482=ORIENTED_EDGE('',*,*,#5481,.T.);
#5483=ORIENTED_EDGE('',*,*,#5351,.T.);
#5484=ORIENTED_EDGE('',*,*,#5468,.F.);
#5485=EDGE_LOOP('',(#5480,#5482,#5483,#5484));
#5486=FACE_OUTER_BOUND('',#5485,.F.);
#5488=CARTESIAN_POINT('',(-4.715E0,-6.8E-1,-5.55E0));
#5489=DIRECTION('',(1.E0,0.E0,0.E0));
#5490=DIRECTION('',(0.E0,-1.E0,0.E0));
#5491=AXIS2_PLACEMENT_3D('',#5488,#5489,#5490);
#5492=CYLINDRICAL_SURFACE('',#5491,5.E-1);
#5493=ORIENTED_EDGE('',*,*,#4340,.T.);
#5494=ORIENTED_EDGE('',*,*,#5353,.T.);
#5495=ORIENTED_EDGE('',*,*,#5481,.F.);
#5496=ORIENTED_EDGE('',*,*,#3882,.F.);
#5497=EDGE_LOOP('',(#5493,#5494,#5495,#5496));
#5498=FACE_OUTER_BOUND('',#5497,.F.);
#5500=CARTESIAN_POINT('',(-4.715E0,-3.398392801186E-1,-2.099996660730E0));
#5501=DIRECTION('',(0.E0,8.311070761549E-1,-5.561124238544E-1));
#5502=DIRECTION('',(0.E0,5.561124238544E-1,8.311070761549E-1));
#5503=AXIS2_PLACEMENT_3D('',#5500,#5501,#5502);
#5504=PLANE('',#5503);
#5505=ORIENTED_EDGE('',*,*,#3693,.F.);
#5506=ORIENTED_EDGE('',*,*,#3923,.F.);
#5508=ORIENTED_EDGE('',*,*,#5507,.T.);
#5509=ORIENTED_EDGE('',*,*,#5365,.T.);
#5510=EDGE_LOOP('',(#5505,#5506,#5508,#5509));
#5511=FACE_OUTER_BOUND('',#5510,.F.);
#5513=CARTESIAN_POINT('',(-4.715E0,-2.5378E-1,-2.228611799697E0));
#5514=DIRECTION('',(0.E0,8.311070761549E-1,5.561124238544E-1));
#5515=DIRECTION('',(0.E0,-5.561124238544E-1,8.311070761549E-1));
#5516=AXIS2_PLACEMENT_3D('',#5513,#5514,#5515);
#5517=PLANE('',#5516);
#5518=ORIENTED_EDGE('',*,*,#3921,.F.);
#5520=ORIENTED_EDGE('',*,*,#5519,.T.);
#5521=ORIENTED_EDGE('',*,*,#5367,.T.);
#5522=ORIENTED_EDGE('',*,*,#5507,.F.);
#5523=EDGE_LOOP('',(#5518,#5520,#5521,#5522));
#5524=FACE_OUTER_BOUND('',#5523,.F.);
#5526=CARTESIAN_POINT('',(-4.715E0,-4.200014152310E-1,-2.339834284468E0));
#5527=DIRECTION('',(0.E0,5.561124238544E-1,-8.311070761549E-1));
#5528=DIRECTION('',(0.E0,8.311070761549E-1,5.561124238544E-1));
#5529=AXIS2_PLACEMENT_3D('',#5526,#5527,#5528);
#5530=PLANE('',#5529);
#5531=ORIENTED_EDGE('',*,*,#3919,.F.);
#5533=ORIENTED_EDGE('',*,*,#5532,.T.);
#5534=ORIENTED_EDGE('',*,*,#5369,.T.);
#5535=ORIENTED_EDGE('',*,*,#5519,.F.);
#5536=EDGE_LOOP('',(#5531,#5533,#5534,#5535));
#5537=FACE_OUTER_BOUND('',#5536,.F.);
#5539=CARTESIAN_POINT('',(-4.715E0,-5.246660614232E-1,-2.183413524308E0));
#5540=DIRECTION('',(0.E0,-8.311070761549E-1,-5.561124238544E-1));
#5541=DIRECTION('',(0.E0,5.561124238544E-1,-8.311070761549E-1));
#5542=AXIS2_PLACEMENT_3D('',#5539,#5540,#5541);
#5543=PLANE('',#5542);
#5544=ORIENTED_EDGE('',*,*,#3917,.F.);
#5546=ORIENTED_EDGE('',*,*,#5545,.T.);
#5547=ORIENTED_EDGE('',*,*,#5371,.T.);
#5548=ORIENTED_EDGE('',*,*,#5532,.F.);
#5549=EDGE_LOOP('',(#5544,#5546,#5547,#5548));
#5550=FACE_OUTER_BOUND('',#5549,.F.);
#5552=CARTESIAN_POINT('',(-4.715E0,-4.E-1,-2.099996660730E0));
#5553=DIRECTION('',(1.E0,0.E0,0.E0));
#5554=DIRECTION('',(0.E0,-1.E0,0.E0));
#5555=AXIS2_PLACEMENT_3D('',#5552,#5553,#5554);
#5556=CYLINDRICAL_SURFACE('',#5555,1.5E-1);
#5557=ORIENTED_EDGE('',*,*,#3915,.F.);
#5559=ORIENTED_EDGE('',*,*,#5558,.T.);
#5560=ORIENTED_EDGE('',*,*,#5373,.T.);
#5561=ORIENTED_EDGE('',*,*,#5545,.F.);
#5562=EDGE_LOOP('',(#5557,#5559,#5560,#5561));
#5563=FACE_OUTER_BOUND('',#5562,.F.);
#5565=CARTESIAN_POINT('',(-4.715E0,-3.449886031937E-1,-1.748052786147E0));
#5566=DIRECTION('',(0.E0,-8.311070761549E-1,5.561124238544E-1));
#5567=DIRECTION('',(0.E0,-5.561124238544E-1,-8.311070761549E-1));
#5568=AXIS2_PLACEMENT_3D('',#5565,#5566,#5567);
#5569=PLANE('',#5568);
#5570=ORIENTED_EDGE('',*,*,#3913,.F.);
#5572=ORIENTED_EDGE('',*,*,#5571,.T.);
#5573=ORIENTED_EDGE('',*,*,#5375,.T.);
#5574=ORIENTED_EDGE('',*,*,#5558,.F.);
#5575=EDGE_LOOP('',(#5570,#5572,#5573,#5574));
#5576=FACE_OUTER_BOUND('',#5575,.F.);
#5578=CARTESIAN_POINT('',(-4.715E0,-7.605421412711E-1,-1.469996574220E0));
#5579=DIRECTION('',(1.E0,0.E0,0.E0));
#5580=DIRECTION('',(0.E0,-1.E0,0.E0));
#5581=AXIS2_PLACEMENT_3D('',#5578,#5579,#5580);
#5582=CYLINDRICAL_SURFACE('',#5581,5.E-1);
#5583=ORIENTED_EDGE('',*,*,#3911,.F.);
#5585=ORIENTED_EDGE('',*,*,#5584,.T.);
#5586=ORIENTED_EDGE('',*,*,#5377,.T.);
#5587=ORIENTED_EDGE('',*,*,#5571,.F.);
#5588=EDGE_LOOP('',(#5583,#5585,#5586,#5587));
#5589=FACE_OUTER_BOUND('',#5588,.F.);
#5591=CARTESIAN_POINT('',(-4.715E0,-1.8E-1,-1.103787701987E0));
#5592=DIRECTION('',(0.E0,-9.816271834477E-1,1.908089953765E-1));
#5593=DIRECTION('',(0.E0,-1.908089953765E-1,-9.816271834477E-1));
#5594=AXIS2_PLACEMENT_3D('',#5591,#5592,#5593);
#5595=PLANE('',#5594);
#5596=ORIENTED_EDGE('',*,*,#3697,.T.);
#5597=ORIENTED_EDGE('',*,*,#5379,.T.);
#5598=ORIENTED_EDGE('',*,*,#5584,.F.);
#5599=ORIENTED_EDGE('',*,*,#3909,.F.);
#5600=EDGE_LOOP('',(#5596,#5597,#5598,#5599));
#5601=FACE_OUTER_BOUND('',#5600,.F.);
#5603=CARTESIAN_POINT('',(-5.E0,-1.5E0,-5.1E0));
#5604=DIRECTION('',(-1.E0,0.E0,0.E0));
#5605=DIRECTION('',(0.E0,0.E0,-1.E0));
#5606=AXIS2_PLACEMENT_3D('',#5603,#5604,#5605);
#5607=PLANE('',#5606);
#5609=ORIENTED_EDGE('',*,*,#5608,.T.);
#5610=ORIENTED_EDGE('',*,*,#4344,.T.);
#5611=ORIENTED_EDGE('',*,*,#3944,.T.);
#5612=ORIENTED_EDGE('',*,*,#3396,.F.);
#5613=EDGE_LOOP('',(#5609,#5610,#5611,#5612));
#5614=FACE_OUTER_BOUND('',#5613,.F.);
#5616=CARTESIAN_POINT('',(-6.E0,-1.5E0,-1.35E0));
#5617=DIRECTION('',(0.E0,-1.E0,0.E0));
#5618=DIRECTION('',(0.E0,0.E0,-1.E0));
#5619=AXIS2_PLACEMENT_3D('',#5616,#5617,#5618);
#5620=PLANE('',#5619);
#5622=ORIENTED_EDGE('',*,*,#5621,.T.);
#5623=ORIENTED_EDGE('',*,*,#4346,.T.);
#5624=ORIENTED_EDGE('',*,*,#5608,.F.);
#5625=ORIENTED_EDGE('',*,*,#3394,.F.);
#5626=ORIENTED_EDGE('',*,*,#3329,.F.);
#5628=ORIENTED_EDGE('',*,*,#5627,.T.);
#5629=ORIENTED_EDGE('',*,*,#3612,.T.);
#5630=ORIENTED_EDGE('',*,*,#3402,.F.);
#5631=EDGE_LOOP('',(#5622,#5623,#5624,#5625,#5626,#5628,#5629,#5630));
#5632=FACE_OUTER_BOUND('',#5631,.F.);
#5634=CARTESIAN_POINT('',(5.E0,-1.5E0,-5.6E0));
#5635=DIRECTION('',(1.E0,0.E0,0.E0));
#5636=DIRECTION('',(0.E0,0.E0,1.E0));
#5637=AXIS2_PLACEMENT_3D('',#5634,#5635,#5636);
#5638=PLANE('',#5637);
#5639=ORIENTED_EDGE('',*,*,#5621,.F.);
#5640=ORIENTED_EDGE('',*,*,#3400,.T.);
#5641=ORIENTED_EDGE('',*,*,#3941,.T.);
#5642=ORIENTED_EDGE('',*,*,#4348,.F.);
#5643=EDGE_LOOP('',(#5639,#5640,#5641,#5642));
#5644=FACE_OUTER_BOUND('',#5643,.F.);
#5646=CARTESIAN_POINT('',(-6.E0,-1.1E0,-1.35E0));
#5647=DIRECTION('',(0.E0,0.E0,1.E0));
#5648=DIRECTION('',(0.E0,-1.E0,0.E0));
#5649=AXIS2_PLACEMENT_3D('',#5646,#5647,#5648);
#5650=PLANE('',#5649);
#5651=ORIENTED_EDGE('',*,*,#3327,.F.);
#5653=ORIENTED_EDGE('',*,*,#5652,.T.);
#5654=ORIENTED_EDGE('',*,*,#3614,.T.);
#5655=ORIENTED_EDGE('',*,*,#5627,.F.);
#5656=EDGE_LOOP('',(#5651,#5653,#5654,#5655));
#5657=FACE_OUTER_BOUND('',#5656,.F.);
#5659=CARTESIAN_POINT('',(-6.E0,-1.1E0,0.E0));
#5660=DIRECTION('',(0.E0,-1.E0,0.E0));
#5661=DIRECTION('',(0.E0,0.E0,-1.E0));
#5662=AXIS2_PLACEMENT_3D('',#5659,#5660,#5661);
#5663=PLANE('',#5662);
#5664=ORIENTED_EDGE('',*,*,#3325,.F.);
#5665=ORIENTED_EDGE('',*,*,#3629,.T.);
#5666=ORIENTED_EDGE('',*,*,#3616,.T.);
#5667=ORIENTED_EDGE('',*,*,#5652,.F.);
#5668=EDGE_LOOP('',(#5664,#5665,#5666,#5667));
#5669=FACE_OUTER_BOUND('',#5668,.F.);
#5671=CARTESIAN_POINT('',(-3.715E0,0.E0,0.E0));
#5672=DIRECTION('',(1.E0,0.E0,0.E0));
#5673=DIRECTION('',(0.E0,0.E0,-1.E0));
#5674=AXIS2_PLACEMENT_3D('',#5671,#5672,#5673);
#5675=PLANE('',#5674);
#5676=ORIENTED_EDGE('',*,*,#3388,.T.);
#5678=ORIENTED_EDGE('',*,*,#5677,.T.);
#5680=ORIENTED_EDGE('',*,*,#5679,.T.);
#5682=ORIENTED_EDGE('',*,*,#5681,.T.);
#5684=ORIENTED_EDGE('',*,*,#5683,.T.);
#5685=ORIENTED_EDGE('',*,*,#3534,.F.);
#5686=EDGE_LOOP('',(#5676,#5678,#5680,#5682,#5684,#5685));
#5687=FACE_OUTER_BOUND('',#5686,.F.);
#5689=CARTESIAN_POINT('',(-3.715E0,0.E0,0.E0));
#5690=DIRECTION('',(1.E0,0.E0,0.E0));
#5691=DIRECTION('',(0.E0,0.E0,-1.E0));
#5692=AXIS2_PLACEMENT_3D('',#5689,#5690,#5691);
#5693=PLANE('',#5692);
#5694=ORIENTED_EDGE('',*,*,#3741,.T.);
#5696=ORIENTED_EDGE('',*,*,#5695,.T.);
#5698=ORIENTED_EDGE('',*,*,#5697,.T.);
#5700=ORIENTED_EDGE('',*,*,#5699,.T.);
#5702=ORIENTED_EDGE('',*,*,#5701,.T.);
#5704=ORIENTED_EDGE('',*,*,#5703,.T.);
#5706=ORIENTED_EDGE('',*,*,#5705,.T.);
#5708=ORIENTED_EDGE('',*,*,#5707,.T.);
#5710=ORIENTED_EDGE('',*,*,#5709,.T.);
#5711=EDGE_LOOP('',(#5694,#5696,#5698,#5700,#5702,#5704,#5706,#5708,#5710));
#5712=FACE_OUTER_BOUND('',#5711,.F.);
#5714=CARTESIAN_POINT('',(-3.715E0,1.3E0,-5.25E0));
#5715=DIRECTION('',(1.E0,0.E0,0.E0));
#5716=DIRECTION('',(0.E0,0.E0,-1.E0));
#5717=AXIS2_PLACEMENT_3D('',#5714,#5715,#5716);
#5718=CYLINDRICAL_SURFACE('',#5717,4.E-1);
#5719=ORIENTED_EDGE('',*,*,#3386,.T.);
#5721=ORIENTED_EDGE('',*,*,#5720,.T.);
#5723=ORIENTED_EDGE('',*,*,#5722,.F.);
#5724=ORIENTED_EDGE('',*,*,#5677,.F.);
#5725=EDGE_LOOP('',(#5719,#5721,#5723,#5724));
#5726=FACE_OUTER_BOUND('',#5725,.F.);
#5728=CARTESIAN_POINT('',(-3.285E0,0.E0,0.E0));
#5729=DIRECTION('',(1.E0,0.E0,0.E0));
#5730=DIRECTION('',(0.E0,0.E0,-1.E0));
#5731=AXIS2_PLACEMENT_3D('',#5728,#5729,#5730);
#5732=PLANE('',#5731);
#5733=ORIENTED_EDGE('',*,*,#3384,.F.);
#5734=ORIENTED_EDGE('',*,*,#3538,.T.);
#5736=ORIENTED_EDGE('',*,*,#5735,.F.);
#5738=ORIENTED_EDGE('',*,*,#5737,.F.);
#5740=ORIENTED_EDGE('',*,*,#5739,.F.);
#5741=ORIENTED_EDGE('',*,*,#5720,.F.);
#5742=EDGE_LOOP('',(#5733,#5734,#5736,#5738,#5740,#5741));
#5743=FACE_OUTER_BOUND('',#5742,.F.);
#5745=CARTESIAN_POINT('',(-3.285E0,0.E0,0.E0));
#5746=DIRECTION('',(1.E0,0.E0,0.E0));
#5747=DIRECTION('',(0.E0,0.E0,-1.E0));
#5748=AXIS2_PLACEMENT_3D('',#5745,#5746,#5747);
#5749=PLANE('',#5748);
#5750=ORIENTED_EDGE('',*,*,#3745,.F.);
#5752=ORIENTED_EDGE('',*,*,#5751,.F.);
#5754=ORIENTED_EDGE('',*,*,#5753,.F.);
#5756=ORIENTED_EDGE('',*,*,#5755,.F.);
#5758=ORIENTED_EDGE('',*,*,#5757,.F.);
#5760=ORIENTED_EDGE('',*,*,#5759,.F.);
#5762=ORIENTED_EDGE('',*,*,#5761,.F.);
#5764=ORIENTED_EDGE('',*,*,#5763,.F.);
#5766=ORIENTED_EDGE('',*,*,#5765,.F.);
#5767=EDGE_LOOP('',(#5750,#5752,#5754,#5756,#5758,#5760,#5762,#5764,#5766));
#5768=FACE_OUTER_BOUND('',#5767,.F.);
#5770=CARTESIAN_POINT('',(-3.715E0,2.2E0,-5.45E0));
#5771=DIRECTION('',(0.E0,0.E0,1.E0));
#5772=DIRECTION('',(0.E0,-1.E0,0.E0));
#5773=AXIS2_PLACEMENT_3D('',#5770,#5771,#5772);
#5774=PLANE('',#5773);
#5775=ORIENTED_EDGE('',*,*,#3536,.T.);
#5776=ORIENTED_EDGE('',*,*,#5683,.F.);
#5778=ORIENTED_EDGE('',*,*,#5777,.T.);
#5779=ORIENTED_EDGE('',*,*,#5735,.T.);
#5780=EDGE_LOOP('',(#5775,#5776,#5778,#5779));
#5781=FACE_OUTER_BOUND('',#5780,.F.);
#5783=CARTESIAN_POINT('',(-3.715E0,2.2E0,-5.65E0));
#5784=DIRECTION('',(0.E0,1.E0,0.E0));
#5785=DIRECTION('',(0.E0,0.E0,1.E0));
#5786=AXIS2_PLACEMENT_3D('',#5783,#5784,#5785);
#5787=PLANE('',#5786);
#5788=ORIENTED_EDGE('',*,*,#5681,.F.);
#5790=ORIENTED_EDGE('',*,*,#5789,.T.);
#5791=ORIENTED_EDGE('',*,*,#5737,.T.);
#5792=ORIENTED_EDGE('',*,*,#5777,.F.);
#5793=EDGE_LOOP('',(#5788,#5790,#5791,#5792));
#5794=FACE_OUTER_BOUND('',#5793,.F.);
#5796=CARTESIAN_POINT('',(-3.715E0,1.3E0,-5.65E0));
#5797=DIRECTION('',(0.E0,0.E0,-1.E0));
#5798=DIRECTION('',(0.E0,1.E0,0.E0));
#5799=AXIS2_PLACEMENT_3D('',#5796,#5797,#5798);
#5800=PLANE('',#5799);
#5801=ORIENTED_EDGE('',*,*,#5679,.F.);
#5802=ORIENTED_EDGE('',*,*,#5722,.T.);
#5803=ORIENTED_EDGE('',*,*,#5739,.T.);
#5804=ORIENTED_EDGE('',*,*,#5789,.F.);
#5805=EDGE_LOOP('',(#5801,#5802,#5803,#5804));
#5806=FACE_OUTER_BOUND('',#5805,.F.);
#5808=CARTESIAN_POINT('',(-3.715E0,-3.398392788629E-1,-2.1E0));
#5809=DIRECTION('',(0.E0,8.311070588073E-1,-5.561124497804E-1));
#5810=DIRECTION('',(0.E0,5.561124497804E-1,8.311070588073E-1));
#5811=AXIS2_PLACEMENT_3D('',#5808,#5809,#5810);
#5812=PLANE('',#5811);
#5813=ORIENTED_EDGE('',*,*,#3743,.F.);
#5814=ORIENTED_EDGE('',*,*,#5709,.F.);
#5816=ORIENTED_EDGE('',*,*,#5815,.T.);
#5817=ORIENTED_EDGE('',*,*,#5751,.T.);
#5818=EDGE_LOOP('',(#5813,#5814,#5816,#5817));
#5819=FACE_OUTER_BOUND('',#5818,.F.);
#5821=CARTESIAN_POINT('',(-3.715E0,-2.537785882385E-1,-2.228617238280E0));
#5822=DIRECTION('',(0.E0,8.311070588075E-1,5.561124497801E-1));
#5823=DIRECTION('',(0.E0,-5.561124497801E-1,8.311070588075E-1));
#5824=AXIS2_PLACEMENT_3D('',#5821,#5822,#5823);
#5825=PLANE('',#5824);
#5826=ORIENTED_EDGE('',*,*,#5707,.F.);
#5828=ORIENTED_EDGE('',*,*,#5827,.T.);
#5829=ORIENTED_EDGE('',*,*,#5753,.T.);
#5830=ORIENTED_EDGE('',*,*,#5815,.F.);
#5831=EDGE_LOOP('',(#5826,#5828,#5829,#5830));
#5832=FACE_OUTER_BOUND('',#5831,.F.);
#5834=CARTESIAN_POINT('',(-3.715E0,-4.2E-1,-2.339839728236E0));
#5835=DIRECTION('',(0.E0,5.561124497801E-1,-8.311070588075E-1));
#5836=DIRECTION('',(0.E0,8.311070588075E-1,5.561124497801E-1));
#5837=AXIS2_PLACEMENT_3D('',#5834,#5835,#5836);
#5838=PLANE('',#5837);
#5839=ORIENTED_EDGE('',*,*,#5705,.F.);
#5841=ORIENTED_EDGE('',*,*,#5840,.T.);
#5842=ORIENTED_EDGE('',*,*,#5755,.T.);
#5843=ORIENTED_EDGE('',*,*,#5827,.F.);
#5844=EDGE_LOOP('',(#5839,#5841,#5842,#5843));
#5845=FACE_OUTER_BOUND('',#5844,.F.);
#5847=CARTESIAN_POINT('',(-3.715E0,-5.246660588211E-1,-2.183416867467E0));
#5848=DIRECTION('',(0.E0,-8.311070588075E-1,-5.561124497801E-1));
#5849=DIRECTION('',(0.E0,5.561124497801E-1,-8.311070588075E-1));
#5850=AXIS2_PLACEMENT_3D('',#5847,#5848,#5849);
#5851=PLANE('',#5850);
#5852=ORIENTED_EDGE('',*,*,#5703,.F.);
#5854=ORIENTED_EDGE('',*,*,#5853,.T.);
#5855=ORIENTED_EDGE('',*,*,#5757,.T.);
#5856=ORIENTED_EDGE('',*,*,#5840,.F.);
#5857=EDGE_LOOP('',(#5852,#5854,#5855,#5856));
#5858=FACE_OUTER_BOUND('',#5857,.F.);
#5860=CARTESIAN_POINT('',(-3.715E0,-4.E-1,-2.1E0));
#5861=DIRECTION('',(1.E0,0.E0,0.E0));
#5862=DIRECTION('',(0.E0,0.E0,-1.E0));
#5863=AXIS2_PLACEMENT_3D('',#5860,#5861,#5862);
#5864=CYLINDRICAL_SURFACE('',#5863,1.5E-1);
#5865=ORIENTED_EDGE('',*,*,#5701,.F.);
#5867=ORIENTED_EDGE('',*,*,#5866,.T.);
#5868=ORIENTED_EDGE('',*,*,#5759,.T.);
#5869=ORIENTED_EDGE('',*,*,#5853,.F.);
#5870=EDGE_LOOP('',(#5865,#5867,#5868,#5869));
#5871=FACE_OUTER_BOUND('',#5870,.F.);
#5873=CARTESIAN_POINT('',(-3.715E0,-3.449886576263E-1,-1.748056224890E0));
#5874=DIRECTION('',(0.E0,-8.311070588073E-1,5.561124497804E-1));
#5875=DIRECTION('',(0.E0,-5.561124497804E-1,-8.311070588073E-1));
#5876=AXIS2_PLACEMENT_3D('',#5873,#5874,#5875);
#5877=PLANE('',#5876);
#5878=ORIENTED_EDGE('',*,*,#5699,.F.);
#5880=ORIENTED_EDGE('',*,*,#5879,.T.);
#5881=ORIENTED_EDGE('',*,*,#5761,.T.);
#5882=ORIENTED_EDGE('',*,*,#5866,.F.);
#5883=EDGE_LOOP('',(#5878,#5880,#5881,#5882));
#5884=FACE_OUTER_BOUND('',#5883,.F.);
#5886=CARTESIAN_POINT('',(-3.715E0,-7.605421870299E-1,-1.47E0));
#5887=DIRECTION('',(1.E0,0.E0,0.E0));
#5888=DIRECTION('',(0.E0,0.E0,-1.E0));
#5889=AXIS2_PLACEMENT_3D('',#5886,#5887,#5888);
#5890=CYLINDRICAL_SURFACE('',#5889,5.E-1);
#5891=ORIENTED_EDGE('',*,*,#5697,.F.);
#5893=ORIENTED_EDGE('',*,*,#5892,.T.);
#5894=ORIENTED_EDGE('',*,*,#5763,.T.);
#5895=ORIENTED_EDGE('',*,*,#5879,.F.);
#5896=EDGE_LOOP('',(#5891,#5893,#5894,#5895));
#5897=FACE_OUTER_BOUND('',#5896,.F.);
#5899=CARTESIAN_POINT('',(-3.715E0,-1.8E-1,-1.103790892359E0));
#5900=DIRECTION('',(0.E0,-9.816271834477E-1,1.908089953765E-1));
#5901=DIRECTION('',(0.E0,-1.908089953765E-1,-9.816271834477E-1));
#5902=AXIS2_PLACEMENT_3D('',#5899,#5900,#5901);
#5903=PLANE('',#5902);
#5904=ORIENTED_EDGE('',*,*,#3747,.T.);
#5905=ORIENTED_EDGE('',*,*,#5765,.T.);
#5906=ORIENTED_EDGE('',*,*,#5892,.F.);
#5907=ORIENTED_EDGE('',*,*,#5695,.F.);
#5908=EDGE_LOOP('',(#5904,#5905,#5906,#5907));
#5909=FACE_OUTER_BOUND('',#5908,.F.);
#5911=CARTESIAN_POINT('',(-1.715E0,0.E0,0.E0));
#5912=DIRECTION('',(1.E0,0.E0,0.E0));
#5913=DIRECTION('',(0.E0,0.E0,-1.E0));
#5914=AXIS2_PLACEMENT_3D('',#5911,#5912,#5913);
#5915=PLANE('',#5914);
#5916=ORIENTED_EDGE('',*,*,#3380,.T.);
#5918=ORIENTED_EDGE('',*,*,#5917,.T.);
#5920=ORIENTED_EDGE('',*,*,#5919,.T.);
#5922=ORIENTED_EDGE('',*,*,#5921,.T.);
#5924=ORIENTED_EDGE('',*,*,#5923,.T.);
#5925=ORIENTED_EDGE('',*,*,#3541,.F.);
#5926=EDGE_LOOP('',(#5916,#5918,#5920,#5922,#5924,#5925));
#5927=FACE_OUTER_BOUND('',#5926,.F.);
#5929=CARTESIAN_POINT('',(-1.715E0,0.E0,0.E0));
#5930=DIRECTION('',(1.E0,0.E0,0.E0));
#5931=DIRECTION('',(0.E0,0.E0,-1.E0));
#5932=AXIS2_PLACEMENT_3D('',#5929,#5930,#5931);
#5933=PLANE('',#5932);
#5934=ORIENTED_EDGE('',*,*,#3751,.T.);
#5936=ORIENTED_EDGE('',*,*,#5935,.T.);
#5938=ORIENTED_EDGE('',*,*,#5937,.T.);
#5940=ORIENTED_EDGE('',*,*,#5939,.T.);
#5942=ORIENTED_EDGE('',*,*,#5941,.T.);
#5944=ORIENTED_EDGE('',*,*,#5943,.T.);
#5946=ORIENTED_EDGE('',*,*,#5945,.T.);
#5948=ORIENTED_EDGE('',*,*,#5947,.T.);
#5950=ORIENTED_EDGE('',*,*,#5949,.T.);
#5951=EDGE_LOOP('',(#5934,#5936,#5938,#5940,#5942,#5944,#5946,#5948,#5950));
#5952=FACE_OUTER_BOUND('',#5951,.F.);
#5954=CARTESIAN_POINT('',(-1.715E0,1.3E0,-5.25E0));
#5955=DIRECTION('',(1.E0,0.E0,0.E0));
#5956=DIRECTION('',(0.E0,0.E0,-1.E0));
#5957=AXIS2_PLACEMENT_3D('',#5954,#5955,#5956);
#5958=CYLINDRICAL_SURFACE('',#5957,4.E-1);
#5959=ORIENTED_EDGE('',*,*,#3378,.T.);
#5961=ORIENTED_EDGE('',*,*,#5960,.T.);
#5963=ORIENTED_EDGE('',*,*,#5962,.F.);
#5964=ORIENTED_EDGE('',*,*,#5917,.F.);
#5965=EDGE_LOOP('',(#5959,#5961,#5963,#5964));
#5966=FACE_OUTER_BOUND('',#5965,.F.);
#5968=CARTESIAN_POINT('',(-1.285E0,0.E0,0.E0));
#5969=DIRECTION('',(1.E0,0.E0,0.E0));
#5970=DIRECTION('',(0.E0,0.E0,-1.E0));
#5971=AXIS2_PLACEMENT_3D('',#5968,#5969,#5970);
#5972=PLANE('',#5971);
#5973=ORIENTED_EDGE('',*,*,#3376,.F.);
#5974=ORIENTED_EDGE('',*,*,#3545,.T.);
#5976=ORIENTED_EDGE('',*,*,#5975,.F.);
#5978=ORIENTED_EDGE('',*,*,#5977,.F.);
#5980=ORIENTED_EDGE('',*,*,#5979,.F.);
#5981=ORIENTED_EDGE('',*,*,#5960,.F.);
#5982=EDGE_LOOP('',(#5973,#5974,#5976,#5978,#5980,#5981));
#5983=FACE_OUTER_BOUND('',#5982,.F.);
#5985=CARTESIAN_POINT('',(-1.285E0,0.E0,0.E0));
#5986=DIRECTION('',(1.E0,0.E0,0.E0));
#5987=DIRECTION('',(0.E0,0.E0,-1.E0));
#5988=AXIS2_PLACEMENT_3D('',#5985,#5986,#5987);
#5989=PLANE('',#5988);
#5990=ORIENTED_EDGE('',*,*,#3755,.F.);
#5992=ORIENTED_EDGE('',*,*,#5991,.F.);
#5994=ORIENTED_EDGE('',*,*,#5993,.F.);
#5996=ORIENTED_EDGE('',*,*,#5995,.F.);
#5998=ORIENTED_EDGE('',*,*,#5997,.F.);
#6000=ORIENTED_EDGE('',*,*,#5999,.F.);
#6002=ORIENTED_EDGE('',*,*,#6001,.F.);
#6004=ORIENTED_EDGE('',*,*,#6003,.F.);
#6006=ORIENTED_EDGE('',*,*,#6005,.F.);
#6007=EDGE_LOOP('',(#5990,#5992,#5994,#5996,#5998,#6000,#6002,#6004,#6006));
#6008=FACE_OUTER_BOUND('',#6007,.F.);
#6010=CARTESIAN_POINT('',(-1.715E0,2.2E0,-5.45E0));
#6011=DIRECTION('',(0.E0,0.E0,1.E0));
#6012=DIRECTION('',(0.E0,-1.E0,0.E0));
#6013=AXIS2_PLACEMENT_3D('',#6010,#6011,#6012);
#6014=PLANE('',#6013);
#6015=ORIENTED_EDGE('',*,*,#3543,.F.);
#6016=ORIENTED_EDGE('',*,*,#5923,.F.);
#6018=ORIENTED_EDGE('',*,*,#6017,.T.);
#6019=ORIENTED_EDGE('',*,*,#5975,.T.);
#6020=EDGE_LOOP('',(#6015,#6016,#6018,#6019));
#6021=FACE_OUTER_BOUND('',#6020,.F.);
#6023=CARTESIAN_POINT('',(-1.715E0,2.2E0,-5.65E0));
#6024=DIRECTION('',(0.E0,1.E0,0.E0));
#6025=DIRECTION('',(0.E0,0.E0,1.E0));
#6026=AXIS2_PLACEMENT_3D('',#6023,#6024,#6025);
#6027=PLANE('',#6026);
#6028=ORIENTED_EDGE('',*,*,#5921,.F.);
#6030=ORIENTED_EDGE('',*,*,#6029,.T.);
#6031=ORIENTED_EDGE('',*,*,#5977,.T.);
#6032=ORIENTED_EDGE('',*,*,#6017,.F.);
#6033=EDGE_LOOP('',(#6028,#6030,#6031,#6032));
#6034=FACE_OUTER_BOUND('',#6033,.F.);
#6036=CARTESIAN_POINT('',(-1.715E0,1.3E0,-5.65E0));
#6037=DIRECTION('',(0.E0,0.E0,-1.E0));
#6038=DIRECTION('',(0.E0,1.E0,0.E0));
#6039=AXIS2_PLACEMENT_3D('',#6036,#6037,#6038);
#6040=PLANE('',#6039);
#6041=ORIENTED_EDGE('',*,*,#5919,.F.);
#6042=ORIENTED_EDGE('',*,*,#5962,.T.);
#6043=ORIENTED_EDGE('',*,*,#5979,.T.);
#6044=ORIENTED_EDGE('',*,*,#6029,.F.);
#6045=EDGE_LOOP('',(#6041,#6042,#6043,#6044));
#6046=FACE_OUTER_BOUND('',#6045,.F.);
#6048=CARTESIAN_POINT('',(-1.715E0,-3.398392788629E-1,-2.1E0));
#6049=DIRECTION('',(0.E0,8.311070588073E-1,-5.561124497804E-1));
#6050=DIRECTION('',(0.E0,5.561124497804E-1,8.311070588073E-1));
#6051=AXIS2_PLACEMENT_3D('',#6048,#6049,#6050);
#6052=PLANE('',#6051);
#6053=ORIENTED_EDGE('',*,*,#3753,.F.);
#6054=ORIENTED_EDGE('',*,*,#5949,.F.);
#6056=ORIENTED_EDGE('',*,*,#6055,.T.);
#6057=ORIENTED_EDGE('',*,*,#5991,.T.);
#6058=EDGE_LOOP('',(#6053,#6054,#6056,#6057));
#6059=FACE_OUTER_BOUND('',#6058,.F.);
#6061=CARTESIAN_POINT('',(-1.715E0,-2.537785882385E-1,-2.228617238280E0));
#6062=DIRECTION('',(0.E0,8.311070588075E-1,5.561124497801E-1));
#6063=DIRECTION('',(0.E0,-5.561124497801E-1,8.311070588075E-1));
#6064=AXIS2_PLACEMENT_3D('',#6061,#6062,#6063);
#6065=PLANE('',#6064);
#6066=ORIENTED_EDGE('',*,*,#5947,.F.);
#6068=ORIENTED_EDGE('',*,*,#6067,.T.);
#6069=ORIENTED_EDGE('',*,*,#5993,.T.);
#6070=ORIENTED_EDGE('',*,*,#6055,.F.);
#6071=EDGE_LOOP('',(#6066,#6068,#6069,#6070));
#6072=FACE_OUTER_BOUND('',#6071,.F.);
#6074=CARTESIAN_POINT('',(-1.715E0,-4.2E-1,-2.339839728236E0));
#6075=DIRECTION('',(0.E0,5.561124497801E-1,-8.311070588075E-1));
#6076=DIRECTION('',(0.E0,8.311070588075E-1,5.561124497801E-1));
#6077=AXIS2_PLACEMENT_3D('',#6074,#6075,#6076);
#6078=PLANE('',#6077);
#6079=ORIENTED_EDGE('',*,*,#5945,.F.);
#6081=ORIENTED_EDGE('',*,*,#6080,.T.);
#6082=ORIENTED_EDGE('',*,*,#5995,.T.);
#6083=ORIENTED_EDGE('',*,*,#6067,.F.);
#6084=EDGE_LOOP('',(#6079,#6081,#6082,#6083));
#6085=FACE_OUTER_BOUND('',#6084,.F.);
#6087=CARTESIAN_POINT('',(-1.715E0,-5.246660588211E-1,-2.183416867467E0));
#6088=DIRECTION('',(0.E0,-8.311070588075E-1,-5.561124497801E-1));
#6089=DIRECTION('',(0.E0,5.561124497801E-1,-8.311070588075E-1));
#6090=AXIS2_PLACEMENT_3D('',#6087,#6088,#6089);
#6091=PLANE('',#6090);
#6092=ORIENTED_EDGE('',*,*,#5943,.F.);
#6094=ORIENTED_EDGE('',*,*,#6093,.T.);
#6095=ORIENTED_EDGE('',*,*,#5997,.T.);
#6096=ORIENTED_EDGE('',*,*,#6080,.F.);
#6097=EDGE_LOOP('',(#6092,#6094,#6095,#6096));
#6098=FACE_OUTER_BOUND('',#6097,.F.);
#6100=CARTESIAN_POINT('',(-1.715E0,-4.E-1,-2.1E0));
#6101=DIRECTION('',(1.E0,0.E0,0.E0));
#6102=DIRECTION('',(0.E0,0.E0,-1.E0));
#6103=AXIS2_PLACEMENT_3D('',#6100,#6101,#6102);
#6104=CYLINDRICAL_SURFACE('',#6103,1.5E-1);
#6105=ORIENTED_EDGE('',*,*,#5941,.F.);
#6107=ORIENTED_EDGE('',*,*,#6106,.T.);
#6108=ORIENTED_EDGE('',*,*,#5999,.T.);
#6109=ORIENTED_EDGE('',*,*,#6093,.F.);
#6110=EDGE_LOOP('',(#6105,#6107,#6108,#6109));
#6111=FACE_OUTER_BOUND('',#6110,.F.);
#6113=CARTESIAN_POINT('',(-1.715E0,-3.449886576263E-1,-1.748056224890E0));
#6114=DIRECTION('',(0.E0,-8.311070588073E-1,5.561124497804E-1));
#6115=DIRECTION('',(0.E0,-5.561124497804E-1,-8.311070588073E-1));
#6116=AXIS2_PLACEMENT_3D('',#6113,#6114,#6115);
#6117=PLANE('',#6116);
#6118=ORIENTED_EDGE('',*,*,#5939,.F.);
#6120=ORIENTED_EDGE('',*,*,#6119,.T.);
#6121=ORIENTED_EDGE('',*,*,#6001,.T.);
#6122=ORIENTED_EDGE('',*,*,#6106,.F.);
#6123=EDGE_LOOP('',(#6118,#6120,#6121,#6122));
#6124=FACE_OUTER_BOUND('',#6123,.F.);
#6126=CARTESIAN_POINT('',(-1.715E0,-7.605421870299E-1,-1.47E0));
#6127=DIRECTION('',(1.E0,0.E0,0.E0));
#6128=DIRECTION('',(0.E0,0.E0,-1.E0));
#6129=AXIS2_PLACEMENT_3D('',#6126,#6127,#6128);
#6130=CYLINDRICAL_SURFACE('',#6129,5.E-1);
#6131=ORIENTED_EDGE('',*,*,#5937,.F.);
#6133=ORIENTED_EDGE('',*,*,#6132,.T.);
#6134=ORIENTED_EDGE('',*,*,#6003,.T.);
#6135=ORIENTED_EDGE('',*,*,#6119,.F.);
#6136=EDGE_LOOP('',(#6131,#6133,#6134,#6135));
#6137=FACE_OUTER_BOUND('',#6136,.F.);
#6139=CARTESIAN_POINT('',(-1.715E0,-1.8E-1,-1.103790892359E0));
#6140=DIRECTION('',(0.E0,-9.816271834477E-1,1.908089953765E-1));
#6141=DIRECTION('',(0.E0,-1.908089953765E-1,-9.816271834477E-1));
#6142=AXIS2_PLACEMENT_3D('',#6139,#6140,#6141);
#6143=PLANE('',#6142);
#6144=ORIENTED_EDGE('',*,*,#3757,.T.);
#6145=ORIENTED_EDGE('',*,*,#6005,.T.);
#6146=ORIENTED_EDGE('',*,*,#6132,.F.);
#6147=ORIENTED_EDGE('',*,*,#5935,.F.);
#6148=EDGE_LOOP('',(#6144,#6145,#6146,#6147));
#6149=FACE_OUTER_BOUND('',#6148,.F.);
#6151=CARTESIAN_POINT('',(2.85E-1,0.E0,0.E0));
#6152=DIRECTION('',(1.E0,0.E0,0.E0));
#6153=DIRECTION('',(0.E0,0.E0,-1.E0));
#6154=AXIS2_PLACEMENT_3D('',#6151,#6152,#6153);
#6155=PLANE('',#6154);
#6156=ORIENTED_EDGE('',*,*,#3372,.T.);
#6158=ORIENTED_EDGE('',*,*,#6157,.T.);
#6160=ORIENTED_EDGE('',*,*,#6159,.T.);
#6162=ORIENTED_EDGE('',*,*,#6161,.T.);
#6164=ORIENTED_EDGE('',*,*,#6163,.T.);
#6165=ORIENTED_EDGE('',*,*,#3548,.F.);
#6166=EDGE_LOOP('',(#6156,#6158,#6160,#6162,#6164,#6165));
#6167=FACE_OUTER_BOUND('',#6166,.F.);
#6169=CARTESIAN_POINT('',(2.85E-1,0.E0,0.E0));
#6170=DIRECTION('',(1.E0,0.E0,0.E0));
#6171=DIRECTION('',(0.E0,0.E0,-1.E0));
#6172=AXIS2_PLACEMENT_3D('',#6169,#6170,#6171);
#6173=PLANE('',#6172);
#6174=ORIENTED_EDGE('',*,*,#3761,.T.);
#6176=ORIENTED_EDGE('',*,*,#6175,.T.);
#6178=ORIENTED_EDGE('',*,*,#6177,.T.);
#6180=ORIENTED_EDGE('',*,*,#6179,.T.);
#6182=ORIENTED_EDGE('',*,*,#6181,.T.);
#6184=ORIENTED_EDGE('',*,*,#6183,.T.);
#6186=ORIENTED_EDGE('',*,*,#6185,.T.);
#6188=ORIENTED_EDGE('',*,*,#6187,.T.);
#6190=ORIENTED_EDGE('',*,*,#6189,.T.);
#6191=EDGE_LOOP('',(#6174,#6176,#6178,#6180,#6182,#6184,#6186,#6188,#6190));
#6192=FACE_OUTER_BOUND('',#6191,.F.);
#6194=CARTESIAN_POINT('',(2.85E-1,1.3E0,-5.25E0));
#6195=DIRECTION('',(1.E0,0.E0,0.E0));
#6196=DIRECTION('',(0.E0,0.E0,-1.E0));
#6197=AXIS2_PLACEMENT_3D('',#6194,#6195,#6196);
#6198=CYLINDRICAL_SURFACE('',#6197,4.E-1);
#6199=ORIENTED_EDGE('',*,*,#3370,.T.);
#6201=ORIENTED_EDGE('',*,*,#6200,.T.);
#6203=ORIENTED_EDGE('',*,*,#6202,.F.);
#6204=ORIENTED_EDGE('',*,*,#6157,.F.);
#6205=EDGE_LOOP('',(#6199,#6201,#6203,#6204));
#6206=FACE_OUTER_BOUND('',#6205,.F.);
#6208=CARTESIAN_POINT('',(7.15E-1,0.E0,0.E0));
#6209=DIRECTION('',(1.E0,0.E0,0.E0));
#6210=DIRECTION('',(0.E0,0.E0,-1.E0));
#6211=AXIS2_PLACEMENT_3D('',#6208,#6209,#6210);
#6212=PLANE('',#6211);
#6213=ORIENTED_EDGE('',*,*,#3368,.F.);
#6214=ORIENTED_EDGE('',*,*,#3552,.T.);
#6216=ORIENTED_EDGE('',*,*,#6215,.F.);
#6218=ORIENTED_EDGE('',*,*,#6217,.F.);
#6220=ORIENTED_EDGE('',*,*,#6219,.F.);
#6221=ORIENTED_EDGE('',*,*,#6200,.F.);
#6222=EDGE_LOOP('',(#6213,#6214,#6216,#6218,#6220,#6221));
#6223=FACE_OUTER_BOUND('',#6222,.F.);
#6225=CARTESIAN_POINT('',(7.15E-1,0.E0,0.E0));
#6226=DIRECTION('',(1.E0,0.E0,0.E0));
#6227=DIRECTION('',(0.E0,0.E0,-1.E0));
#6228=AXIS2_PLACEMENT_3D('',#6225,#6226,#6227);
#6229=PLANE('',#6228);
#6230=ORIENTED_EDGE('',*,*,#3765,.F.);
#6232=ORIENTED_EDGE('',*,*,#6231,.F.);
#6234=ORIENTED_EDGE('',*,*,#6233,.F.);
#6236=ORIENTED_EDGE('',*,*,#6235,.F.);
#6238=ORIENTED_EDGE('',*,*,#6237,.F.);
#6240=ORIENTED_EDGE('',*,*,#6239,.F.);
#6242=ORIENTED_EDGE('',*,*,#6241,.F.);
#6244=ORIENTED_EDGE('',*,*,#6243,.F.);
#6246=ORIENTED_EDGE('',*,*,#6245,.F.);
#6247=EDGE_LOOP('',(#6230,#6232,#6234,#6236,#6238,#6240,#6242,#6244,#6246));
#6248=FACE_OUTER_BOUND('',#6247,.F.);
#6250=CARTESIAN_POINT('',(2.85E-1,2.2E0,-5.45E0));
#6251=DIRECTION('',(0.E0,0.E0,1.E0));
#6252=DIRECTION('',(0.E0,-1.E0,0.E0));
#6253=AXIS2_PLACEMENT_3D('',#6250,#6251,#6252);
#6254=PLANE('',#6253);
#6255=ORIENTED_EDGE('',*,*,#3550,.F.);
#6256=ORIENTED_EDGE('',*,*,#6163,.F.);
#6258=ORIENTED_EDGE('',*,*,#6257,.T.);
#6259=ORIENTED_EDGE('',*,*,#6215,.T.);
#6260=EDGE_LOOP('',(#6255,#6256,#6258,#6259));
#6261=FACE_OUTER_BOUND('',#6260,.F.);
#6263=CARTESIAN_POINT('',(2.85E-1,2.2E0,-5.65E0));
#6264=DIRECTION('',(0.E0,1.E0,0.E0));
#6265=DIRECTION('',(0.E0,0.E0,1.E0));
#6266=AXIS2_PLACEMENT_3D('',#6263,#6264,#6265);
#6267=PLANE('',#6266);
#6268=ORIENTED_EDGE('',*,*,#6161,.F.);
#6270=ORIENTED_EDGE('',*,*,#6269,.T.);
#6271=ORIENTED_EDGE('',*,*,#6217,.T.);
#6272=ORIENTED_EDGE('',*,*,#6257,.F.);
#6273=EDGE_LOOP('',(#6268,#6270,#6271,#6272));
#6274=FACE_OUTER_BOUND('',#6273,.F.);
#6276=CARTESIAN_POINT('',(2.85E-1,1.3E0,-5.65E0));
#6277=DIRECTION('',(0.E0,0.E0,-1.E0));
#6278=DIRECTION('',(0.E0,1.E0,0.E0));
#6279=AXIS2_PLACEMENT_3D('',#6276,#6277,#6278);
#6280=PLANE('',#6279);
#6281=ORIENTED_EDGE('',*,*,#6159,.F.);
#6282=ORIENTED_EDGE('',*,*,#6202,.T.);
#6283=ORIENTED_EDGE('',*,*,#6219,.T.);
#6284=ORIENTED_EDGE('',*,*,#6269,.F.);
#6285=EDGE_LOOP('',(#6281,#6282,#6283,#6284));
#6286=FACE_OUTER_BOUND('',#6285,.F.);
#6288=CARTESIAN_POINT('',(2.85E-1,-3.398392788629E-1,-2.1E0));
#6289=DIRECTION('',(0.E0,8.311070588073E-1,-5.561124497804E-1));
#6290=DIRECTION('',(0.E0,5.561124497804E-1,8.311070588073E-1));
#6291=AXIS2_PLACEMENT_3D('',#6288,#6289,#6290);
#6292=PLANE('',#6291);
#6293=ORIENTED_EDGE('',*,*,#3763,.F.);
#6294=ORIENTED_EDGE('',*,*,#6189,.F.);
#6296=ORIENTED_EDGE('',*,*,#6295,.T.);
#6297=ORIENTED_EDGE('',*,*,#6231,.T.);
#6298=EDGE_LOOP('',(#6293,#6294,#6296,#6297));
#6299=FACE_OUTER_BOUND('',#6298,.F.);
#6301=CARTESIAN_POINT('',(2.85E-1,-2.537785882385E-1,-2.228617238280E0));
#6302=DIRECTION('',(0.E0,8.311070588075E-1,5.561124497801E-1));
#6303=DIRECTION('',(0.E0,-5.561124497801E-1,8.311070588075E-1));
#6304=AXIS2_PLACEMENT_3D('',#6301,#6302,#6303);
#6305=PLANE('',#6304);
#6306=ORIENTED_EDGE('',*,*,#6187,.F.);
#6308=ORIENTED_EDGE('',*,*,#6307,.T.);
#6309=ORIENTED_EDGE('',*,*,#6233,.T.);
#6310=ORIENTED_EDGE('',*,*,#6295,.F.);
#6311=EDGE_LOOP('',(#6306,#6308,#6309,#6310));
#6312=FACE_OUTER_BOUND('',#6311,.F.);
#6314=CARTESIAN_POINT('',(2.85E-1,-4.2E-1,-2.339839728236E0));
#6315=DIRECTION('',(0.E0,5.561124497801E-1,-8.311070588075E-1));
#6316=DIRECTION('',(0.E0,8.311070588075E-1,5.561124497801E-1));
#6317=AXIS2_PLACEMENT_3D('',#6314,#6315,#6316);
#6318=PLANE('',#6317);
#6319=ORIENTED_EDGE('',*,*,#6185,.F.);
#6321=ORIENTED_EDGE('',*,*,#6320,.T.);
#6322=ORIENTED_EDGE('',*,*,#6235,.T.);
#6323=ORIENTED_EDGE('',*,*,#6307,.F.);
#6324=EDGE_LOOP('',(#6319,#6321,#6322,#6323));
#6325=FACE_OUTER_BOUND('',#6324,.F.);
#6327=CARTESIAN_POINT('',(2.85E-1,-5.246660588211E-1,-2.183416867467E0));
#6328=DIRECTION('',(0.E0,-8.311070588075E-1,-5.561124497801E-1));
#6329=DIRECTION('',(0.E0,5.561124497801E-1,-8.311070588075E-1));
#6330=AXIS2_PLACEMENT_3D('',#6327,#6328,#6329);
#6331=PLANE('',#6330);
#6332=ORIENTED_EDGE('',*,*,#6183,.F.);
#6334=ORIENTED_EDGE('',*,*,#6333,.T.);
#6335=ORIENTED_EDGE('',*,*,#6237,.T.);
#6336=ORIENTED_EDGE('',*,*,#6320,.F.);
#6337=EDGE_LOOP('',(#6332,#6334,#6335,#6336));
#6338=FACE_OUTER_BOUND('',#6337,.F.);
#6340=CARTESIAN_POINT('',(2.85E-1,-4.E-1,-2.1E0));
#6341=DIRECTION('',(1.E0,0.E0,0.E0));
#6342=DIRECTION('',(0.E0,0.E0,-1.E0));
#6343=AXIS2_PLACEMENT_3D('',#6340,#6341,#6342);
#6344=CYLINDRICAL_SURFACE('',#6343,1.5E-1);
#6345=ORIENTED_EDGE('',*,*,#6181,.F.);
#6347=ORIENTED_EDGE('',*,*,#6346,.T.);
#6348=ORIENTED_EDGE('',*,*,#6239,.T.);
#6349=ORIENTED_EDGE('',*,*,#6333,.F.);
#6350=EDGE_LOOP('',(#6345,#6347,#6348,#6349));
#6351=FACE_OUTER_BOUND('',#6350,.F.);
#6353=CARTESIAN_POINT('',(2.85E-1,-3.449886576263E-1,-1.748056224890E0));
#6354=DIRECTION('',(0.E0,-8.311070588073E-1,5.561124497804E-1));
#6355=DIRECTION('',(0.E0,-5.561124497804E-1,-8.311070588073E-1));
#6356=AXIS2_PLACEMENT_3D('',#6353,#6354,#6355);
#6357=PLANE('',#6356);
#6358=ORIENTED_EDGE('',*,*,#6179,.F.);
#6360=ORIENTED_EDGE('',*,*,#6359,.T.);
#6361=ORIENTED_EDGE('',*,*,#6241,.T.);
#6362=ORIENTED_EDGE('',*,*,#6346,.F.);
#6363=EDGE_LOOP('',(#6358,#6360,#6361,#6362));
#6364=FACE_OUTER_BOUND('',#6363,.F.);
#6366=CARTESIAN_POINT('',(2.85E-1,-7.605421870299E-1,-1.47E0));
#6367=DIRECTION('',(1.E0,0.E0,0.E0));
#6368=DIRECTION('',(0.E0,0.E0,-1.E0));
#6369=AXIS2_PLACEMENT_3D('',#6366,#6367,#6368);
#6370=CYLINDRICAL_SURFACE('',#6369,5.E-1);
#6371=ORIENTED_EDGE('',*,*,#6177,.F.);
#6373=ORIENTED_EDGE('',*,*,#6372,.T.);
#6374=ORIENTED_EDGE('',*,*,#6243,.T.);
#6375=ORIENTED_EDGE('',*,*,#6359,.F.);
#6376=EDGE_LOOP('',(#6371,#6373,#6374,#6375));
#6377=FACE_OUTER_BOUND('',#6376,.F.);
#6379=CARTESIAN_POINT('',(2.85E-1,-1.8E-1,-1.103790892359E0));
#6380=DIRECTION('',(0.E0,-9.816271834477E-1,1.908089953765E-1));
#6381=DIRECTION('',(0.E0,-1.908089953765E-1,-9.816271834477E-1));
#6382=AXIS2_PLACEMENT_3D('',#6379,#6380,#6381);
#6383=PLANE('',#6382);
#6384=ORIENTED_EDGE('',*,*,#3767,.T.);
#6385=ORIENTED_EDGE('',*,*,#6245,.T.);
#6386=ORIENTED_EDGE('',*,*,#6372,.F.);
#6387=ORIENTED_EDGE('',*,*,#6175,.F.);
#6388=EDGE_LOOP('',(#6384,#6385,#6386,#6387));
#6389=FACE_OUTER_BOUND('',#6388,.F.);
#6391=CARTESIAN_POINT('',(2.285E0,0.E0,0.E0));
#6392=DIRECTION('',(1.E0,0.E0,0.E0));
#6393=DIRECTION('',(0.E0,0.E0,-1.E0));
#6394=AXIS2_PLACEMENT_3D('',#6391,#6392,#6393);
#6395=PLANE('',#6394);
#6396=ORIENTED_EDGE('',*,*,#3364,.T.);
#6398=ORIENTED_EDGE('',*,*,#6397,.T.);
#6400=ORIENTED_EDGE('',*,*,#6399,.T.);
#6402=ORIENTED_EDGE('',*,*,#6401,.T.);
#6404=ORIENTED_EDGE('',*,*,#6403,.T.);
#6405=ORIENTED_EDGE('',*,*,#3555,.F.);
#6406=EDGE_LOOP('',(#6396,#6398,#6400,#6402,#6404,#6405));
#6407=FACE_OUTER_BOUND('',#6406,.F.);
#6409=CARTESIAN_POINT('',(2.285E0,0.E0,0.E0));
#6410=DIRECTION('',(1.E0,0.E0,0.E0));
#6411=DIRECTION('',(0.E0,0.E0,-1.E0));
#6412=AXIS2_PLACEMENT_3D('',#6409,#6410,#6411);
#6413=PLANE('',#6412);
#6414=ORIENTED_EDGE('',*,*,#3771,.T.);
#6416=ORIENTED_EDGE('',*,*,#6415,.T.);
#6418=ORIENTED_EDGE('',*,*,#6417,.T.);
#6420=ORIENTED_EDGE('',*,*,#6419,.T.);
#6422=ORIENTED_EDGE('',*,*,#6421,.T.);
#6424=ORIENTED_EDGE('',*,*,#6423,.T.);
#6426=ORIENTED_EDGE('',*,*,#6425,.T.);
#6428=ORIENTED_EDGE('',*,*,#6427,.T.);
#6430=ORIENTED_EDGE('',*,*,#6429,.T.);
#6431=EDGE_LOOP('',(#6414,#6416,#6418,#6420,#6422,#6424,#6426,#6428,#6430));
#6432=FACE_OUTER_BOUND('',#6431,.F.);
#6434=CARTESIAN_POINT('',(2.285E0,1.3E0,-5.25E0));
#6435=DIRECTION('',(1.E0,0.E0,0.E0));
#6436=DIRECTION('',(0.E0,0.E0,-1.E0));
#6437=AXIS2_PLACEMENT_3D('',#6434,#6435,#6436);
#6438=CYLINDRICAL_SURFACE('',#6437,4.E-1);
#6439=ORIENTED_EDGE('',*,*,#3362,.T.);
#6441=ORIENTED_EDGE('',*,*,#6440,.T.);
#6443=ORIENTED_EDGE('',*,*,#6442,.F.);
#6444=ORIENTED_EDGE('',*,*,#6397,.F.);
#6445=EDGE_LOOP('',(#6439,#6441,#6443,#6444));
#6446=FACE_OUTER_BOUND('',#6445,.F.);
#6448=CARTESIAN_POINT('',(2.715E0,0.E0,0.E0));
#6449=DIRECTION('',(1.E0,0.E0,0.E0));
#6450=DIRECTION('',(0.E0,0.E0,-1.E0));
#6451=AXIS2_PLACEMENT_3D('',#6448,#6449,#6450);
#6452=PLANE('',#6451);
#6453=ORIENTED_EDGE('',*,*,#3360,.F.);
#6454=ORIENTED_EDGE('',*,*,#3559,.T.);
#6456=ORIENTED_EDGE('',*,*,#6455,.F.);
#6458=ORIENTED_EDGE('',*,*,#6457,.F.);
#6460=ORIENTED_EDGE('',*,*,#6459,.F.);
#6461=ORIENTED_EDGE('',*,*,#6440,.F.);
#6462=EDGE_LOOP('',(#6453,#6454,#6456,#6458,#6460,#6461));
#6463=FACE_OUTER_BOUND('',#6462,.F.);
#6465=CARTESIAN_POINT('',(2.715E0,0.E0,0.E0));
#6466=DIRECTION('',(1.E0,0.E0,0.E0));
#6467=DIRECTION('',(0.E0,0.E0,-1.E0));
#6468=AXIS2_PLACEMENT_3D('',#6465,#6466,#6467);
#6469=PLANE('',#6468);
#6470=ORIENTED_EDGE('',*,*,#3775,.F.);
#6472=ORIENTED_EDGE('',*,*,#6471,.F.);
#6474=ORIENTED_EDGE('',*,*,#6473,.F.);
#6476=ORIENTED_EDGE('',*,*,#6475,.F.);
#6478=ORIENTED_EDGE('',*,*,#6477,.F.);
#6480=ORIENTED_EDGE('',*,*,#6479,.F.);
#6482=ORIENTED_EDGE('',*,*,#6481,.F.);
#6484=ORIENTED_EDGE('',*,*,#6483,.F.);
#6486=ORIENTED_EDGE('',*,*,#6485,.F.);
#6487=EDGE_LOOP('',(#6470,#6472,#6474,#6476,#6478,#6480,#6482,#6484,#6486));
#6488=FACE_OUTER_BOUND('',#6487,.F.);
#6490=CARTESIAN_POINT('',(2.285E0,2.2E0,-5.45E0));
#6491=DIRECTION('',(0.E0,0.E0,1.E0));
#6492=DIRECTION('',(0.E0,-1.E0,0.E0));
#6493=AXIS2_PLACEMENT_3D('',#6490,#6491,#6492);
#6494=PLANE('',#6493);
#6495=ORIENTED_EDGE('',*,*,#3557,.F.);
#6496=ORIENTED_EDGE('',*,*,#6403,.F.);
#6498=ORIENTED_EDGE('',*,*,#6497,.T.);
#6499=ORIENTED_EDGE('',*,*,#6455,.T.);
#6500=EDGE_LOOP('',(#6495,#6496,#6498,#6499));
#6501=FACE_OUTER_BOUND('',#6500,.F.);
#6503=CARTESIAN_POINT('',(2.285E0,2.2E0,-5.65E0));
#6504=DIRECTION('',(0.E0,1.E0,0.E0));
#6505=DIRECTION('',(0.E0,0.E0,1.E0));
#6506=AXIS2_PLACEMENT_3D('',#6503,#6504,#6505);
#6507=PLANE('',#6506);
#6508=ORIENTED_EDGE('',*,*,#6401,.F.);
#6510=ORIENTED_EDGE('',*,*,#6509,.T.);
#6511=ORIENTED_EDGE('',*,*,#6457,.T.);
#6512=ORIENTED_EDGE('',*,*,#6497,.F.);
#6513=EDGE_LOOP('',(#6508,#6510,#6511,#6512));
#6514=FACE_OUTER_BOUND('',#6513,.F.);
#6516=CARTESIAN_POINT('',(2.285E0,1.3E0,-5.65E0));
#6517=DIRECTION('',(0.E0,0.E0,-1.E0));
#6518=DIRECTION('',(0.E0,1.E0,0.E0));
#6519=AXIS2_PLACEMENT_3D('',#6516,#6517,#6518);
#6520=PLANE('',#6519);
#6521=ORIENTED_EDGE('',*,*,#6399,.F.);
#6522=ORIENTED_EDGE('',*,*,#6442,.T.);
#6523=ORIENTED_EDGE('',*,*,#6459,.T.);
#6524=ORIENTED_EDGE('',*,*,#6509,.F.);
#6525=EDGE_LOOP('',(#6521,#6522,#6523,#6524));
#6526=FACE_OUTER_BOUND('',#6525,.F.);
#6528=CARTESIAN_POINT('',(2.285E0,-3.398392788629E-1,-2.1E0));
#6529=DIRECTION('',(0.E0,8.311070588073E-1,-5.561124497804E-1));
#6530=DIRECTION('',(0.E0,5.561124497804E-1,8.311070588073E-1));
#6531=AXIS2_PLACEMENT_3D('',#6528,#6529,#6530);
#6532=PLANE('',#6531);
#6533=ORIENTED_EDGE('',*,*,#3773,.F.);
#6534=ORIENTED_EDGE('',*,*,#6429,.F.);
#6536=ORIENTED_EDGE('',*,*,#6535,.T.);
#6537=ORIENTED_EDGE('',*,*,#6471,.T.);
#6538=EDGE_LOOP('',(#6533,#6534,#6536,#6537));
#6539=FACE_OUTER_BOUND('',#6538,.F.);
#6541=CARTESIAN_POINT('',(2.285E0,-2.537785882385E-1,-2.228617238280E0));
#6542=DIRECTION('',(0.E0,8.311070588075E-1,5.561124497801E-1));
#6543=DIRECTION('',(0.E0,-5.561124497801E-1,8.311070588075E-1));
#6544=AXIS2_PLACEMENT_3D('',#6541,#6542,#6543);
#6545=PLANE('',#6544);
#6546=ORIENTED_EDGE('',*,*,#6427,.F.);
#6548=ORIENTED_EDGE('',*,*,#6547,.T.);
#6549=ORIENTED_EDGE('',*,*,#6473,.T.);
#6550=ORIENTED_EDGE('',*,*,#6535,.F.);
#6551=EDGE_LOOP('',(#6546,#6548,#6549,#6550));
#6552=FACE_OUTER_BOUND('',#6551,.F.);
#6554=CARTESIAN_POINT('',(2.285E0,-4.2E-1,-2.339839728236E0));
#6555=DIRECTION('',(0.E0,5.561124497801E-1,-8.311070588075E-1));
#6556=DIRECTION('',(0.E0,8.311070588075E-1,5.561124497801E-1));
#6557=AXIS2_PLACEMENT_3D('',#6554,#6555,#6556);
#6558=PLANE('',#6557);
#6559=ORIENTED_EDGE('',*,*,#6425,.F.);
#6561=ORIENTED_EDGE('',*,*,#6560,.T.);
#6562=ORIENTED_EDGE('',*,*,#6475,.T.);
#6563=ORIENTED_EDGE('',*,*,#6547,.F.);
#6564=EDGE_LOOP('',(#6559,#6561,#6562,#6563));
#6565=FACE_OUTER_BOUND('',#6564,.F.);
#6567=CARTESIAN_POINT('',(2.285E0,-5.246660588211E-1,-2.183416867467E0));
#6568=DIRECTION('',(0.E0,-8.311070588075E-1,-5.561124497801E-1));
#6569=DIRECTION('',(0.E0,5.561124497801E-1,-8.311070588075E-1));
#6570=AXIS2_PLACEMENT_3D('',#6567,#6568,#6569);
#6571=PLANE('',#6570);
#6572=ORIENTED_EDGE('',*,*,#6423,.F.);
#6574=ORIENTED_EDGE('',*,*,#6573,.T.);
#6575=ORIENTED_EDGE('',*,*,#6477,.T.);
#6576=ORIENTED_EDGE('',*,*,#6560,.F.);
#6577=EDGE_LOOP('',(#6572,#6574,#6575,#6576));
#6578=FACE_OUTER_BOUND('',#6577,.F.);
#6580=CARTESIAN_POINT('',(2.285E0,-4.E-1,-2.1E0));
#6581=DIRECTION('',(1.E0,0.E0,0.E0));
#6582=DIRECTION('',(0.E0,0.E0,-1.E0));
#6583=AXIS2_PLACEMENT_3D('',#6580,#6581,#6582);
#6584=CYLINDRICAL_SURFACE('',#6583,1.5E-1);
#6585=ORIENTED_EDGE('',*,*,#6421,.F.);
#6587=ORIENTED_EDGE('',*,*,#6586,.T.);
#6588=ORIENTED_EDGE('',*,*,#6479,.T.);
#6589=ORIENTED_EDGE('',*,*,#6573,.F.);
#6590=EDGE_LOOP('',(#6585,#6587,#6588,#6589));
#6591=FACE_OUTER_BOUND('',#6590,.F.);
#6593=CARTESIAN_POINT('',(2.285E0,-3.449886576263E-1,-1.748056224890E0));
#6594=DIRECTION('',(0.E0,-8.311070588073E-1,5.561124497804E-1));
#6595=DIRECTION('',(0.E0,-5.561124497804E-1,-8.311070588073E-1));
#6596=AXIS2_PLACEMENT_3D('',#6593,#6594,#6595);
#6597=PLANE('',#6596);
#6598=ORIENTED_EDGE('',*,*,#6419,.F.);
#6600=ORIENTED_EDGE('',*,*,#6599,.T.);
#6601=ORIENTED_EDGE('',*,*,#6481,.T.);
#6602=ORIENTED_EDGE('',*,*,#6586,.F.);
#6603=EDGE_LOOP('',(#6598,#6600,#6601,#6602));
#6604=FACE_OUTER_BOUND('',#6603,.F.);
#6606=CARTESIAN_POINT('',(2.285E0,-7.605421870299E-1,-1.47E0));
#6607=DIRECTION('',(1.E0,0.E0,0.E0));
#6608=DIRECTION('',(0.E0,0.E0,-1.E0));
#6609=AXIS2_PLACEMENT_3D('',#6606,#6607,#6608);
#6610=CYLINDRICAL_SURFACE('',#6609,5.E-1);
#6611=ORIENTED_EDGE('',*,*,#6417,.F.);
#6613=ORIENTED_EDGE('',*,*,#6612,.T.);
#6614=ORIENTED_EDGE('',*,*,#6483,.T.);
#6615=ORIENTED_EDGE('',*,*,#6599,.F.);
#6616=EDGE_LOOP('',(#6611,#6613,#6614,#6615));
#6617=FACE_OUTER_BOUND('',#6616,.F.);
#6619=CARTESIAN_POINT('',(2.285E0,-1.8E-1,-1.103790892359E0));
#6620=DIRECTION('',(0.E0,-9.816271834477E-1,1.908089953765E-1));
#6621=DIRECTION('',(0.E0,-1.908089953765E-1,-9.816271834477E-1));
#6622=AXIS2_PLACEMENT_3D('',#6619,#6620,#6621);
#6623=PLANE('',#6622);
#6624=ORIENTED_EDGE('',*,*,#3777,.T.);
#6625=ORIENTED_EDGE('',*,*,#6485,.T.);
#6626=ORIENTED_EDGE('',*,*,#6612,.F.);
#6627=ORIENTED_EDGE('',*,*,#6415,.F.);
#6628=EDGE_LOOP('',(#6624,#6625,#6626,#6627));
#6629=FACE_OUTER_BOUND('',#6628,.F.);
#6631=CARTESIAN_POINT('',(4.285E0,-3.398392788629E-1,-2.1E0));
#6632=DIRECTION('',(0.E0,8.311070588073E-1,-5.561124497804E-1));
#6633=DIRECTION('',(0.E0,5.561124497804E-1,8.311070588073E-1));
#6634=AXIS2_PLACEMENT_3D('',#6631,#6632,#6633);
#6635=PLANE('',#6634);
#6636=ORIENTED_EDGE('',*,*,#3782,.F.);
#6637=ORIENTED_EDGE('',*,*,#3455,.F.);
#6639=ORIENTED_EDGE('',*,*,#6638,.T.);
#6640=ORIENTED_EDGE('',*,*,#3499,.T.);
#6641=EDGE_LOOP('',(#6636,#6637,#6639,#6640));
#6642=FACE_OUTER_BOUND('',#6641,.F.);
#6644=CARTESIAN_POINT('',(4.285E0,-2.537785882385E-1,-2.228617238280E0));
#6645=DIRECTION('',(0.E0,8.311070588075E-1,5.561124497801E-1));
#6646=DIRECTION('',(0.E0,-5.561124497801E-1,8.311070588075E-1));
#6647=AXIS2_PLACEMENT_3D('',#6644,#6645,#6646);
#6648=PLANE('',#6647);
#6649=ORIENTED_EDGE('',*,*,#3453,.F.);
#6651=ORIENTED_EDGE('',*,*,#6650,.T.);
#6652=ORIENTED_EDGE('',*,*,#3501,.T.);
#6653=ORIENTED_EDGE('',*,*,#6638,.F.);
#6654=EDGE_LOOP('',(#6649,#6651,#6652,#6653));
#6655=FACE_OUTER_BOUND('',#6654,.F.);
#6657=CARTESIAN_POINT('',(4.285E0,-4.2E-1,-2.339839728236E0));
#6658=DIRECTION('',(0.E0,5.561124497801E-1,-8.311070588075E-1));
#6659=DIRECTION('',(0.E0,8.311070588075E-1,5.561124497801E-1));
#6660=AXIS2_PLACEMENT_3D('',#6657,#6658,#6659);
#6661=PLANE('',#6660);
#6662=ORIENTED_EDGE('',*,*,#3451,.F.);
#6664=ORIENTED_EDGE('',*,*,#6663,.T.);
#6665=ORIENTED_EDGE('',*,*,#3503,.T.);
#6666=ORIENTED_EDGE('',*,*,#6650,.F.);
#6667=EDGE_LOOP('',(#6662,#6664,#6665,#6666));
#6668=FACE_OUTER_BOUND('',#6667,.F.);
#6670=CARTESIAN_POINT('',(4.285E0,-5.246660588211E-1,-2.183416867467E0));
#6671=DIRECTION('',(0.E0,-8.311070588075E-1,-5.561124497801E-1));
#6672=DIRECTION('',(0.E0,5.561124497801E-1,-8.311070588075E-1));
#6673=AXIS2_PLACEMENT_3D('',#6670,#6671,#6672);
#6674=PLANE('',#6673);
#6675=ORIENTED_EDGE('',*,*,#3449,.F.);
#6677=ORIENTED_EDGE('',*,*,#6676,.T.);
#6678=ORIENTED_EDGE('',*,*,#3505,.T.);
#6679=ORIENTED_EDGE('',*,*,#6663,.F.);
#6680=EDGE_LOOP('',(#6675,#6677,#6678,#6679));
#6681=FACE_OUTER_BOUND('',#6680,.F.);
#6683=CARTESIAN_POINT('',(4.285E0,-4.E-1,-2.1E0));
#6684=DIRECTION('',(1.E0,0.E0,0.E0));
#6685=DIRECTION('',(0.E0,0.E0,-1.E0));
#6686=AXIS2_PLACEMENT_3D('',#6683,#6684,#6685);
#6687=CYLINDRICAL_SURFACE('',#6686,1.5E-1);
#6688=ORIENTED_EDGE('',*,*,#3447,.F.);
#6690=ORIENTED_EDGE('',*,*,#6689,.T.);
#6691=ORIENTED_EDGE('',*,*,#3507,.T.);
#6692=ORIENTED_EDGE('',*,*,#6676,.F.);
#6693=EDGE_LOOP('',(#6688,#6690,#6691,#6692));
#6694=FACE_OUTER_BOUND('',#6693,.F.);
#6696=CARTESIAN_POINT('',(4.285E0,-3.449886576263E-1,-1.748056224890E0));
#6697=DIRECTION('',(0.E0,-8.311070588073E-1,5.561124497804E-1));
#6698=DIRECTION('',(0.E0,-5.561124497804E-1,-8.311070588073E-1));
#6699=AXIS2_PLACEMENT_3D('',#6696,#6697,#6698);
#6700=PLANE('',#6699);
#6701=ORIENTED_EDGE('',*,*,#3445,.F.);
#6703=ORIENTED_EDGE('',*,*,#6702,.T.);
#6704=ORIENTED_EDGE('',*,*,#3509,.T.);
#6705=ORIENTED_EDGE('',*,*,#6689,.F.);
#6706=EDGE_LOOP('',(#6701,#6703,#6704,#6705));
#6707=FACE_OUTER_BOUND('',#6706,.F.);
#6709=CARTESIAN_POINT('',(4.285E0,-7.605421870299E-1,-1.47E0));
#6710=DIRECTION('',(1.E0,0.E0,0.E0));
#6711=DIRECTION('',(0.E0,0.E0,-1.E0));
#6712=AXIS2_PLACEMENT_3D('',#6709,#6710,#6711);
#6713=CYLINDRICAL_SURFACE('',#6712,5.E-1);
#6714=ORIENTED_EDGE('',*,*,#3443,.F.);
#6716=ORIENTED_EDGE('',*,*,#6715,.T.);
#6717=ORIENTED_EDGE('',*,*,#3511,.T.);
#6718=ORIENTED_EDGE('',*,*,#6702,.F.);
#6719=EDGE_LOOP('',(#6714,#6716,#6717,#6718));
#6720=FACE_OUTER_BOUND('',#6719,.F.);
#6722=CARTESIAN_POINT('',(4.285E0,-1.8E-1,-1.103790892359E0));
#6723=DIRECTION('',(0.E0,-9.816271834477E-1,1.908089953765E-1));
#6724=DIRECTION('',(0.E0,-1.908089953765E-1,-9.816271834477E-1));
#6725=AXIS2_PLACEMENT_3D('',#6722,#6723,#6724);
#6726=PLANE('',#6725);
#6727=ORIENTED_EDGE('',*,*,#3785,.T.);
#6728=ORIENTED_EDGE('',*,*,#3513,.T.);
#6729=ORIENTED_EDGE('',*,*,#6715,.F.);
#6730=ORIENTED_EDGE('',*,*,#3441,.F.);
#6731=EDGE_LOOP('',(#6727,#6728,#6729,#6730));
#6732=FACE_OUTER_BOUND('',#6731,.F.);
#6734=CLOSED_SHELL('',(#3335,#3350,#3414,#3433,#3459,#3473,#3491,#3517,#3564,
#3577,#3590,#3602,#3620,#3644,#3659,#3676,#3789,#3802,#3816,#3832,#3847,#3860,
#3872,#3902,#3927,#3981,#4006,#4035,#4049,#4073,#4102,#4115,#4128,#4141,#4154,
#4167,#4180,#4192,#4205,#4218,#4231,#4244,#4257,#4270,#4283,#4296,#4309,#4355,
#4380,#4408,#4422,#4446,#4474,#4487,#4500,#4513,#4526,#4539,#4552,#4564,#4577,
#4590,#4603,#4616,#4629,#4642,#4655,#4668,#4680,#4705,#4733,#4747,#4771,#4799,
#4812,#4825,#4838,#4851,#4864,#4877,#4889,#4902,#4915,#4928,#4941,#4954,#4967,
#4980,#4993,#5005,#5030,#5058,#5072,#5096,#5124,#5137,#5150,#5163,#5176,#5189,
#5202,#5214,#5227,#5240,#5253,#5266,#5279,#5292,#5305,#5318,#5330,#5358,#5383,
#5396,#5409,#5422,#5435,#5448,#5461,#5474,#5487,#5499,#5512,#5525,#5538,#5551,
#5564,#5577,#5590,#5602,#5615,#5633,#5645,#5658,#5670,#5688,#5713,#5727,#5744,
#5769,#5782,#5795,#5807,#5820,#5833,#5846,#5859,#5872,#5885,#5898,#5910,#5928,
#5953,#5967,#5984,#6009,#6022,#6035,#6047,#6060,#6073,#6086,#6099,#6112,#6125,
#6138,#6150,#6168,#6193,#6207,#6224,#6249,#6262,#6275,#6287,#6300,#6313,#6326,
#6339,#6352,#6365,#6378,#6390,#6408,#6433,#6447,#6464,#6489,#6502,#6515,#6527,
#6540,#6553,#6566,#6579,#6592,#6605,#6618,#6630,#6643,#6656,#6669,#6682,#6695,
#6708,#6721,#6733));
#6735=MANIFOLD_SOLID_BREP('',#6734);
#6738=PLANE_ANGLE_MEASURE_WITH_UNIT(PLANE_ANGLE_MEASURE(1.745329251994E-2),
#6737);
#6739=(CONVERSION_BASED_UNIT('DEGREE',#6738)NAMED_UNIT(*)PLANE_ANGLE_UNIT());
#6741=UNCERTAINTY_MEASURE_WITH_UNIT(LENGTH_MEASURE(1.E-3),#6736,
'distance_accuracy_value',
'Maximum model space distance between geometric entities at asserted connectivities');
#6744=APPLICATION_CONTEXT('automotive_design');
#6745=APPLICATION_PROTOCOL_DEFINITION('international standard',
'automotive_design',2001,#6744);
#6746=PRODUCT_DEFINITION_CONTEXT('part definition',#6744,'design');
#6747=PRODUCT_CONTEXT('',#6744,'mechanical');
#6748=PRODUCT('C-1-1735042-0','C-1-1735042-0','NOT SPECIFIED',(#6747));
#6749=PRODUCT_DEFINITION_FORMATION('1','LAST_VERSION',#6748);
#6757=DERIVED_UNIT_ELEMENT(#6756,2.E0);
#6758=DERIVED_UNIT((#6757));
#6759=MEASURE_REPRESENTATION_ITEM('surface area measure',AREA_MEASURE(
3.498537457580E2),#6758);
#6764=DERIVED_UNIT_ELEMENT(#6763,3.E0);
#6765=DERIVED_UNIT((#6764));
#6766=MEASURE_REPRESENTATION_ITEM('volume measure',VOLUME_MEASURE(
1.709372169918E2),#6765);
#6770=CARTESIAN_POINT('centre point',(2.284454520283E-2,1.152172672674E-1,
-2.950296333103E0));
#6775=DERIVED_UNIT_ELEMENT(#6774,2.E0);
#6776=DERIVED_UNIT((#6775));
#6777=MEASURE_REPRESENTATION_ITEM('surface area measure',AREA_MEASURE(
3.498537457580E2),#6776);
#6782=DERIVED_UNIT_ELEMENT(#6781,3.E0);
#6783=DERIVED_UNIT((#6782));
#6784=MEASURE_REPRESENTATION_ITEM('volume measure',VOLUME_MEASURE(
1.709372169918E2),#6783);
#6788=CARTESIAN_POINT('centre point',(2.284454520283E-2,1.152172672674E-1,
-2.950296333103E0));
#6793=PRODUCT_RELATED_PRODUCT_CATEGORY('part','',(#6748));
#1=DRAUGHTING_PRE_DEFINED_COLOUR('black');
#2=COLOUR_RGB('',0.E0,0.E0,3.6E-1);
#3=COLOUR_RGB('',0.E0,0.E0,4.8E-1);
#4=DRAUGHTING_PRE_DEFINED_COLOUR('blue');
#5=COLOUR_RGB('',0.E0,5.8824E-2,4.58824E-1);
#6=COLOUR_RGB('',0.E0,1.80392E-1,4.78431E-1);
#7=COLOUR_RGB('',0.E0,3.6E-1,9.E-2);
#8=COLOUR_RGB('',0.E0,3.6E-1,2.7E-1);
#9=COLOUR_RGB('',0.E0,5.6E-1,6.4E-1);
#10=COLOUR_RGB('',0.E0,5.8E-1,8.E-1);
#11=COLOUR_RGB('',0.E0,7.1E-1,6.6E-1);
#12=COLOUR_RGB('',0.E0,7.13E-1,0.E0);
#13=COLOUR_RGB('',0.E0,9.5E-1,8.4E-1);
#14=DRAUGHTING_PRE_DEFINED_COLOUR('green');
#15=DRAUGHTING_PRE_DEFINED_COLOUR('cyan');
#16=COLOUR_RGB('',1.1765E-2,1.9608E-2,3.9216E-2);
#17=COLOUR_RGB('',4.E-2,0.E0,1.6E-1);
#18=COLOUR_RGB('',3.9216E-2,2.19608E-1,1.21569E-1);
#19=COLOUR_RGB('',3.9216E-2,3.60784E-1,2.E-1);
#20=COLOUR_RGB('',5.098E-2,7.0588E-2,1.01961E-1);
#21=COLOUR_RGB('',9.E-2,0.E0,1.2E-1);
#22=COLOUR_RGB('',9.0196E-2,1.60784E-1,1.09804E-1);
#23=COLOUR_RGB('',9.0196E-2,3.80392E-1,6.70588E-1);
#24=COLOUR_RGB('',1.E-1,0.E0,2.5E-1);
#25=COLOUR_RGB('',1.01961E-1,4.78431E-1,3.88235E-1);
#26=COLOUR_RGB('',1.09804E-1,1.4902E-1,9.0196E-2);
#27=COLOUR_RGB('',1.4902E-1,3.09804E-1,5.29412E-1);
#28=COLOUR_RGB('',1.4902E-1,4.E-1,1.60784E-1);
#29=COLOUR_RGB('',1.6E-1,3.2E-2,0.E0);
#30=COLOUR_RGB('',1.60784E-1,4.5098E-1,7.21569E-1);
#31=COLOUR_RGB('',1.6E-1,4.6E-1,6.5E-1);
#32=COLOUR_RGB('',1.6E-1,1.E0,1.6E-1);
#33=COLOUR_RGB('',2.E-1,3.2E-2,0.E0);
#34=COLOUR_RGB('',2.11765E-1,4.11765E-1,1.4902E-1);
#35=COLOUR_RGB('',2.39216E-1,2.39216E-1,2.31373E-1);
#36=COLOUR_RGB('',2.39216E-1,2.70588E-1,1.80392E-1);
#37=COLOUR_RGB('',2.5098E-1,2.90196E-1,3.29412E-1);
#38=COLOUR_RGB('',2.90196E-1,4.31373E-1,2.E-1);
#39=COLOUR_RGB('',3.1E-1,3.1E-1,5.6E-1);
#40=COLOUR_RGB('',3.09804E-1,6.58824E-1,2.E-1);
#41=COLOUR_RGB('',3.2E-1,1.5E-1,0.E0);
#42=COLOUR_RGB('',3.60784E-1,3.1373E-2,1.68627E-1);
#43=COLOUR_RGB('',3.68627E-1,2.E-1,1.21569E-1);
#44=COLOUR_RGB('',3.88235E-1,2.39216E-1,6.11765E-1);
#45=COLOUR_RGB('',4.E-1,4.E-1,4.E-1);
#46=COLOUR_RGB('',4.11765E-1,5.8824E-2,7.8431E-2);
#47=COLOUR_RGB('',4.11765E-1,3.29412E-1,2.19608E-1);
#48=COLOUR_RGB('',4.2E-1,4.2E-1,1.E0);
#49=COLOUR_RGB('',4.4E-1,8.5E-1,1.E0);
#50=COLOUR_RGB('',4.58824E-1,4.5098E-1,3.09804E-1);
#51=COLOUR_RGB('',4.70588E-1,5.09804E-1,5.4902E-1);
#52=COLOUR_RGB('',4.78431E-1,4.90196E-1,4.58824E-1);
#53=COLOUR_RGB('',4.90196E-1,3.60784E-1,2.19608E-1);
#54=COLOUR_RGB('',4.9E-1,4.9E-1,0.E0);
#55=COLOUR_RGB('',4.9E-1,1.E0,0.E0);
#56=COLOUR_RGB('',5.E-1,0.E0,0.E0);
#57=COLOUR_RGB('',5.E-1,0.E0,2.3E-1);
#58=COLOUR_RGB('',5.E-1,5.E-1,5.E-1);
#59=COLOUR_RGB('',5.21569E-1,2.19608E-1,1.68627E-1);
#60=COLOUR_RGB('',5.3E-1,0.E0,0.E0);
#61=COLOUR_RGB('',5.29412E-1,5.80392E-1,6.5098E-1);
#62=COLOUR_RGB('',5.4E-1,0.E0,4.4E-1);
#63=COLOUR_RGB('',5.5E-1,3.E-1,0.E0);
#64=COLOUR_RGB('',5.6E-1,1.E-1,5.E-2);
#65=COLOUR_RGB('',5.60784E-1,5.80392E-1,6.19608E-1);
#66=COLOUR_RGB('',5.68627E-1,5.8824E-2,4.E-1);
#67=COLOUR_RGB('',5.8E-1,2.2E-1,1.E-2);
#68=COLOUR_RGB('',5.88235E-1,1.21569E-1,1.09804E-1);
#69=COLOUR_RGB('',6.E-1,6.E-1,6.E-1);
#70=COLOUR_RGB('',6.11765E-1,5.60784E-1,3.80392E-1);
#71=COLOUR_RGB('',6.11765E-1,6.11765E-1,6.5098E-1);
#72=COLOUR_RGB('',6.2E-1,0.E0,5.5E-1);
#73=COLOUR_RGB('',6.19608E-1,6.39216E-1,6.90196E-1);
#74=COLOUR_RGB('',6.4E-1,0.E0,2.5E-1);
#75=COLOUR_RGB('',6.4E-1,1.E-2,0.E0);
#76=COLOUR_RGB('',6.39216E-1,5.4902E-1,4.78431E-1);
#77=COLOUR_RGB('',6.5098E-1,6.70588E-1,7.09804E-1);
#78=COLOUR_RGB('',6.70588E-1,1.21569E-1,1.09804E-1);
#79=COLOUR_RGB('',6.78431E-1,4.78431E-1,3.09804E-1);
#80=COLOUR_RGB('',6.8E-1,7.5E-1,1.E0);
#81=COLOUR_RGB('',6.952E-1,7.426E-1,7.9E-1);
#82=COLOUR_RGB('',7.09804E-1,7.0588E-2,2.E-1);
#83=COLOUR_RGB('',7.1E-1,3.1E-1,0.E0);
#84=COLOUR_RGB('',7.2E-1,7.2E-1,7.2E-1);
#85=COLOUR_RGB('',7.29412E-1,7.41176E-1,7.29412E-1);
#86=COLOUR_RGB('',7.41176E-1,7.29412E-1,6.70588E-1);
#87=COLOUR_RGB('',7.4E-1,1.E0,2.6E-1);
#88=COLOUR_RGB('',7.5E-1,3.E-2,0.E0);
#89=COLOUR_RGB('',7.4902E-1,8.90196E-1,7.29412E-1);
#90=COLOUR_RGB('',7.6E-1,0.E0,4.7E-1);
#91=COLOUR_RGB('',7.80392E-1,9.0196E-2,7.0588E-2);
#92=COLOUR_RGB('',7.88235E-1,2.19608E-1,5.4902E-1);
#93=COLOUR_RGB('',8.1E-1,4.E-2,0.E0);
#94=COLOUR_RGB('',8.1E-1,6.1E-1,0.E0);
#95=COLOUR_RGB('',8.2E-1,4.E-2,6.6E-1);
#96=COLOUR_RGB('',8.31373E-1,8.5098E-1,8.58824E-1);
#97=COLOUR_RGB('',8.5098E-1,7.29412E-1,5.4902E-1);
#98=COLOUR_RGB('',8.5E-1,8.5E-1,8.5E-1);
#99=COLOUR_RGB('',8.78431E-1,3.68627E-1,1.21569E-1);
#100=COLOUR_RGB('',8.784E-1,9.49E-1,1.E0);
#101=COLOUR_RGB('',8.90196E-1,5.88235E-1,1.41176E-1);
#102=COLOUR_RGB('',9.E-1,1.E0,0.E0);
#103=COLOUR_RGB('',9.09804E-1,6.11765E-1,7.09804E-1);
#104=COLOUR_RGB('',9.37E-1,7.85E-1,0.E0);
#105=COLOUR_RGB('',9.41176E-1,9.29412E-1,9.01961E-1);
#106=COLOUR_RGB('',9.5E-1,2.2E-1,8.1E-1);
#107=COLOUR_RGB('',9.6E-1,3.7E-1,3.E-1);
#108=COLOUR_RGB('',9.6E-1,7.1E-1,3.75E-1);
#109=COLOUR_RGB('',9.80392E-1,1.E0,1.E0);
#110=COLOUR_RGB('',9.88235E-1,1.09804E-1,7.8431E-2);
#111=COLOUR_RGB('',9.88235E-1,7.21569E-1,1.29412E-1);
#112=COLOUR_RGB('',9.88235E-1,9.21569E-1,8.E-1);
#113=DRAUGHTING_PRE_DEFINED_COLOUR('red');
#114=COLOUR_RGB('',1.E0,0.E0,6.1E-1);
#115=COLOUR_RGB('',1.E0,4.E-2,0.E0);
#116=COLOUR_RGB('',1.E0,2.3E-1,0.E0);
#117=COLOUR_RGB('',1.E0,3.5E-1,5.2E-1);
#118=COLOUR_RGB('',1.E0,3.6E-1,0.E0);
#119=COLOUR_RGB('',1.E0,3.88235E-1,2.11765E-1);
#120=COLOUR_RGB('',1.E0,4.9E-1,3.7E-1);
#121=COLOUR_RGB('',1.E0,5.E-1,0.E0);
#122=COLOUR_RGB('',1.E0,5.6E-1,7.8E-1);
#123=COLOUR_RGB('',1.E0,6.4E-1,4.9E-1);
#124=COLOUR_RGB('',1.E0,6.7E-1,0.E0);
#125=COLOUR_RGB('',1.E0,7.6E-1,6.5E-1);
#126=COLOUR_RGB('',1.E0,8.39216E-1,3.01961E-1);
#127=COLOUR_RGB('',1.E0,8.6E-1,4.E-2);
#128=COLOUR_RGB('',1.E0,9.60784E-1,2.58824E-1);
#129=COLOUR_RGB('',1.E0,9.60784E-1,8.90196E-1);
#130=COLOUR_RGB('',1.E0,9.8E-1,7.2E-1);
#131=DRAUGHTING_PRE_DEFINED_COLOUR('yellow');
#132=COLOUR_RGB('',1.E0,1.E0,3.9216E-2);
#133=DRAUGHTING_PRE_DEFINED_COLOUR('white');
#246=CIRCLE('',#245,4.E-1);
#267=CIRCLE('',#266,5.E-1);
#276=CIRCLE('',#275,1.5E-1);
#309=CIRCLE('',#308,4.E-1);
#330=CIRCLE('',#329,1.5E-1);
#339=CIRCLE('',#338,5.E-1);
#728=CIRCLE('',#727,5.E-1);
#737=CIRCLE('',#736,3.E-1);
#754=CIRCLE('',#753,5.E-1);
#763=CIRCLE('',#762,3.E-1);
#772=CIRCLE('',#771,5.E-1);
#781=CIRCLE('',#780,1.5E-1);
#898=CIRCLE('',#897,5.E-1);
#907=CIRCLE('',#906,1.5E-1);
#928=CIRCLE('',#927,5.E-1);
#937=CIRCLE('',#936,3.E-1);
#954=CIRCLE('',#953,5.E-1);
#963=CIRCLE('',#962,3.E-1);
#984=CIRCLE('',#983,1.5E-1);
#993=CIRCLE('',#992,5.E-1);
#1002=CIRCLE('',#1001,3.E-1);
#1011=CIRCLE('',#1010,5.E-1);
#1028=CIRCLE('',#1027,3.E-1);
#1037=CIRCLE('',#1036,5.E-1);
#1182=CIRCLE('',#1181,1.5E-1);
#1191=CIRCLE('',#1190,5.E-1);
#1200=CIRCLE('',#1199,3.E-1);
#1209=CIRCLE('',#1208,5.E-1);
#1226=CIRCLE('',#1225,3.E-1);
#1235=CIRCLE('',#1234,5.E-1);
#1248=CIRCLE('',#1247,5.E-1);
#1257=CIRCLE('',#1256,1.5E-1);
#1278=CIRCLE('',#1277,5.E-1);
#1287=CIRCLE('',#1286,3.E-1);
#1304=CIRCLE('',#1303,5.E-1);
#1313=CIRCLE('',#1312,3.E-1);
#1390=CIRCLE('',#1389,1.5E-1);
#1399=CIRCLE('',#1398,5.E-1);
#1408=CIRCLE('',#1407,3.E-1);
#1417=CIRCLE('',#1416,5.E-1);
#1434=CIRCLE('',#1433,3.E-1);
#1443=CIRCLE('',#1442,5.E-1);
#1456=CIRCLE('',#1455,5.E-1);
#1465=CIRCLE('',#1464,1.5E-1);
#1486=CIRCLE('',#1485,5.E-1);
#1495=CIRCLE('',#1494,3.E-1);
#1512=CIRCLE('',#1511,5.E-1);
#1521=CIRCLE('',#1520,3.E-1);
#1598=CIRCLE('',#1597,1.5E-1);
#1607=CIRCLE('',#1606,5.E-1);
#1616=CIRCLE('',#1615,3.E-1);
#1625=CIRCLE('',#1624,5.E-1);
#1642=CIRCLE('',#1641,3.E-1);
#1651=CIRCLE('',#1650,5.E-1);
#1664=CIRCLE('',#1663,5.E-1);
#1673=CIRCLE('',#1672,1.5E-1);
#1694=CIRCLE('',#1693,5.E-1);
#1703=CIRCLE('',#1702,3.E-1);
#1720=CIRCLE('',#1719,5.E-1);
#1729=CIRCLE('',#1728,3.E-1);
#1790=CIRCLE('',#1789,3.E-1);
#1799=CIRCLE('',#1798,5.E-1);
#1816=CIRCLE('',#1815,3.E-1);
#1825=CIRCLE('',#1824,5.E-1);
#1846=CIRCLE('',#1845,1.5E-1);
#1855=CIRCLE('',#1854,5.E-1);
#1952=CIRCLE('',#1951,4.E-1);
#1973=CIRCLE('',#1972,5.E-1);
#1982=CIRCLE('',#1981,1.5E-1);
#2015=CIRCLE('',#2014,4.E-1);
#2036=CIRCLE('',#2035,1.5E-1);
#2045=CIRCLE('',#2044,5.E-1);
#2094=CIRCLE('',#2093,4.E-1);
#2115=CIRCLE('',#2114,5.E-1);
#2124=CIRCLE('',#2123,1.5E-1);
#2157=CIRCLE('',#2156,4.E-1);
#2178=CIRCLE('',#2177,1.5E-1);
#2187=CIRCLE('',#2186,5.E-1);
#2236=CIRCLE('',#2235,4.E-1);
#2257=CIRCLE('',#2256,5.E-1);
#2266=CIRCLE('',#2265,1.5E-1);
#2299=CIRCLE('',#2298,4.E-1);
#2320=CIRCLE('',#2319,1.5E-1);
#2329=CIRCLE('',#2328,5.E-1);
#2378=CIRCLE('',#2377,4.E-1);
#2399=CIRCLE('',#2398,5.E-1);
#2408=CIRCLE('',#2407,1.5E-1);
#2441=CIRCLE('',#2440,4.E-1);
#2462=CIRCLE('',#2461,1.5E-1);
#2471=CIRCLE('',#2470,5.E-1);
#3321=EDGE_CURVE('',#2615,#2610,#137,.T.);
#3323=EDGE_CURVE('',#2615,#2546,#141,.T.);
#3325=EDGE_CURVE('',#2546,#2547,#145,.T.);
#3327=EDGE_CURVE('',#2547,#2549,#149,.T.);
#3329=EDGE_CURVE('',#2549,#2551,#153,.T.);
#3331=EDGE_CURVE('',#2551,#2610,#157,.T.);
#3335=ADVANCED_FACE('',(#3334),#3320,.F.);
#3341=EDGE_CURVE('',#2610,#2611,#213,.T.);
#3343=EDGE_CURVE('',#2613,#2611,#363,.T.);
#3345=EDGE_CURVE('',#2613,#2615,#479,.T.);
#3350=ADVANCED_FACE('',(#3349),#3340,.T.);
#3356=EDGE_CURVE('',#2978,#2979,#161,.T.);
#3358=EDGE_CURVE('',#2922,#2978,#431,.T.);
#3360=EDGE_CURVE('',#2922,#2923,#165,.T.);
#3362=EDGE_CURVE('',#2919,#2923,#169,.T.);
#3364=EDGE_CURVE('',#2918,#2919,#173,.T.);
#3366=EDGE_CURVE('',#2862,#2918,#415,.T.);
#3368=EDGE_CURVE('',#2862,#2863,#177,.T.);
#3370=EDGE_CURVE('',#2859,#2863,#181,.T.);
#3372=EDGE_CURVE('',#2858,#2859,#185,.T.);
#3374=EDGE_CURVE('',#2802,#2858,#399,.T.);
#3376=EDGE_CURVE('',#2802,#2803,#189,.T.);
#3378=EDGE_CURVE('',#2799,#2803,#193,.T.);
#3380=EDGE_CURVE('',#2798,#2799,#197,.T.);
#3382=EDGE_CURVE('',#2671,#2798,#383,.T.);
#3384=EDGE_CURVE('',#2671,#2661,#201,.T.);
#3386=EDGE_CURVE('',#2659,#2661,#205,.T.);
#3388=EDGE_CURVE('',#2658,#2659,#209,.T.);
#3390=EDGE_CURVE('',#2611,#2658,#367,.T.);
#3394=EDGE_CURVE('',#2551,#2583,#217,.T.);
#3396=EDGE_CURVE('',#2583,#2590,#221,.T.);
#3398=EDGE_CURVE('',#2590,#2591,#225,.T.);
#3400=EDGE_CURVE('',#2578,#2591,#229,.T.);
#3402=EDGE_CURVE('',#2578,#2561,#233,.T.);
#3404=EDGE_CURVE('',#2561,#2563,#455,.T.);
#3406=EDGE_CURVE('',#2982,#2563,#359,.T.);
#3408=EDGE_CURVE('',#2982,#2983,#237,.T.);
#3410=EDGE_CURVE('',#2979,#2983,#241,.T.);
#3414=ADVANCED_FACE('',(#3413),#3355,.T.);
#3421=EDGE_CURVE('',#2979,#2938,#246,.T.);
#3423=EDGE_CURVE('',#2938,#2939,#250,.T.);
#3425=EDGE_CURVE('',#2939,#2941,#254,.T.);
#3427=EDGE_CURVE('',#2941,#2985,#258,.T.);
#3429=EDGE_CURVE('',#2978,#2985,#347,.T.);
#3433=ADVANCED_FACE('',(#3432),#3419,.F.);
#3439=EDGE_CURVE('',#2990,#2991,#663,.T.);
#3441=EDGE_CURVE('',#2991,#2955,#262,.T.);
#3443=EDGE_CURVE('',#2955,#2944,#267,.T.);
#3445=EDGE_CURVE('',#2944,#2945,#271,.T.);
#3447=EDGE_CURVE('',#2945,#2947,#276,.T.);
#3449=EDGE_CURVE('',#2947,#2949,#280,.T.);
#3451=EDGE_CURVE('',#2949,#2951,#284,.T.);
#3453=EDGE_CURVE('',#2951,#2953,#288,.T.);
#3455=EDGE_CURVE('',#2953,#2990,#292,.T.);
#3459=ADVANCED_FACE('',(#3458),#3438,.F.);
#3466=EDGE_CURVE('',#2983,#2958,#309,.T.);
#3468=EDGE_CURVE('',#2938,#2958,#443,.T.);
#3473=ADVANCED_FACE('',(#3472),#3464,.T.);
#3480=EDGE_CURVE('',#2982,#2987,#355,.T.);
#3482=EDGE_CURVE('',#2961,#2987,#296,.T.);
#3484=EDGE_CURVE('',#2959,#2961,#300,.T.);
#3486=EDGE_CURVE('',#2958,#2959,#304,.T.);
#3491=ADVANCED_FACE('',(#3490),#3478,.T.);
#3497=EDGE_CURVE('',#2994,#2995,#671,.T.);
#3499=EDGE_CURVE('',#2973,#2994,#313,.T.);
#3501=EDGE_CURVE('',#2971,#2973,#317,.T.);
#3503=EDGE_CURVE('',#2969,#2971,#321,.T.);
#3505=EDGE_CURVE('',#2967,#2969,#325,.T.);
#3507=EDGE_CURVE('',#2965,#2967,#330,.T.);
#3509=EDGE_CURVE('',#2964,#2965,#334,.T.);
#3511=EDGE_CURVE('',#2975,#2964,#339,.T.);
#3513=EDGE_CURVE('',#2995,#2975,#343,.T.);
#3517=ADVANCED_FACE('',(#3516),#3496,.T.);
#3524=EDGE_CURVE('',#2985,#2987,#351,.T.);
#3528=EDGE_CURVE('',#2563,#2554,#451,.T.);
#3530=EDGE_CURVE('',#2613,#2554,#483,.T.);
#3534=EDGE_CURVE('',#2658,#2663,#371,.T.);
#3536=EDGE_CURVE('',#2665,#2663,#375,.T.);
#3538=EDGE_CURVE('',#2671,#2665,#379,.T.);
#3541=EDGE_CURVE('',#2798,#2805,#387,.T.);
#3543=EDGE_CURVE('',#2805,#2807,#391,.T.);
#3545=EDGE_CURVE('',#2802,#2807,#395,.T.);
#3548=EDGE_CURVE('',#2858,#2865,#403,.T.);
#3550=EDGE_CURVE('',#2865,#2867,#407,.T.);
#3552=EDGE_CURVE('',#2862,#2867,#411,.T.);
#3555=EDGE_CURVE('',#2918,#2925,#419,.T.);
#3557=EDGE_CURVE('',#2925,#2927,#423,.T.);
#3559=EDGE_CURVE('',#2922,#2927,#427,.T.);
#3564=ADVANCED_FACE('',(#3563),#3522,.T.);
#3572=EDGE_CURVE('',#2941,#2961,#435,.T.);
#3577=ADVANCED_FACE('',(#3576),#3569,.T.);
#3584=EDGE_CURVE('',#2939,#2959,#439,.T.);
#3590=ADVANCED_FACE('',(#3589),#3582,.T.);
#3602=ADVANCED_FACE('',(#3601),#3595,.T.);
#3608=EDGE_CURVE('',#2554,#2555,#447,.T.);
#3612=EDGE_CURVE('',#2559,#2561,#459,.T.);
#3614=EDGE_CURVE('',#2557,#2559,#463,.T.);
#3616=EDGE_CURVE('',#2555,#2557,#467,.T.);
#3620=ADVANCED_FACE('',(#3619),#3607,.T.);
#3629=EDGE_CURVE('',#2546,#2555,#1947,.T.);
#3634=EDGE_CURVE('',#2598,#2599,#471,.T.);
#3636=EDGE_CURVE('',#2607,#2598,#715,.T.);
#3638=EDGE_CURVE('',#2606,#2607,#475,.T.);
#3640=EDGE_CURVE('',#2599,#2606,#679,.T.);
#3644=ADVANCED_FACE('',(#3633,#3643),#3625,.T.);
#3650=EDGE_CURVE('',#2594,#2595,#495,.T.);
#3652=EDGE_CURVE('',#2594,#2598,#487,.T.);
#3655=EDGE_CURVE('',#2599,#2595,#491,.T.);
#3659=ADVANCED_FACE('',(#3658),#3649,.T.);
#3666=EDGE_CURVE('',#2569,#2595,#499,.T.);
#3668=EDGE_CURVE('',#2567,#2569,#503,.T.);
#3670=EDGE_CURVE('',#2566,#2567,#507,.T.);
#3672=EDGE_CURVE('',#2594,#2566,#511,.T.);
#3676=ADVANCED_FACE('',(#3675),#3664,.F.);
#3683=EDGE_CURVE('',#2602,#2595,#683,.T.);
#3685=EDGE_CURVE('',#2602,#2575,#711,.T.);
#3687=EDGE_CURVE('',#2575,#2569,#515,.T.);
#3691=EDGE_CURVE('',#2750,#2751,#519,.T.);
#3693=EDGE_CURVE('',#2750,#2754,#523,.T.);
#3695=EDGE_CURVE('',#2754,#2755,#527,.T.);
#3697=EDGE_CURVE('',#2751,#2755,#531,.T.);
#3701=EDGE_CURVE('',#3058,#3059,#535,.T.);
#3703=EDGE_CURVE('',#3058,#3062,#539,.T.);
#3705=EDGE_CURVE('',#3062,#3063,#543,.T.);
#3707=EDGE_CURVE('',#3059,#3063,#547,.T.);
#3711=EDGE_CURVE('',#3138,#3139,#551,.T.);
#3713=EDGE_CURVE('',#3138,#3142,#555,.T.);
#3715=EDGE_CURVE('',#3142,#3143,#559,.T.);
#3717=EDGE_CURVE('',#3139,#3143,#563,.T.);
#3721=EDGE_CURVE('',#3218,#3219,#567,.T.);
#3723=EDGE_CURVE('',#3218,#3222,#571,.T.);
#3725=EDGE_CURVE('',#3222,#3223,#575,.T.);
#3727=EDGE_CURVE('',#3219,#3223,#579,.T.);
#3731=EDGE_CURVE('',#3298,#3299,#583,.T.);
#3733=EDGE_CURVE('',#3298,#3302,#587,.T.);
#3735=EDGE_CURVE('',#3302,#3303,#591,.T.);
#3737=EDGE_CURVE('',#3299,#3303,#595,.T.);
#3741=EDGE_CURVE('',#2668,#2669,#599,.T.);
#3743=EDGE_CURVE('',#2668,#2674,#603,.T.);
#3745=EDGE_CURVE('',#2674,#2675,#607,.T.);
#3747=EDGE_CURVE('',#2669,#2675,#611,.T.);
#3751=EDGE_CURVE('',#2810,#2811,#615,.T.);
#3753=EDGE_CURVE('',#2810,#2814,#619,.T.);
#3755=EDGE_CURVE('',#2814,#2815,#623,.T.);
#3757=EDGE_CURVE('',#2811,#2815,#627,.T.);
#3761=EDGE_CURVE('',#2870,#2871,#631,.T.);
#3763=EDGE_CURVE('',#2870,#2874,#635,.T.);
#3765=EDGE_CURVE('',#2874,#2875,#639,.T.);
#3767=EDGE_CURVE('',#2871,#2875,#643,.T.);
#3771=EDGE_CURVE('',#2930,#2931,#647,.T.);
#3773=EDGE_CURVE('',#2930,#2934,#651,.T.);
#3775=EDGE_CURVE('',#2934,#2935,#655,.T.);
#3777=EDGE_CURVE('',#2931,#2935,#659,.T.);
#3782=EDGE_CURVE('',#2990,#2994,#667,.T.);
#3785=EDGE_CURVE('',#2991,#2995,#675,.T.);
#3789=ADVANCED_FACE('',(#3690,#3700,#3710,#3720,#3730,#3740,#3750,#3760,#3770,
#3780,#3788),#3681,.F.);
#3796=EDGE_CURVE('',#2602,#2606,#687,.T.);
#3802=ADVANCED_FACE('',(#3801),#3794,.F.);
#3808=EDGE_CURVE('',#2602,#2603,#695,.T.);
#3812=EDGE_CURVE('',#2607,#2603,#691,.T.);
#3816=ADVANCED_FACE('',(#3815),#3807,.T.);
#3823=EDGE_CURVE('',#2603,#2573,#699,.T.);
#3825=EDGE_CURVE('',#2572,#2573,#703,.T.);
#3827=EDGE_CURVE('',#2575,#2572,#707,.T.);
#3832=ADVANCED_FACE('',(#3831),#3821,.F.);
#3843=EDGE_CURVE('',#2573,#2566,#719,.T.);
#3847=ADVANCED_FACE('',(#3846),#3837,.F.);
#3854=EDGE_CURVE('',#2572,#2567,#723,.T.);
#3860=ADVANCED_FACE('',(#3859),#3852,.F.);
#3872=ADVANCED_FACE('',(#3871),#3865,.F.);
#3878=EDGE_CURVE('',#2710,#2711,#829,.T.);
#3880=EDGE_CURVE('',#2711,#2715,#1149,.T.);
#3882=EDGE_CURVE('',#2715,#2678,#728,.T.);
#3884=EDGE_CURVE('',#2678,#2679,#732,.T.);
#3886=EDGE_CURVE('',#2679,#2681,#737,.T.);
#3888=EDGE_CURVE('',#2681,#2683,#741,.T.);
#3890=EDGE_CURVE('',#2683,#2685,#745,.T.);
#3892=EDGE_CURVE('',#2685,#2687,#749,.T.);
#3894=EDGE_CURVE('',#2687,#2689,#754,.T.);
#3896=EDGE_CURVE('',#2689,#2691,#758,.T.);
#3898=EDGE_CURVE('',#2691,#2710,#763,.T.);
#3902=ADVANCED_FACE('',(#3901),#3877,.F.);
#3909=EDGE_CURVE('',#2751,#2722,#767,.T.);
#3911=EDGE_CURVE('',#2722,#2723,#772,.T.);
#3913=EDGE_CURVE('',#2723,#2725,#776,.T.);
#3915=EDGE_CURVE('',#2725,#2727,#781,.T.);
#3917=EDGE_CURVE('',#2727,#2729,#785,.T.);
#3919=EDGE_CURVE('',#2729,#2731,#789,.T.);
#3921=EDGE_CURVE('',#2731,#2733,#793,.T.);
#3923=EDGE_CURVE('',#2733,#2750,#797,.T.);
#3927=ADVANCED_FACE('',(#3926),#3907,.F.);
#3933=EDGE_CURVE('',#3306,#3307,#801,.T.);
#3935=EDGE_CURVE('',#3306,#3310,#805,.T.);
#3937=EDGE_CURVE('',#3310,#3311,#809,.T.);
#3939=EDGE_CURVE('',#2585,#3311,#813,.T.);
#3941=EDGE_CURVE('',#2591,#2585,#817,.T.);
#3944=EDGE_CURVE('',#2587,#2590,#821,.T.);
#3946=EDGE_CURVE('',#2711,#2587,#825,.T.);
#3949=EDGE_CURVE('',#2710,#2713,#833,.T.);
#3951=EDGE_CURVE('',#2713,#2719,#837,.T.);
#3953=EDGE_CURVE('',#3067,#2719,#841,.T.);
#3955=EDGE_CURVE('',#3066,#3067,#845,.T.);
#3957=EDGE_CURVE('',#3066,#3070,#849,.T.);
#3959=EDGE_CURVE('',#3070,#3071,#853,.T.);
#3961=EDGE_CURVE('',#3147,#3071,#857,.T.);
#3963=EDGE_CURVE('',#3146,#3147,#861,.T.);
#3965=EDGE_CURVE('',#3146,#3150,#865,.T.);
#3967=EDGE_CURVE('',#3150,#3151,#869,.T.);
#3969=EDGE_CURVE('',#3227,#3151,#873,.T.);
#3971=EDGE_CURVE('',#3226,#3227,#877,.T.);
#3973=EDGE_CURVE('',#3226,#3230,#881,.T.);
#3975=EDGE_CURVE('',#3230,#3231,#885,.T.);
#3977=EDGE_CURVE('',#3307,#3231,#889,.T.);
#3981=ADVANCED_FACE('',(#3980),#3932,.T.);
#3988=EDGE_CURVE('',#3299,#3254,#893,.T.);
#3990=EDGE_CURVE('',#3254,#3255,#898,.T.);
#3992=EDGE_CURVE('',#3255,#3257,#902,.T.);
#3994=EDGE_CURVE('',#3257,#3259,#907,.T.);
#3996=EDGE_CURVE('',#3259,#3261,#911,.T.);
#3998=EDGE_CURVE('',#3261,#3263,#915,.T.);
#4000=EDGE_CURVE('',#3263,#3265,#919,.T.);
#4002=EDGE_CURVE('',#3265,#3298,#923,.T.);
#4006=ADVANCED_FACE('',(#4005),#3986,.F.);
#4013=EDGE_CURVE('',#3307,#3313,#1101,.T.);
#4015=EDGE_CURVE('',#3313,#3238,#928,.T.);
#4017=EDGE_CURVE('',#3238,#3239,#932,.T.);
#4019=EDGE_CURVE('',#3239,#3241,#937,.T.);
#4021=EDGE_CURVE('',#3241,#3243,#941,.T.);
#4023=EDGE_CURVE('',#3243,#3245,#945,.T.);
#4025=EDGE_CURVE('',#3245,#3247,#949,.T.);
#4027=EDGE_CURVE('',#3247,#3249,#954,.T.);
#4029=EDGE_CURVE('',#3249,#3251,#958,.T.);
#4031=EDGE_CURVE('',#3251,#3306,#963,.T.);
#4035=ADVANCED_FACE('',(#4034),#4011,.F.);
#4042=EDGE_CURVE('',#3303,#3284,#997,.T.);
#4044=EDGE_CURVE('',#3254,#3284,#1065,.T.);
#4049=ADVANCED_FACE('',(#4048),#4040,.T.);
#4056=EDGE_CURVE('',#3295,#3302,#967,.T.);
#4058=EDGE_CURVE('',#3293,#3295,#971,.T.);
#4060=EDGE_CURVE('',#3291,#3293,#975,.T.);
#4062=EDGE_CURVE('',#3289,#3291,#979,.T.);
#4064=EDGE_CURVE('',#3287,#3289,#984,.T.);
#4066=EDGE_CURVE('',#3285,#3287,#988,.T.);
#4068=EDGE_CURVE('',#3284,#3285,#993,.T.);
#4073=ADVANCED_FACE('',(#4072),#4054,.T.);
#4080=EDGE_CURVE('',#3281,#3310,#1002,.T.);
#4082=EDGE_CURVE('',#3279,#3281,#1006,.T.);
#4084=EDGE_CURVE('',#3277,#3279,#1011,.T.);
#4086=EDGE_CURVE('',#3275,#3277,#1015,.T.);
#4088=EDGE_CURVE('',#3273,#3275,#1019,.T.);
#4090=EDGE_CURVE('',#3271,#3273,#1023,.T.);
#4092=EDGE_CURVE('',#3269,#3271,#1028,.T.);
#4094=EDGE_CURVE('',#3268,#3269,#1032,.T.);
#4096=EDGE_CURVE('',#3315,#3268,#1037,.T.);
#4098=EDGE_CURVE('',#3311,#3315,#1157,.T.);
#4102=ADVANCED_FACE('',(#4101),#4078,.T.);
#4110=EDGE_CURVE('',#3265,#3295,#1041,.T.);
#4115=ADVANCED_FACE('',(#4114),#4107,.T.);
#4122=EDGE_CURVE('',#3263,#3293,#1045,.T.);
#4128=ADVANCED_FACE('',(#4127),#4120,.T.);
#4135=EDGE_CURVE('',#3261,#3291,#1049,.T.);
#4141=ADVANCED_FACE('',(#4140),#4133,.T.);
#4148=EDGE_CURVE('',#3259,#3289,#1053,.T.);
#4154=ADVANCED_FACE('',(#4153),#4146,.T.);
#4161=EDGE_CURVE('',#3257,#3287,#1057,.T.);
#4167=ADVANCED_FACE('',(#4166),#4159,.T.);
#4174=EDGE_CURVE('',#3255,#3285,#1061,.T.);
#4180=ADVANCED_FACE('',(#4179),#4172,.T.);
#4192=ADVANCED_FACE('',(#4191),#4185,.F.);
#4200=EDGE_CURVE('',#3251,#3281,#1069,.T.);
#4205=ADVANCED_FACE('',(#4204),#4197,.F.);
#4212=EDGE_CURVE('',#3249,#3279,#1073,.T.);
#4218=ADVANCED_FACE('',(#4217),#4210,.T.);
#4225=EDGE_CURVE('',#3247,#3277,#1077,.T.);
#4231=ADVANCED_FACE('',(#4230),#4223,.T.);
#4238=EDGE_CURVE('',#3245,#3275,#1081,.T.);
#4244=ADVANCED_FACE('',(#4243),#4236,.T.);
#4251=EDGE_CURVE('',#3243,#3273,#1085,.T.);
#4257=ADVANCED_FACE('',(#4256),#4249,.T.);
#4264=EDGE_CURVE('',#3241,#3271,#1089,.T.);
#4270=ADVANCED_FACE('',(#4269),#4262,.T.);
#4277=EDGE_CURVE('',#3239,#3269,#1093,.T.);
#4283=ADVANCED_FACE('',(#4282),#4275,.F.);
#4290=EDGE_CURVE('',#3238,#3268,#1097,.T.);
#4296=ADVANCED_FACE('',(#4295),#4288,.T.);
#4302=EDGE_CURVE('',#3313,#3315,#1161,.T.);
#4309=ADVANCED_FACE('',(#4308),#4301,.T.);
#4317=EDGE_CURVE('',#3231,#3235,#1105,.T.);
#4319=EDGE_CURVE('',#3233,#3235,#1109,.T.);
#4321=EDGE_CURVE('',#3227,#3233,#1113,.T.);
#4324=EDGE_CURVE('',#3151,#3155,#1117,.T.);
#4326=EDGE_CURVE('',#3153,#3155,#1121,.T.);
#4328=EDGE_CURVE('',#3147,#3153,#1125,.T.);
#4331=EDGE_CURVE('',#3071,#3075,#1129,.T.);
#4333=EDGE_CURVE('',#3073,#3075,#1133,.T.);
#4335=EDGE_CURVE('',#3067,#3073,#1137,.T.);
#4338=EDGE_CURVE('',#2719,#2717,#1141,.T.);
#4340=EDGE_CURVE('',#2715,#2717,#1145,.T.);
#4344=EDGE_CURVE('',#2581,#2587,#1923,.T.);
#4346=EDGE_CURVE('',#2579,#2581,#1931,.T.);
#4348=EDGE_CURVE('',#2579,#2585,#1153,.T.);
#4355=ADVANCED_FACE('',(#4354),#4314,.F.);
#4362=EDGE_CURVE('',#3215,#3222,#1165,.T.);
#4364=EDGE_CURVE('',#3213,#3215,#1169,.T.);
#4366=EDGE_CURVE('',#3211,#3213,#1173,.T.);
#4368=EDGE_CURVE('',#3209,#3211,#1177,.T.);
#4370=EDGE_CURVE('',#3207,#3209,#1182,.T.);
#4372=EDGE_CURVE('',#3205,#3207,#1186,.T.);
#4374=EDGE_CURVE('',#3204,#3205,#1191,.T.);
#4376=EDGE_CURVE('',#3223,#3204,#1195,.T.);
#4380=ADVANCED_FACE('',(#4379),#4360,.T.);
#4387=EDGE_CURVE('',#3201,#3230,#1200,.T.);
#4389=EDGE_CURVE('',#3199,#3201,#1204,.T.);
#4391=EDGE_CURVE('',#3197,#3199,#1209,.T.);
#4393=EDGE_CURVE('',#3195,#3197,#1213,.T.);
#4395=EDGE_CURVE('',#3193,#3195,#1217,.T.);
#4397=EDGE_CURVE('',#3191,#3193,#1221,.T.);
#4399=EDGE_CURVE('',#3189,#3191,#1226,.T.);
#4401=EDGE_CURVE('',#3188,#3189,#1230,.T.);
#4403=EDGE_CURVE('',#3235,#3188,#1235,.T.);
#4408=ADVANCED_FACE('',(#4407),#4385,.T.);
#4415=EDGE_CURVE('',#3185,#3218,#1273,.T.);
#4417=EDGE_CURVE('',#3185,#3215,#1239,.T.);
#4422=ADVANCED_FACE('',(#4421),#4413,.T.);
#4429=EDGE_CURVE('',#3219,#3174,#1243,.T.);
#4431=EDGE_CURVE('',#3174,#3175,#1248,.T.);
#4433=EDGE_CURVE('',#3175,#3177,#1252,.T.);
#4435=EDGE_CURVE('',#3177,#3179,#1257,.T.);
#4437=EDGE_CURVE('',#3179,#3181,#1261,.T.);
#4439=EDGE_CURVE('',#3181,#3183,#1265,.T.);
#4441=EDGE_CURVE('',#3183,#3185,#1269,.T.);
#4446=ADVANCED_FACE('',(#4445),#4427,.F.);
#4454=EDGE_CURVE('',#3233,#3158,#1278,.T.);
#4456=EDGE_CURVE('',#3158,#3159,#1282,.T.);
#4458=EDGE_CURVE('',#3159,#3161,#1287,.T.);
#4460=EDGE_CURVE('',#3161,#3163,#1291,.T.);
#4462=EDGE_CURVE('',#3163,#3165,#1295,.T.);
#4464=EDGE_CURVE('',#3165,#3167,#1299,.T.);
#4466=EDGE_CURVE('',#3167,#3169,#1304,.T.);
#4468=EDGE_CURVE('',#3169,#3171,#1308,.T.);
#4470=EDGE_CURVE('',#3171,#3226,#1313,.T.);
#4474=ADVANCED_FACE('',(#4473),#4451,.F.);
#4482=EDGE_CURVE('',#3174,#3204,#1317,.T.);
#4487=ADVANCED_FACE('',(#4486),#4479,.T.);
#4496=EDGE_CURVE('',#3175,#3205,#1321,.T.);
#4500=ADVANCED_FACE('',(#4499),#4492,.F.);
#4509=EDGE_CURVE('',#3177,#3207,#1325,.T.);
#4513=ADVANCED_FACE('',(#4512),#4505,.T.);
#4522=EDGE_CURVE('',#3179,#3209,#1329,.T.);
#4526=ADVANCED_FACE('',(#4525),#4518,.T.);
#4535=EDGE_CURVE('',#3181,#3211,#1333,.T.);
#4539=ADVANCED_FACE('',(#4538),#4531,.T.);
#4548=EDGE_CURVE('',#3183,#3213,#1337,.T.);
#4552=ADVANCED_FACE('',(#4551),#4544,.T.);
#4564=ADVANCED_FACE('',(#4563),#4557,.T.);
#4572=EDGE_CURVE('',#3158,#3188,#1341,.T.);
#4577=ADVANCED_FACE('',(#4576),#4569,.T.);
#4586=EDGE_CURVE('',#3159,#3189,#1345,.T.);
#4590=ADVANCED_FACE('',(#4589),#4582,.T.);
#4599=EDGE_CURVE('',#3161,#3191,#1349,.T.);
#4603=ADVANCED_FACE('',(#4602),#4595,.F.);
#4612=EDGE_CURVE('',#3163,#3193,#1353,.T.);
#4616=ADVANCED_FACE('',(#4615),#4608,.T.);
#4625=EDGE_CURVE('',#3165,#3195,#1357,.T.);
#4629=ADVANCED_FACE('',(#4628),#4621,.T.);
#4638=EDGE_CURVE('',#3167,#3197,#1361,.T.);
#4642=ADVANCED_FACE('',(#4641),#4634,.T.);
#4651=EDGE_CURVE('',#3169,#3199,#1365,.T.);
#4655=ADVANCED_FACE('',(#4654),#4647,.T.);
#4664=EDGE_CURVE('',#3171,#3201,#1369,.T.);
#4668=ADVANCED_FACE('',(#4667),#4660,.T.);
#4680=ADVANCED_FACE('',(#4679),#4673,.F.);
#4687=EDGE_CURVE('',#3135,#3142,#1373,.T.);
#4689=EDGE_CURVE('',#3133,#3135,#1377,.T.);
#4691=EDGE_CURVE('',#3131,#3133,#1381,.T.);
#4693=EDGE_CURVE('',#3129,#3131,#1385,.T.);
#4695=EDGE_CURVE('',#3127,#3129,#1390,.T.);
#4697=EDGE_CURVE('',#3125,#3127,#1394,.T.);
#4699=EDGE_CURVE('',#3124,#3125,#1399,.T.);
#4701=EDGE_CURVE('',#3143,#3124,#1403,.T.);
#4705=ADVANCED_FACE('',(#4704),#4685,.T.);
#4712=EDGE_CURVE('',#3121,#3150,#1408,.T.);
#4714=EDGE_CURVE('',#3119,#3121,#1412,.T.);
#4716=EDGE_CURVE('',#3117,#3119,#1417,.T.);
#4718=EDGE_CURVE('',#3115,#3117,#1421,.T.);
#4720=EDGE_CURVE('',#3113,#3115,#1425,.T.);
#4722=EDGE_CURVE('',#3111,#3113,#1429,.T.);
#4724=EDGE_CURVE('',#3109,#3111,#1434,.T.);
#4726=EDGE_CURVE('',#3108,#3109,#1438,.T.);
#4728=EDGE_CURVE('',#3155,#3108,#1443,.T.);
#4733=ADVANCED_FACE('',(#4732),#4710,.T.);
#4740=EDGE_CURVE('',#3105,#3138,#1481,.T.);
#4742=EDGE_CURVE('',#3105,#3135,#1447,.T.);
#4747=ADVANCED_FACE('',(#4746),#4738,.T.);
#4754=EDGE_CURVE('',#3139,#3094,#1451,.T.);
#4756=EDGE_CURVE('',#3094,#3095,#1456,.T.);
#4758=EDGE_CURVE('',#3095,#3097,#1460,.T.);
#4760=EDGE_CURVE('',#3097,#3099,#1465,.T.);
#4762=EDGE_CURVE('',#3099,#3101,#1469,.T.);
#4764=EDGE_CURVE('',#3101,#3103,#1473,.T.);
#4766=EDGE_CURVE('',#3103,#3105,#1477,.T.);
#4771=ADVANCED_FACE('',(#4770),#4752,.F.);
#4779=EDGE_CURVE('',#3153,#3078,#1486,.T.);
#4781=EDGE_CURVE('',#3078,#3079,#1490,.T.);
#4783=EDGE_CURVE('',#3079,#3081,#1495,.T.);
#4785=EDGE_CURVE('',#3081,#3083,#1499,.T.);
#4787=EDGE_CURVE('',#3083,#3085,#1503,.T.);
#4789=EDGE_CURVE('',#3085,#3087,#1507,.T.);
#4791=EDGE_CURVE('',#3087,#3089,#1512,.T.);
#4793=EDGE_CURVE('',#3089,#3091,#1516,.T.);
#4795=EDGE_CURVE('',#3091,#3146,#1521,.T.);
#4799=ADVANCED_FACE('',(#4798),#4776,.F.);
#4807=EDGE_CURVE('',#3094,#3124,#1525,.T.);
#4812=ADVANCED_FACE('',(#4811),#4804,.T.);
#4821=EDGE_CURVE('',#3095,#3125,#1529,.T.);
#4825=ADVANCED_FACE('',(#4824),#4817,.F.);
#4834=EDGE_CURVE('',#3097,#3127,#1533,.T.);
#4838=ADVANCED_FACE('',(#4837),#4830,.T.);
#4847=EDGE_CURVE('',#3099,#3129,#1537,.T.);
#4851=ADVANCED_FACE('',(#4850),#4843,.T.);
#4860=EDGE_CURVE('',#3101,#3131,#1541,.T.);
#4864=ADVANCED_FACE('',(#4863),#4856,.T.);
#4873=EDGE_CURVE('',#3103,#3133,#1545,.T.);
#4877=ADVANCED_FACE('',(#4876),#4869,.T.);
#4889=ADVANCED_FACE('',(#4888),#4882,.T.);
#4897=EDGE_CURVE('',#3078,#3108,#1549,.T.);
#4902=ADVANCED_FACE('',(#4901),#4894,.T.);
#4911=EDGE_CURVE('',#3079,#3109,#1553,.T.);
#4915=ADVANCED_FACE('',(#4914),#4907,.T.);
#4924=EDGE_CURVE('',#3081,#3111,#1557,.T.);
#4928=ADVANCED_FACE('',(#4927),#4920,.F.);
#4937=EDGE_CURVE('',#3083,#3113,#1561,.T.);
#4941=ADVANCED_FACE('',(#4940),#4933,.T.);
#4950=EDGE_CURVE('',#3085,#3115,#1565,.T.);
#4954=ADVANCED_FACE('',(#4953),#4946,.T.);
#4963=EDGE_CURVE('',#3087,#3117,#1569,.T.);
#4967=ADVANCED_FACE('',(#4966),#4959,.T.);
#4976=EDGE_CURVE('',#3089,#3119,#1573,.T.);
#4980=ADVANCED_FACE('',(#4979),#4972,.T.);
#4989=EDGE_CURVE('',#3091,#3121,#1577,.T.);
#4993=ADVANCED_FACE('',(#4992),#4985,.T.);
#5005=ADVANCED_FACE('',(#5004),#4998,.F.);
#5012=EDGE_CURVE('',#3055,#3062,#1581,.T.);
#5014=EDGE_CURVE('',#3053,#3055,#1585,.T.);
#5016=EDGE_CURVE('',#3051,#3053,#1589,.T.);
#5018=EDGE_CURVE('',#3049,#3051,#1593,.T.);
#5020=EDGE_CURVE('',#3047,#3049,#1598,.T.);
#5022=EDGE_CURVE('',#3045,#3047,#1602,.T.);
#5024=EDGE_CURVE('',#3044,#3045,#1607,.T.);
#5026=EDGE_CURVE('',#3063,#3044,#1611,.T.);
#5030=ADVANCED_FACE('',(#5029),#5010,.T.);
#5037=EDGE_CURVE('',#3041,#3070,#1616,.T.);
#5039=EDGE_CURVE('',#3039,#3041,#1620,.T.);
#5041=EDGE_CURVE('',#3037,#3039,#1625,.T.);
#5043=EDGE_CURVE('',#3035,#3037,#1629,.T.);
#5045=EDGE_CURVE('',#3033,#3035,#1633,.T.);
#5047=EDGE_CURVE('',#3031,#3033,#1637,.T.);
#5049=EDGE_CURVE('',#3029,#3031,#1642,.T.);
#5051=EDGE_CURVE('',#3028,#3029,#1646,.T.);
#5053=EDGE_CURVE('',#3075,#3028,#1651,.T.);
#5058=ADVANCED_FACE('',(#5057),#5035,.T.);
#5065=EDGE_CURVE('',#3025,#3058,#1689,.T.);
#5067=EDGE_CURVE('',#3025,#3055,#1655,.T.);
#5072=ADVANCED_FACE('',(#5071),#5063,.T.);
#5079=EDGE_CURVE('',#3059,#3014,#1659,.T.);
#5081=EDGE_CURVE('',#3014,#3015,#1664,.T.);
#5083=EDGE_CURVE('',#3015,#3017,#1668,.T.);
#5085=EDGE_CURVE('',#3017,#3019,#1673,.T.);
#5087=EDGE_CURVE('',#3019,#3021,#1677,.T.);
#5089=EDGE_CURVE('',#3021,#3023,#1681,.T.);
#5091=EDGE_CURVE('',#3023,#3025,#1685,.T.);
#5096=ADVANCED_FACE('',(#5095),#5077,.F.);
#5104=EDGE_CURVE('',#3073,#2998,#1694,.T.);
#5106=EDGE_CURVE('',#2998,#2999,#1698,.T.);
#5108=EDGE_CURVE('',#2999,#3001,#1703,.T.);
#5110=EDGE_CURVE('',#3001,#3003,#1707,.T.);
#5112=EDGE_CURVE('',#3003,#3005,#1711,.T.);
#5114=EDGE_CURVE('',#3005,#3007,#1715,.T.);
#5116=EDGE_CURVE('',#3007,#3009,#1720,.T.);
#5118=EDGE_CURVE('',#3009,#3011,#1724,.T.);
#5120=EDGE_CURVE('',#3011,#3066,#1729,.T.);
#5124=ADVANCED_FACE('',(#5123),#5101,.F.);
#5132=EDGE_CURVE('',#3014,#3044,#1733,.T.);
#5137=ADVANCED_FACE('',(#5136),#5129,.T.);
#5146=EDGE_CURVE('',#3015,#3045,#1737,.T.);
#5150=ADVANCED_FACE('',(#5149),#5142,.F.);
#5159=EDGE_CURVE('',#3017,#3047,#1741,.T.);
#5163=ADVANCED_FACE('',(#5162),#5155,.T.);
#5172=EDGE_CURVE('',#3019,#3049,#1745,.T.);
#5176=ADVANCED_FACE('',(#5175),#5168,.T.);
#5185=EDGE_CURVE('',#3021,#3051,#1749,.T.);
#5189=ADVANCED_FACE('',(#5188),#5181,.T.);
#5198=EDGE_CURVE('',#3023,#3053,#1753,.T.);
#5202=ADVANCED_FACE('',(#5201),#5194,.T.);
#5214=ADVANCED_FACE('',(#5213),#5207,.T.);
#5222=EDGE_CURVE('',#2998,#3028,#1757,.T.);
#5227=ADVANCED_FACE('',(#5226),#5219,.T.);
#5236=EDGE_CURVE('',#2999,#3029,#1761,.T.);
#5240=ADVANCED_FACE('',(#5239),#5232,.T.);
#5249=EDGE_CURVE('',#3001,#3031,#1765,.T.);
#5253=ADVANCED_FACE('',(#5252),#5245,.F.);
#5262=EDGE_CURVE('',#3003,#3033,#1769,.T.);
#5266=ADVANCED_FACE('',(#5265),#5258,.T.);
#5275=EDGE_CURVE('',#3005,#3035,#1773,.T.);
#5279=ADVANCED_FACE('',(#5278),#5271,.T.);
#5288=EDGE_CURVE('',#3007,#3037,#1777,.T.);
#5292=ADVANCED_FACE('',(#5291),#5284,.T.);
#5301=EDGE_CURVE('',#3009,#3039,#1781,.T.);
#5305=ADVANCED_FACE('',(#5304),#5297,.T.);
#5314=EDGE_CURVE('',#3011,#3041,#1785,.T.);
#5318=ADVANCED_FACE('',(#5317),#5310,.T.);
#5330=ADVANCED_FACE('',(#5329),#5323,.F.);
#5337=EDGE_CURVE('',#2707,#2713,#1790,.T.);
#5339=EDGE_CURVE('',#2705,#2707,#1794,.T.);
#5341=EDGE_CURVE('',#2703,#2705,#1799,.T.);
#5343=EDGE_CURVE('',#2701,#2703,#1803,.T.);
#5345=EDGE_CURVE('',#2699,#2701,#1807,.T.);
#5347=EDGE_CURVE('',#2697,#2699,#1811,.T.);
#5349=EDGE_CURVE('',#2695,#2697,#1816,.T.);
#5351=EDGE_CURVE('',#2694,#2695,#1820,.T.);
#5353=EDGE_CURVE('',#2717,#2694,#1825,.T.);
#5358=ADVANCED_FACE('',(#5357),#5335,.T.);
#5365=EDGE_CURVE('',#2747,#2754,#1829,.T.);
#5367=EDGE_CURVE('',#2745,#2747,#1833,.T.);
#5369=EDGE_CURVE('',#2743,#2745,#1837,.T.);
#5371=EDGE_CURVE('',#2741,#2743,#1841,.T.);
#5373=EDGE_CURVE('',#2739,#2741,#1846,.T.);
#5375=EDGE_CURVE('',#2737,#2739,#1850,.T.);
#5377=EDGE_CURVE('',#2736,#2737,#1855,.T.);
#5379=EDGE_CURVE('',#2755,#2736,#1859,.T.);
#5383=ADVANCED_FACE('',(#5382),#5363,.T.);
#5391=EDGE_CURVE('',#2691,#2707,#1863,.T.);
#5396=ADVANCED_FACE('',(#5395),#5388,.F.);
#5403=EDGE_CURVE('',#2689,#2705,#1867,.T.);
#5409=ADVANCED_FACE('',(#5408),#5401,.T.);
#5416=EDGE_CURVE('',#2687,#2703,#1871,.T.);
#5422=ADVANCED_FACE('',(#5421),#5414,.T.);
#5429=EDGE_CURVE('',#2685,#2701,#1875,.T.);
#5435=ADVANCED_FACE('',(#5434),#5427,.T.);
#5442=EDGE_CURVE('',#2683,#2699,#1879,.T.);
#5448=ADVANCED_FACE('',(#5447),#5440,.T.);
#5455=EDGE_CURVE('',#2681,#2697,#1883,.T.);
#5461=ADVANCED_FACE('',(#5460),#5453,.T.);
#5468=EDGE_CURVE('',#2679,#2695,#1887,.T.);
#5474=ADVANCED_FACE('',(#5473),#5466,.F.);
#5481=EDGE_CURVE('',#2678,#2694,#1891,.T.);
#5487=ADVANCED_FACE('',(#5486),#5479,.T.);
#5499=ADVANCED_FACE('',(#5498),#5492,.T.);
#5507=EDGE_CURVE('',#2733,#2747,#1895,.T.);
#5512=ADVANCED_FACE('',(#5511),#5504,.T.);
#5519=EDGE_CURVE('',#2731,#2745,#1899,.T.);
#5525=ADVANCED_FACE('',(#5524),#5517,.T.);
#5532=EDGE_CURVE('',#2729,#2743,#1903,.T.);
#5538=ADVANCED_FACE('',(#5537),#5530,.T.);
#5545=EDGE_CURVE('',#2727,#2741,#1907,.T.);
#5551=ADVANCED_FACE('',(#5550),#5543,.T.);
#5558=EDGE_CURVE('',#2725,#2739,#1911,.T.);
#5564=ADVANCED_FACE('',(#5563),#5556,.T.);
#5571=EDGE_CURVE('',#2723,#2737,#1915,.T.);
#5577=ADVANCED_FACE('',(#5576),#5569,.T.);
#5584=EDGE_CURVE('',#2722,#2736,#1919,.T.);
#5590=ADVANCED_FACE('',(#5589),#5582,.F.);
#5602=ADVANCED_FACE('',(#5601),#5595,.T.);
#5608=EDGE_CURVE('',#2583,#2581,#1935,.T.);
#5615=ADVANCED_FACE('',(#5614),#5607,.F.);
#5621=EDGE_CURVE('',#2578,#2579,#1927,.T.);
#5627=EDGE_CURVE('',#2549,#2559,#1939,.T.);
#5633=ADVANCED_FACE('',(#5632),#5620,.T.);
#5645=ADVANCED_FACE('',(#5644),#5638,.F.);
#5652=EDGE_CURVE('',#2547,#2557,#1943,.T.);
#5658=ADVANCED_FACE('',(#5657),#5650,.T.);
#5670=ADVANCED_FACE('',(#5669),#5663,.T.);
#5677=EDGE_CURVE('',#2659,#2618,#1952,.T.);
#5679=EDGE_CURVE('',#2618,#2619,#1956,.T.);
#5681=EDGE_CURVE('',#2619,#2621,#1960,.T.);
#5683=EDGE_CURVE('',#2621,#2663,#1964,.T.);
#5688=ADVANCED_FACE('',(#5687),#5675,.F.);
#5695=EDGE_CURVE('',#2669,#2624,#1968,.T.);
#5697=EDGE_CURVE('',#2624,#2625,#1973,.T.);
#5699=EDGE_CURVE('',#2625,#2627,#1977,.T.);
#5701=EDGE_CURVE('',#2627,#2629,#1982,.T.);
#5703=EDGE_CURVE('',#2629,#2631,#1986,.T.);
#5705=EDGE_CURVE('',#2631,#2633,#1990,.T.);
#5707=EDGE_CURVE('',#2633,#2635,#1994,.T.);
#5709=EDGE_CURVE('',#2635,#2668,#1998,.T.);
#5713=ADVANCED_FACE('',(#5712),#5693,.F.);
#5720=EDGE_CURVE('',#2661,#2638,#2015,.T.);
#5722=EDGE_CURVE('',#2618,#2638,#2061,.T.);
#5727=ADVANCED_FACE('',(#5726),#5718,.T.);
#5735=EDGE_CURVE('',#2641,#2665,#2002,.T.);
#5737=EDGE_CURVE('',#2639,#2641,#2006,.T.);
#5739=EDGE_CURVE('',#2638,#2639,#2010,.T.);
#5744=ADVANCED_FACE('',(#5743),#5732,.T.);
#5751=EDGE_CURVE('',#2655,#2674,#2019,.T.);
#5753=EDGE_CURVE('',#2653,#2655,#2023,.T.);
#5755=EDGE_CURVE('',#2651,#2653,#2027,.T.);
#5757=EDGE_CURVE('',#2649,#2651,#2031,.T.);
#5759=EDGE_CURVE('',#2647,#2649,#2036,.T.);
#5761=EDGE_CURVE('',#2645,#2647,#2040,.T.);
#5763=EDGE_CURVE('',#2644,#2645,#2045,.T.);
#5765=EDGE_CURVE('',#2675,#2644,#2049,.T.);
#5769=ADVANCED_FACE('',(#5768),#5749,.T.);
#5777=EDGE_CURVE('',#2621,#2641,#2053,.T.);
#5782=ADVANCED_FACE('',(#5781),#5774,.T.);
#5789=EDGE_CURVE('',#2619,#2639,#2057,.T.);
#5795=ADVANCED_FACE('',(#5794),#5787,.T.);
#5807=ADVANCED_FACE('',(#5806),#5800,.T.);
#5815=EDGE_CURVE('',#2635,#2655,#2065,.T.);
#5820=ADVANCED_FACE('',(#5819),#5812,.T.);
#5827=EDGE_CURVE('',#2633,#2653,#2069,.T.);
#5833=ADVANCED_FACE('',(#5832),#5825,.T.);
#5840=EDGE_CURVE('',#2631,#2651,#2073,.T.);
#5846=ADVANCED_FACE('',(#5845),#5838,.T.);
#5853=EDGE_CURVE('',#2629,#2649,#2077,.T.);
#5859=ADVANCED_FACE('',(#5858),#5851,.T.);
#5866=EDGE_CURVE('',#2627,#2647,#2081,.T.);
#5872=ADVANCED_FACE('',(#5871),#5864,.T.);
#5879=EDGE_CURVE('',#2625,#2645,#2085,.T.);
#5885=ADVANCED_FACE('',(#5884),#5877,.T.);
#5892=EDGE_CURVE('',#2624,#2644,#2089,.T.);
#5898=ADVANCED_FACE('',(#5897),#5890,.F.);
#5910=ADVANCED_FACE('',(#5909),#5903,.T.);
#5917=EDGE_CURVE('',#2799,#2758,#2094,.T.);
#5919=EDGE_CURVE('',#2758,#2759,#2098,.T.);
#5921=EDGE_CURVE('',#2759,#2761,#2102,.T.);
#5923=EDGE_CURVE('',#2761,#2805,#2106,.T.);
#5928=ADVANCED_FACE('',(#5927),#5915,.F.);
#5935=EDGE_CURVE('',#2811,#2775,#2110,.T.);
#5937=EDGE_CURVE('',#2775,#2764,#2115,.T.);
#5939=EDGE_CURVE('',#2764,#2765,#2119,.T.);
#5941=EDGE_CURVE('',#2765,#2767,#2124,.T.);
#5943=EDGE_CURVE('',#2767,#2769,#2128,.T.);
#5945=EDGE_CURVE('',#2769,#2771,#2132,.T.);
#5947=EDGE_CURVE('',#2771,#2773,#2136,.T.);
#5949=EDGE_CURVE('',#2773,#2810,#2140,.T.);
#5953=ADVANCED_FACE('',(#5952),#5933,.F.);
#5960=EDGE_CURVE('',#2803,#2778,#2157,.T.);
#5962=EDGE_CURVE('',#2758,#2778,#2203,.T.);
#5967=ADVANCED_FACE('',(#5966),#5958,.T.);
#5975=EDGE_CURVE('',#2781,#2807,#2144,.T.);
#5977=EDGE_CURVE('',#2779,#2781,#2148,.T.);
#5979=EDGE_CURVE('',#2778,#2779,#2152,.T.);
#5984=ADVANCED_FACE('',(#5983),#5972,.T.);
#5991=EDGE_CURVE('',#2793,#2814,#2161,.T.);
#5993=EDGE_CURVE('',#2791,#2793,#2165,.T.);
#5995=EDGE_CURVE('',#2789,#2791,#2169,.T.);
#5997=EDGE_CURVE('',#2787,#2789,#2173,.T.);
#5999=EDGE_CURVE('',#2785,#2787,#2178,.T.);
#6001=EDGE_CURVE('',#2784,#2785,#2182,.T.);
#6003=EDGE_CURVE('',#2795,#2784,#2187,.T.);
#6005=EDGE_CURVE('',#2815,#2795,#2191,.T.);
#6009=ADVANCED_FACE('',(#6008),#5989,.T.);
#6017=EDGE_CURVE('',#2761,#2781,#2195,.T.);
#6022=ADVANCED_FACE('',(#6021),#6014,.T.);
#6029=EDGE_CURVE('',#2759,#2779,#2199,.T.);
#6035=ADVANCED_FACE('',(#6034),#6027,.T.);
#6047=ADVANCED_FACE('',(#6046),#6040,.T.);
#6055=EDGE_CURVE('',#2773,#2793,#2207,.T.);
#6060=ADVANCED_FACE('',(#6059),#6052,.T.);
#6067=EDGE_CURVE('',#2771,#2791,#2211,.T.);
#6073=ADVANCED_FACE('',(#6072),#6065,.T.);
#6080=EDGE_CURVE('',#2769,#2789,#2215,.T.);
#6086=ADVANCED_FACE('',(#6085),#6078,.T.);
#6093=EDGE_CURVE('',#2767,#2787,#2219,.T.);
#6099=ADVANCED_FACE('',(#6098),#6091,.T.);
#6106=EDGE_CURVE('',#2765,#2785,#2223,.T.);
#6112=ADVANCED_FACE('',(#6111),#6104,.T.);
#6119=EDGE_CURVE('',#2764,#2784,#2227,.T.);
#6125=ADVANCED_FACE('',(#6124),#6117,.T.);
#6132=EDGE_CURVE('',#2775,#2795,#2231,.T.);
#6138=ADVANCED_FACE('',(#6137),#6130,.F.);
#6150=ADVANCED_FACE('',(#6149),#6143,.T.);
#6157=EDGE_CURVE('',#2859,#2818,#2236,.T.);
#6159=EDGE_CURVE('',#2818,#2819,#2240,.T.);
#6161=EDGE_CURVE('',#2819,#2821,#2244,.T.);
#6163=EDGE_CURVE('',#2821,#2865,#2248,.T.);
#6168=ADVANCED_FACE('',(#6167),#6155,.F.);
#6175=EDGE_CURVE('',#2871,#2835,#2252,.T.);
#6177=EDGE_CURVE('',#2835,#2824,#2257,.T.);
#6179=EDGE_CURVE('',#2824,#2825,#2261,.T.);
#6181=EDGE_CURVE('',#2825,#2827,#2266,.T.);
#6183=EDGE_CURVE('',#2827,#2829,#2270,.T.);
#6185=EDGE_CURVE('',#2829,#2831,#2274,.T.);
#6187=EDGE_CURVE('',#2831,#2833,#2278,.T.);
#6189=EDGE_CURVE('',#2833,#2870,#2282,.T.);
#6193=ADVANCED_FACE('',(#6192),#6173,.F.);
#6200=EDGE_CURVE('',#2863,#2838,#2299,.T.);
#6202=EDGE_CURVE('',#2818,#2838,#2345,.T.);
#6207=ADVANCED_FACE('',(#6206),#6198,.T.);
#6215=EDGE_CURVE('',#2841,#2867,#2286,.T.);
#6217=EDGE_CURVE('',#2839,#2841,#2290,.T.);
#6219=EDGE_CURVE('',#2838,#2839,#2294,.T.);
#6224=ADVANCED_FACE('',(#6223),#6212,.T.);
#6231=EDGE_CURVE('',#2853,#2874,#2303,.T.);
#6233=EDGE_CURVE('',#2851,#2853,#2307,.T.);
#6235=EDGE_CURVE('',#2849,#2851,#2311,.T.);
#6237=EDGE_CURVE('',#2847,#2849,#2315,.T.);
#6239=EDGE_CURVE('',#2845,#2847,#2320,.T.);
#6241=EDGE_CURVE('',#2844,#2845,#2324,.T.);
#6243=EDGE_CURVE('',#2855,#2844,#2329,.T.);
#6245=EDGE_CURVE('',#2875,#2855,#2333,.T.);
#6249=ADVANCED_FACE('',(#6248),#6229,.T.);
#6257=EDGE_CURVE('',#2821,#2841,#2337,.T.);
#6262=ADVANCED_FACE('',(#6261),#6254,.T.);
#6269=EDGE_CURVE('',#2819,#2839,#2341,.T.);
#6275=ADVANCED_FACE('',(#6274),#6267,.T.);
#6287=ADVANCED_FACE('',(#6286),#6280,.T.);
#6295=EDGE_CURVE('',#2833,#2853,#2349,.T.);
#6300=ADVANCED_FACE('',(#6299),#6292,.T.);
#6307=EDGE_CURVE('',#2831,#2851,#2353,.T.);
#6313=ADVANCED_FACE('',(#6312),#6305,.T.);
#6320=EDGE_CURVE('',#2829,#2849,#2357,.T.);
#6326=ADVANCED_FACE('',(#6325),#6318,.T.);
#6333=EDGE_CURVE('',#2827,#2847,#2361,.T.);
#6339=ADVANCED_FACE('',(#6338),#6331,.T.);
#6346=EDGE_CURVE('',#2825,#2845,#2365,.T.);
#6352=ADVANCED_FACE('',(#6351),#6344,.T.);
#6359=EDGE_CURVE('',#2824,#2844,#2369,.T.);
#6365=ADVANCED_FACE('',(#6364),#6357,.T.);
#6372=EDGE_CURVE('',#2835,#2855,#2373,.T.);
#6378=ADVANCED_FACE('',(#6377),#6370,.F.);
#6390=ADVANCED_FACE('',(#6389),#6383,.T.);
#6397=EDGE_CURVE('',#2919,#2878,#2378,.T.);
#6399=EDGE_CURVE('',#2878,#2879,#2382,.T.);
#6401=EDGE_CURVE('',#2879,#2881,#2386,.T.);
#6403=EDGE_CURVE('',#2881,#2925,#2390,.T.);
#6408=ADVANCED_FACE('',(#6407),#6395,.F.);
#6415=EDGE_CURVE('',#2931,#2895,#2394,.T.);
#6417=EDGE_CURVE('',#2895,#2884,#2399,.T.);
#6419=EDGE_CURVE('',#2884,#2885,#2403,.T.);
#6421=EDGE_CURVE('',#2885,#2887,#2408,.T.);
#6423=EDGE_CURVE('',#2887,#2889,#2412,.T.);
#6425=EDGE_CURVE('',#2889,#2891,#2416,.T.);
#6427=EDGE_CURVE('',#2891,#2893,#2420,.T.);
#6429=EDGE_CURVE('',#2893,#2930,#2424,.T.);
#6433=ADVANCED_FACE('',(#6432),#6413,.F.);
#6440=EDGE_CURVE('',#2923,#2898,#2441,.T.);
#6442=EDGE_CURVE('',#2878,#2898,#2487,.T.);
#6447=ADVANCED_FACE('',(#6446),#6438,.T.);
#6455=EDGE_CURVE('',#2901,#2927,#2428,.T.);
#6457=EDGE_CURVE('',#2899,#2901,#2432,.T.);
#6459=EDGE_CURVE('',#2898,#2899,#2436,.T.);
#6464=ADVANCED_FACE('',(#6463),#6452,.T.);
#6471=EDGE_CURVE('',#2913,#2934,#2445,.T.);
#6473=EDGE_CURVE('',#2911,#2913,#2449,.T.);
#6475=EDGE_CURVE('',#2909,#2911,#2453,.T.);
#6477=EDGE_CURVE('',#2907,#2909,#2457,.T.);
#6479=EDGE_CURVE('',#2905,#2907,#2462,.T.);
#6481=EDGE_CURVE('',#2904,#2905,#2466,.T.);
#6483=EDGE_CURVE('',#2915,#2904,#2471,.T.);
#6485=EDGE_CURVE('',#2935,#2915,#2475,.T.);
#6489=ADVANCED_FACE('',(#6488),#6469,.T.);
#6497=EDGE_CURVE('',#2881,#2901,#2479,.T.);
#6502=ADVANCED_FACE('',(#6501),#6494,.T.);
#6509=EDGE_CURVE('',#2879,#2899,#2483,.T.);
#6515=ADVANCED_FACE('',(#6514),#6507,.T.);
#6527=ADVANCED_FACE('',(#6526),#6520,.T.);
#6535=EDGE_CURVE('',#2893,#2913,#2491,.T.);
#6540=ADVANCED_FACE('',(#6539),#6532,.T.);
#6547=EDGE_CURVE('',#2891,#2911,#2495,.T.);
#6553=ADVANCED_FACE('',(#6552),#6545,.T.);
#6560=EDGE_CURVE('',#2889,#2909,#2499,.T.);
#6566=ADVANCED_FACE('',(#6565),#6558,.T.);
#6573=EDGE_CURVE('',#2887,#2907,#2503,.T.);
#6579=ADVANCED_FACE('',(#6578),#6571,.T.);
#6586=EDGE_CURVE('',#2885,#2905,#2507,.T.);
#6592=ADVANCED_FACE('',(#6591),#6584,.T.);
#6599=EDGE_CURVE('',#2884,#2904,#2511,.T.);
#6605=ADVANCED_FACE('',(#6604),#6597,.T.);
#6612=EDGE_CURVE('',#2895,#2915,#2515,.T.);
#6618=ADVANCED_FACE('',(#6617),#6610,.F.);
#6630=ADVANCED_FACE('',(#6629),#6623,.T.);
#6638=EDGE_CURVE('',#2953,#2973,#2519,.T.);
#6643=ADVANCED_FACE('',(#6642),#6635,.T.);
#6650=EDGE_CURVE('',#2951,#2971,#2523,.T.);
#6656=ADVANCED_FACE('',(#6655),#6648,.T.);
#6663=EDGE_CURVE('',#2949,#2969,#2527,.T.);
#6669=ADVANCED_FACE('',(#6668),#6661,.T.);
#6676=EDGE_CURVE('',#2947,#2967,#2531,.T.);
#6682=ADVANCED_FACE('',(#6681),#6674,.T.);
#6689=EDGE_CURVE('',#2945,#2965,#2535,.T.);
#6695=ADVANCED_FACE('',(#6694),#6687,.T.);
#6702=EDGE_CURVE('',#2944,#2964,#2539,.T.);
#6708=ADVANCED_FACE('',(#6707),#6700,.T.);
#6715=EDGE_CURVE('',#2955,#2975,#2543,.T.);
#6721=ADVANCED_FACE('',(#6720),#6713,.F.);
#6733=ADVANCED_FACE('',(#6732),#6726,.T.);
#6736=(LENGTH_UNIT()NAMED_UNIT(*)SI_UNIT(.MILLI.,.METRE.));
#6737=(NAMED_UNIT(*)PLANE_ANGLE_UNIT()SI_UNIT($,.RADIAN.));
#6740=(NAMED_UNIT(*)SI_UNIT($,.STERADIAN.)SOLID_ANGLE_UNIT());
#6742=(GEOMETRIC_REPRESENTATION_CONTEXT(3)GLOBAL_UNCERTAINTY_ASSIGNED_CONTEXT((
#6741))GLOBAL_UNIT_ASSIGNED_CONTEXT((#6736,#6739,#6740))REPRESENTATION_CONTEXT(
'ID1','3'));
#6743=ADVANCED_BREP_SHAPE_REPRESENTATION('',(#6735),#6742);
#6750=PRODUCT_DEFINITION('part definition','',#6749,#6746);
#6751=PRODUCT_DEFINITION_SHAPE('','SHAPE FOR C-1-1735042-0.',#6750);
#6752=SHAPE_ASPECT('','solid data associated with C-1-1735042-0',#6751,.F.);
#6753=PROPERTY_DEFINITION('',
'shape for solid data with which properties are associated',#6752);
#6754=SHAPE_REPRESENTATION('',(#6735),#6742);
#6755=SHAPE_DEFINITION_REPRESENTATION(#6753,#6754);
#6756=(LENGTH_UNIT()NAMED_UNIT(*)SI_UNIT(.MILLI.,.METRE.));
#6760=PROPERTY_DEFINITION('geometric validation property',
'area of C-1-1735042-0',#6752);
#6761=REPRESENTATION('surface area',(#6759),#6742);
#6762=PROPERTY_DEFINITION_REPRESENTATION(#6760,#6761);
#6763=(LENGTH_UNIT()NAMED_UNIT(*)SI_UNIT(.MILLI.,.METRE.));
#6767=PROPERTY_DEFINITION('geometric validation property',
'volume of C-1-1735042-0',#6752);
#6768=REPRESENTATION('volume',(#6766),#6742);
#6769=PROPERTY_DEFINITION_REPRESENTATION(#6767,#6768);
#6771=PROPERTY_DEFINITION('geometric validation property',
'centroid of C-1-1735042-0',#6752);
#6772=REPRESENTATION('centroid',(#6770),#6742);
#6773=PROPERTY_DEFINITION_REPRESENTATION(#6771,#6772);
#6774=(LENGTH_UNIT()NAMED_UNIT(*)SI_UNIT(.MILLI.,.METRE.));
#6778=PROPERTY_DEFINITION('geometric validation property',
'area of C-1-1735042-0',#6751);
#6779=REPRESENTATION('surface area',(#6777),#6742);
#6780=PROPERTY_DEFINITION_REPRESENTATION(#6778,#6779);
#6781=(LENGTH_UNIT()NAMED_UNIT(*)SI_UNIT(.MILLI.,.METRE.));
#6785=PROPERTY_DEFINITION('geometric validation property',
'volume of C-1-1735042-0',#6751);
#6786=REPRESENTATION('volume',(#6784),#6742);
#6787=PROPERTY_DEFINITION_REPRESENTATION(#6785,#6786);
#6789=PROPERTY_DEFINITION('geometric validation property',
'centroid of C-1-1735042-0',#6751);
#6790=REPRESENTATION('centroid',(#6788),#6742);
#6791=PROPERTY_DEFINITION_REPRESENTATION(#6789,#6790);
#6792=SHAPE_DEFINITION_REPRESENTATION(#6751,#6743);
ENDSEC;
END-ISO-10303-21;
